2075,09:33:00,09:33:00,6997,7,0,0,1.8305
2075,09:35:00,09:35:00,6995,8,0,0,2.3551
2075,09:36:00,09:36:00,6957,9,0,0,2.6155
2075,09:37:00,09:37:00,14986,10,0,0,3.0839
2075,09:39:00,09:39:00,6966,11,0,0,3.6574
2075,09:41:00,09:41:00,14984,12,0,0,4.2068
2075,09:43:00,09:43:00,6907,13,0,0,4.7184
2075,09:45:00,09:45:00,26316,14,0,0,5.2634
2075,09:49:00,09:49:00,38064,15,0,0,5.6881
2075,09:51:00,09:51:00,38065,16,0,0,6.0843
2076,09:39:00,09:39:00,39130,1,0,0,0.0000
2076,09:42:00,09:42:00,39132,2,0,0,0.2799
2076,09:45:00,09:45:00,39134,3,0,0,0.7195
2076,09:48:00,09:48:00,42545,4,0,0,1.2129
2076,09:51:00,09:51:00,26326,5,0,0,1.2223
2076,09:52:00,09:52:00,6900,6,0,0,1.6500
2076,09:53:00,09:53:00,6997,7,0,0,1.8305
2076,09:55:00,09:55:00,6995,8,0,0,2.3551
2076,09:56:00,09:56:00,6957,9,0,0,2.6155
2076,09:57:00,09:57:00,14986,10,0,0,3.0839
2076,09:59:00,09:59:00,6966,11,0,0,3.6574
2076,10:01:00,10:01:00,14984,12,0,0,4.2068
2076,10:03:00,10:03:00,6907,13,0,0,4.7184
2076,10:05:00,10:05:00,26316,14,0,0,5.2634
2076,10:09:00,10:09:00,38064,15,0,0,5.6881
2076,10:11:00,10:11:00,38065,16,0,0,6.0843
2077,09:59:00,09:59:00,39130,1,0,0,0.0000
2077,10:02:00,10:02:00,39132,2,0,0,0.2799
2077,10:05:00,10:05:00,39134,3,0,0,0.7195
2077,10:08:00,10:08:00,42545,4,0,0,1.2129
2077,10:11:00,10:11:00,26326,5,0,0,1.2223
2077,10:12:00,10:12:00,6900,6,0,0,1.6500
2077,10:13:00,10:13:00,6997,7,0,0,1.8305
2077,10:15:00,10:15:00,6995,8,0,0,2.3551
2077,10:16:00,10:16:00,6957,9,0,0,2.6155
2077,10:17:00,10:17:00,14986,10,0,0,3.0839
2077,10:19:00,10:19:00,6966,11,0,0,3.6574
2077,10:21:00,10:21:00,14984,12,0,0,4.2068
2077,10:23:00,10:23:00,6907,13,0,0,4.7184
2077,10:25:00,10:25:00,26316,14,0,0,5.2634
2077,10:29:00,10:29:00,38064,15,0,0,5.6881
2077,10:31:00,10:31:00,38065,16,0,0,6.0843
2078,10:19:00,10:19:00,39130,1,0,0,0.0000
2078,10:22:00,10:22:00,39132,2,0,0,0.2799
2078,10:25:00,10:25:00,39134,3,0,0,0.7195
2078,10:28:00,10:28:00,42545,4,0,0,1.2129
2078,10:31:00,10:31:00,26326,5,0,0,1.2223
2078,10:32:00,10:32:00,6900,6,0,0,1.6500
2078,10:33:00,10:33:00,6997,7,0,0,1.8305
2078,10:35:00,10:35:00,6995,8,0,0,2.3551
2078,10:36:00,10:36:00,6957,9,0,0,2.6155
2078,10:37:00,10:37:00,14986,10,0,0,3.0839
2078,10:39:00,10:39:00,6966,11,0,0,3.6574
2078,10:41:00,10:41:00,14984,12,0,0,4.2068
2078,10:43:00,10:43:00,6907,13,0,0,4.7184
2078,10:45:00,10:45:00,26316,14,0,0,5.2634
2078,10:49:00,10:49:00,38064,15,0,0,5.6881
2078,10:51:00,10:51:00,38065,16,0,0,6.0843
2079,10:39:00,10:39:00,39130,1,0,0,0.0000
2079,10:42:00,10:42:00,39132,2,0,0,0.2799
2079,10:45:00,10:45:00,39134,3,0,0,0.7195
2079,10:48:00,10:48:00,42545,4,0,0,1.2129
2079,10:51:00,10:51:00,26326,5,0,0,1.2223
2079,10:52:00,10:52:00,6900,6,0,0,1.6500
2079,10:53:00,10:53:00,6997,7,0,0,1.8305
2079,10:55:00,10:55:00,6995,8,0,0,2.3551
2079,10:56:00,10:56:00,6957,9,0,0,2.6155
2079,10:57:00,10:57:00,14986,10,0,0,3.0839
2079,10:59:00,10:59:00,6966,11,0,0,3.6574
2079,11:01:00,11:01:00,14984,12,0,0,4.2068
2079,11:03:00,11:03:00,6907,13,0,0,4.7184
2079,11:05:00,11:05:00,26316,14,0,0,5.2634
2079,11:09:00,11:09:00,38064,15,0,0,5.6881
2079,11:11:00,11:11:00,38065,16,0,0,6.0843
2080,10:59:00,10:59:00,39130,1,0,0,0.0000
2080,11:02:00,11:02:00,39132,2,0,0,0.2799
2080,11:05:00,11:05:00,39134,3,0,0,0.7195
2080,11:08:00,11:08:00,42545,4,0,0,1.2129
2080,11:11:00,11:11:00,26326,5,0,0,1.2223
2080,11:12:00,11:12:00,6900,6,0,0,1.6500
2080,11:13:00,11:13:00,6997,7,0,0,1.8305
2080,11:15:00,11:15:00,6995,8,0,0,2.3551
2080,11:16:00,11:16:00,6957,9,0,0,2.6155
2080,11:17:00,11:17:00,14986,10,0,0,3.0839
2080,11:19:00,11:19:00,6966,11,0,0,3.6574
2080,11:21:00,11:21:00,14984,12,0,0,4.2068
2080,11:23:00,11:23:00,6907,13,0,0,4.7184
2080,11:25:00,11:25:00,26316,14,0,0,5.2634
2080,11:29:00,11:29:00,38064,15,0,0,5.6881
2080,11:31:00,11:31:00,38065,16,0,0,6.0843
2081,11:19:00,11:19:00,39130,1,0,0,0.0000
2081,11:22:00,11:22:00,39132,2,0,0,0.2799
2081,11:25:00,11:25:00,39134,3,0,0,0.7195
2081,11:28:00,11:28:00,42545,4,0,0,1.2129
2081,11:31:00,11:31:00,26326,5,0,0,1.2223
2081,11:32:00,11:32:00,6900,6,0,0,1.6500
2081,11:33:00,11:33:00,6997,7,0,0,1.8305
2081,11:35:00,11:35:00,6995,8,0,0,2.3551
2081,11:36:00,11:36:00,6957,9,0,0,2.6155
2081,11:37:00,11:37:00,14986,10,0,0,3.0839
2081,11:39:00,11:39:00,6966,11,0,0,3.6574
2081,11:41:00,11:41:00,14984,12,0,0,4.2068
2081,11:43:00,11:43:00,6907,13,0,0,4.7184
2081,11:45:00,11:45:00,26316,14,0,0,5.2634
2081,11:49:00,11:49:00,38064,15,0,0,5.6881
2081,11:51:00,11:51:00,38065,16,0,0,6.0843
2082,11:39:00,11:39:00,39130,1,0,0,0.0000
2082,11:42:00,11:42:00,39132,2,0,0,0.2799
2082,11:45:00,11:45:00,39134,3,0,0,0.7195
2082,11:48:00,11:48:00,42545,4,0,0,1.2129
2082,11:51:00,11:51:00,26326,5,0,0,1.2223
2082,11:52:00,11:52:00,6900,6,0,0,1.6500
2082,11:53:00,11:53:00,6997,7,0,0,1.8305
2082,11:55:00,11:55:00,6995,8,0,0,2.3551
2082,11:56:00,11:56:00,6957,9,0,0,2.6155
2082,11:57:00,11:57:00,14986,10,0,0,3.0839
2082,11:59:00,11:59:00,6966,11,0,0,3.6574
2082,12:01:00,12:01:00,14984,12,0,0,4.2068
2082,12:03:00,12:03:00,6907,13,0,0,4.7184
2082,12:05:00,12:05:00,26316,14,0,0,5.2634
2082,12:09:00,12:09:00,38064,15,0,0,5.6881
2082,12:11:00,12:11:00,38065,16,0,0,6.0843
2083,11:59:00,11:59:00,39130,1,0,0,0.0000
2083,12:02:00,12:02:00,39132,2,0,0,0.2799
2083,12:05:00,12:05:00,39134,3,0,0,0.7195
2083,12:08:00,12:08:00,42545,4,0,0,1.2129
2083,12:11:00,12:11:00,26326,5,0,0,1.2223
2083,12:12:00,12:12:00,6900,6,0,0,1.6500
2083,12:13:00,12:13:00,6997,7,0,0,1.8305
2083,12:15:00,12:15:00,6995,8,0,0,2.3551
2083,12:16:00,12:16:00,6957,9,0,0,2.6155
2083,12:17:00,12:17:00,14986,10,0,0,3.0839
2083,12:19:00,12:19:00,6966,11,0,0,3.6574
2083,12:21:00,12:21:00,14984,12,0,0,4.2068
2083,12:23:00,12:23:00,6907,13,0,0,4.7184
2083,12:25:00,12:25:00,26316,14,0,0,5.2634
2083,12:29:00,12:29:00,38064,15,0,0,5.6881
2083,12:31:00,12:31:00,38065,16,0,0,6.0843
2084,12:19:00,12:19:00,39130,1,0,0,0.0000
2084,12:22:00,12:22:00,39132,2,0,0,0.2799
2084,12:25:00,12:25:00,39134,3,0,0,0.7195
2084,12:28:00,12:28:00,42545,4,0,0,1.2129
2084,12:31:00,12:31:00,26326,5,0,0,1.2223
2084,12:32:00,12:32:00,6900,6,0,0,1.6500
2084,12:33:00,12:33:00,6997,7,0,0,1.8305
2084,12:35:00,12:35:00,6995,8,0,0,2.3551
2084,12:36:00,12:36:00,6957,9,0,0,2.6155
2084,12:37:00,12:37:00,14986,10,0,0,3.0839
2084,12:39:00,12:39:00,6966,11,0,0,3.6574
2084,12:41:00,12:41:00,14984,12,0,0,4.2068
2084,12:43:00,12:43:00,6907,13,0,0,4.7184
2084,12:45:00,12:45:00,26316,14,0,0,5.2634
2084,12:49:00,12:49:00,38064,15,0,0,5.6881
2084,12:51:00,12:51:00,38065,16,0,0,6.0843
2085,12:39:00,12:39:00,39130,1,0,0,0.0000
2085,12:42:00,12:42:00,39132,2,0,0,0.2799
2085,12:45:00,12:45:00,39134,3,0,0,0.7195
2085,12:48:00,12:48:00,42545,4,0,0,1.2129
2085,12:51:00,12:51:00,26326,5,0,0,1.2223
2085,12:52:00,12:52:00,6900,6,0,0,1.6500
2085,12:53:00,12:53:00,6997,7,0,0,1.8305
2085,12:55:00,12:55:00,6995,8,0,0,2.3551
2085,12:56:00,12:56:00,6957,9,0,0,2.6155
2085,12:57:00,12:57:00,14986,10,0,0,3.0839
2085,12:59:00,12:59:00,6966,11,0,0,3.6574
2085,13:01:00,13:01:00,14984,12,0,0,4.2068
2085,13:03:00,13:03:00,6907,13,0,0,4.7184
2085,13:05:00,13:05:00,26316,14,0,0,5.2634
2085,13:09:00,13:09:00,38064,15,0,0,5.6881
2085,13:11:00,13:11:00,38065,16,0,0,6.0843
2086,12:59:00,12:59:00,39130,1,0,0,0.0000
2086,13:02:00,13:02:00,39132,2,0,0,0.2799
2086,13:05:00,13:05:00,39134,3,0,0,0.7195
2086,13:08:00,13:08:00,42545,4,0,0,1.2129
2086,13:11:00,13:11:00,26326,5,0,0,1.2223
2086,13:12:00,13:12:00,6900,6,0,0,1.6500
2086,13:13:00,13:13:00,6997,7,0,0,1.8305
2086,13:15:00,13:15:00,6995,8,0,0,2.3551
2086,13:16:00,13:16:00,6957,9,0,0,2.6155
2086,13:17:00,13:17:00,14986,10,0,0,3.0839
2086,13:19:00,13:19:00,6966,11,0,0,3.6574
2086,13:21:00,13:21:00,14984,12,0,0,4.2068
2086,13:23:00,13:23:00,6907,13,0,0,4.7184
2086,13:25:00,13:25:00,26316,14,0,0,5.2634
2086,13:29:00,13:29:00,38064,15,0,0,5.6881
2086,13:31:00,13:31:00,38065,16,0,0,6.0843
2087,13:19:00,13:19:00,39130,1,0,0,0.0000
2087,13:22:00,13:22:00,39132,2,0,0,0.2799
2087,13:25:00,13:25:00,39134,3,0,0,0.7195
2087,13:28:00,13:28:00,42545,4,0,0,1.2129
2087,13:31:00,13:31:00,26326,5,0,0,1.2223
2087,13:32:00,13:32:00,6900,6,0,0,1.6500
2087,13:33:00,13:33:00,6997,7,0,0,1.8305
2087,13:35:00,13:35:00,6995,8,0,0,2.3551
2087,13:36:00,13:36:00,6957,9,0,0,2.6155
2087,13:37:00,13:37:00,14986,10,0,0,3.0839
2087,13:39:00,13:39:00,6966,11,0,0,3.6574
2087,13:41:00,13:41:00,14984,12,0,0,4.2068
2087,13:43:00,13:43:00,6907,13,0,0,4.7184
2087,13:45:00,13:45:00,26316,14,0,0,5.2634
2087,13:49:00,13:49:00,38064,15,0,0,5.6881
2087,13:51:00,13:51:00,38065,16,0,0,6.0843
2088,13:39:00,13:39:00,39130,1,0,0,0.0000
2088,13:42:00,13:42:00,39132,2,0,0,0.2799
2088,13:45:00,13:45:00,39134,3,0,0,0.7195
2088,13:48:00,13:48:00,42545,4,0,0,1.2129
2088,13:51:00,13:51:00,26326,5,0,0,1.2223
2088,13:52:00,13:52:00,6900,6,0,0,1.6500
2088,13:53:00,13:53:00,6997,7,0,0,1.8305
2088,13:55:00,13:55:00,6995,8,0,0,2.3551
2088,13:56:00,13:56:00,6957,9,0,0,2.6155
2088,13:57:00,13:57:00,14986,10,0,0,3.0839
2088,13:59:00,13:59:00,6966,11,0,0,3.6574
2088,14:01:00,14:01:00,14984,12,0,0,4.2068
2088,14:03:00,14:03:00,6907,13,0,0,4.7184
2088,14:05:00,14:05:00,26316,14,0,0,5.2634
2088,14:09:00,14:09:00,38064,15,0,0,5.6881
2088,14:11:00,14:11:00,38065,16,0,0,6.0843
2089,13:59:00,13:59:00,39130,1,0,0,0.0000
2089,14:02:00,14:02:00,39132,2,0,0,0.2799
2089,14:05:00,14:05:00,39134,3,0,0,0.7195
2089,14:08:00,14:08:00,42545,4,0,0,1.2129
2089,14:11:00,14:11:00,26326,5,0,0,1.2223
2089,14:12:00,14:12:00,6900,6,0,0,1.6500
2089,14:13:00,14:13:00,6997,7,0,0,1.8305
2089,14:15:00,14:15:00,6995,8,0,0,2.3551
2089,14:16:00,14:16:00,6957,9,0,0,2.6155
2089,14:17:00,14:17:00,14986,10,0,0,3.0839
2089,14:19:00,14:19:00,6966,11,0,0,3.6574
2089,14:21:00,14:21:00,14984,12,0,0,4.2068
2089,14:23:00,14:23:00,6907,13,0,0,4.7184
2089,14:25:00,14:25:00,26316,14,0,0,5.2634
2089,14:29:00,14:29:00,38064,15,0,0,5.6881
2089,14:31:00,14:31:00,38065,16,0,0,6.0843
2090,14:19:00,14:19:00,39130,1,0,0,0.0000
2090,14:22:00,14:22:00,39132,2,0,0,0.2799
2090,14:25:00,14:25:00,39134,3,0,0,0.7195
2090,14:28:00,14:28:00,42545,4,0,0,1.2129
2090,14:31:00,14:31:00,26326,5,0,0,1.2223
2090,14:32:00,14:32:00,6900,6,0,0,1.6500
2090,14:33:00,14:33:00,6997,7,0,0,1.8305
2090,14:35:00,14:35:00,6995,8,0,0,2.3551
2090,14:36:00,14:36:00,6957,9,0,0,2.6155
2090,14:37:00,14:37:00,14986,10,0,0,3.0839
2090,14:39:00,14:39:00,6966,11,0,0,3.6574
2090,14:41:00,14:41:00,14984,12,0,0,4.2068
2090,14:43:00,14:43:00,6907,13,0,0,4.7184
2090,14:45:00,14:45:00,26316,14,0,0,5.2634
2090,14:49:00,14:49:00,38064,15,0,0,5.6881
2090,14:51:00,14:51:00,38065,16,0,0,6.0843
2091,14:39:00,14:39:00,39130,1,0,0,0.0000
2091,14:42:00,14:42:00,39132,2,0,0,0.2799
2091,14:45:00,14:45:00,39134,3,0,0,0.7195
2091,14:48:00,14:48:00,42545,4,0,0,1.2129
2091,14:51:00,14:51:00,26326,5,0,0,1.2223
2091,14:52:00,14:52:00,6900,6,0,0,1.6500
2091,14:53:00,14:53:00,6997,7,0,0,1.8305
2091,14:55:00,14:55:00,6995,8,0,0,2.3551
2091,14:56:00,14:56:00,6957,9,0,0,2.6155
2091,14:57:00,14:57:00,14986,10,0,0,3.0839
2091,14:59:00,14:59:00,6966,11,0,0,3.6574
2091,15:01:00,15:01:00,14984,12,0,0,4.2068
2091,15:03:00,15:03:00,6907,13,0,0,4.7184
2091,15:05:00,15:05:00,26316,14,0,0,5.2634
2091,15:09:00,15:09:00,38064,15,0,0,5.6881
2091,15:11:00,15:11:00,38065,16,0,0,6.0843
2092,14:59:00,14:59:00,39130,1,0,0,0.0000
2092,15:02:00,15:02:00,39132,2,0,0,0.2799
2092,15:05:00,15:05:00,39134,3,0,0,0.7195
2092,15:08:00,15:08:00,42545,4,0,0,1.2129
2092,15:11:00,15:11:00,26326,5,0,0,1.2223
2092,15:12:00,15:12:00,6900,6,0,0,1.6500
2092,15:13:00,15:13:00,6997,7,0,0,1.8305
2092,15:15:00,15:15:00,6995,8,0,0,2.3551
2092,15:16:00,15:16:00,6957,9,0,0,2.6155
2092,15:17:00,15:17:00,14986,10,0,0,3.0839
2092,15:19:00,15:19:00,6966,11,0,0,3.6574
2092,15:21:00,15:21:00,14984,12,0,0,4.2068
2092,15:23:00,15:23:00,6907,13,0,0,4.7184
2092,15:25:00,15:25:00,26316,14,0,0,5.2634
2092,15:29:00,15:29:00,38064,15,0,0,5.6881
2092,15:31:00,15:31:00,38065,16,0,0,6.0843
2093,15:19:00,15:19:00,39130,1,0,0,0.0000
2093,15:22:00,15:22:00,39132,2,0,0,0.2799
2093,15:25:00,15:25:00,39134,3,0,0,0.7195
2093,15:28:00,15:28:00,42545,4,0,0,1.2129
2093,15:31:00,15:31:00,26326,5,0,0,1.2223
2093,15:32:00,15:32:00,6900,6,0,0,1.6500
2093,15:33:00,15:33:00,6997,7,0,0,1.8305
2093,15:35:00,15:35:00,6995,8,0,0,2.3551
2093,15:36:00,15:36:00,6957,9,0,0,2.6155
2093,15:37:00,15:37:00,14986,10,0,0,3.0839
2093,15:39:00,15:39:00,6966,11,0,0,3.6574
2093,15:41:00,15:41:00,14984,12,0,0,4.2068
2093,15:43:00,15:43:00,6907,13,0,0,4.7184
2093,15:45:00,15:45:00,26316,14,0,0,5.2634
2093,15:49:00,15:49:00,38064,15,0,0,5.6881
2093,15:51:00,15:51:00,38065,16,0,0,6.0843
2094,15:39:00,15:39:00,39130,1,0,0,0.0000
2094,15:42:00,15:42:00,39132,2,0,0,0.2799
2094,15:45:00,15:45:00,39134,3,0,0,0.7195
2094,15:48:00,15:48:00,42545,4,0,0,1.2129
2094,15:51:00,15:51:00,26326,5,0,0,1.2223
2094,15:52:00,15:52:00,6900,6,0,0,1.6500
2094,15:53:00,15:53:00,6997,7,0,0,1.8305
2094,15:55:00,15:55:00,6995,8,0,0,2.3551
2094,15:56:00,15:56:00,6957,9,0,0,2.6155
2094,15:57:00,15:57:00,14986,10,0,0,3.0839
2094,15:59:00,15:59:00,6966,11,0,0,3.6574
2094,16:01:00,16:01:00,14984,12,0,0,4.2068
2094,16:03:00,16:03:00,6907,13,0,0,4.7184
2094,16:05:00,16:05:00,26316,14,0,0,5.2634
2094,16:09:00,16:09:00,38064,15,0,0,5.6881
2094,16:11:00,16:11:00,38065,16,0,0,6.0843
2095,15:59:00,15:59:00,39130,1,0,0,0.0000
2095,16:02:00,16:02:00,39132,2,0,0,0.2799
2095,16:05:00,16:05:00,39134,3,0,0,0.7195
2095,16:08:00,16:08:00,42545,4,0,0,1.2129
2095,16:11:00,16:11:00,26326,5,0,0,1.2223
2095,16:12:00,16:12:00,6900,6,0,0,1.6500
2095,16:13:00,16:13:00,6997,7,0,0,1.8305
2095,16:15:00,16:15:00,6995,8,0,0,2.3551
2095,16:16:00,16:16:00,6957,9,0,0,2.6155
2095,16:17:00,16:17:00,14986,10,0,0,3.0839
2095,16:19:00,16:19:00,6966,11,0,0,3.6574
2095,16:21:00,16:21:00,14984,12,0,0,4.2068
2095,16:23:00,16:23:00,6907,13,0,0,4.7184
2095,16:25:00,16:25:00,26316,14,0,0,5.2634
2095,16:29:00,16:29:00,38064,15,0,0,5.6881
2095,16:31:00,16:31:00,38065,16,0,0,6.0843
2096,16:19:00,16:19:00,39130,1,0,0,0.0000
2096,16:22:00,16:22:00,39132,2,0,0,0.2799
2096,16:25:00,16:25:00,39134,3,0,0,0.7195
2096,16:28:00,16:28:00,42545,4,0,0,1.2129
2096,16:31:00,16:31:00,26326,5,0,0,1.2223
2096,16:32:00,16:32:00,6900,6,0,0,1.6500
2096,16:33:00,16:33:00,6997,7,0,0,1.8305
2096,16:35:00,16:35:00,6995,8,0,0,2.3551
2096,16:36:00,16:36:00,6957,9,0,0,2.6155
2096,16:37:00,16:37:00,14986,10,0,0,3.0839
2096,16:39:00,16:39:00,6966,11,0,0,3.6574
2096,16:41:00,16:41:00,14984,12,0,0,4.2068
2096,16:43:00,16:43:00,6907,13,0,0,4.7184
2096,16:45:00,16:45:00,26316,14,0,0,5.2634
2096,16:49:00,16:49:00,38064,15,0,0,5.6881
2096,16:51:00,16:51:00,38065,16,0,0,6.0843
2097,16:39:00,16:39:00,39130,1,0,0,0.0000
2097,16:42:00,16:42:00,39132,2,0,0,0.2799
2097,16:45:00,16:45:00,39134,3,0,0,0.7195
2097,16:48:00,16:48:00,42545,4,0,0,1.2129
2097,16:51:00,16:51:00,26326,5,0,0,1.2223
2097,16:52:00,16:52:00,6900,6,0,0,1.6500
2097,16:53:00,16:53:00,6997,7,0,0,1.8305
2097,16:55:00,16:55:00,6995,8,0,0,2.3551
2097,16:56:00,16:56:00,6957,9,0,0,2.6155
2097,16:57:00,16:57:00,14986,10,0,0,3.0839
2097,16:59:00,16:59:00,6966,11,0,0,3.6574
2097,17:01:00,17:01:00,14984,12,0,0,4.2068
2097,17:03:00,17:03:00,6907,13,0,0,4.7184
2097,17:05:00,17:05:00,26316,14,0,0,5.2634
2097,17:09:00,17:09:00,38064,15,0,0,5.6881
2097,17:11:00,17:11:00,38065,16,0,0,6.0843
2098,16:59:00,16:59:00,39130,1,0,0,0.0000
2098,17:02:00,17:02:00,39132,2,0,0,0.2799
2098,17:05:00,17:05:00,39134,3,0,0,0.7195
2098,17:08:00,17:08:00,42545,4,0,0,1.2129
2098,17:11:00,17:11:00,26326,5,0,0,1.2223
2098,17:12:00,17:12:00,6900,6,0,0,1.6500
2098,17:13:00,17:13:00,6997,7,0,0,1.8305
2098,17:15:00,17:15:00,6995,8,0,0,2.3551
2098,17:16:00,17:16:00,6957,9,0,0,2.6155
2098,17:17:00,17:17:00,14986,10,0,0,3.0839
2098,17:19:00,17:19:00,6966,11,0,0,3.6574
2098,17:21:00,17:21:00,14984,12,0,0,4.2068
2098,17:23:00,17:23:00,6907,13,0,0,4.7184
2098,17:25:00,17:25:00,26316,14,0,0,5.2634
2098,17:29:00,17:29:00,38064,15,0,0,5.6881
2098,17:31:00,17:31:00,38065,16,0,0,6.0843
2099,17:19:00,17:19:00,39130,1,0,0,0.0000
2099,17:22:00,17:22:00,39132,2,0,0,0.2799
2099,17:25:00,17:25:00,39134,3,0,0,0.7195
2099,17:28:00,17:28:00,42545,4,0,0,1.2129
2099,17:31:00,17:31:00,26326,5,0,0,1.2223
2099,17:32:00,17:32:00,6900,6,0,0,1.6500
2099,17:33:00,17:33:00,6997,7,0,0,1.8305
2099,17:35:00,17:35:00,6995,8,0,0,2.3551
2099,17:36:00,17:36:00,6957,9,0,0,2.6155
2099,17:37:00,17:37:00,14986,10,0,0,3.0839
2099,17:39:00,17:39:00,6966,11,0,0,3.6574
2099,17:41:00,17:41:00,14984,12,0,0,4.2068
2099,17:43:00,17:43:00,6907,13,0,0,4.7184
2099,17:45:00,17:45:00,26316,14,0,0,5.2634
2099,17:49:00,17:49:00,38064,15,0,0,5.6881
2099,17:51:00,17:51:00,38065,16,0,0,6.0843
2100,17:39:00,17:39:00,39130,1,0,0,0.0000
2100,17:42:00,17:42:00,39132,2,0,0,0.2799
2100,17:45:00,17:45:00,39134,3,0,0,0.7195
2100,17:48:00,17:48:00,42545,4,0,0,1.2129
2100,17:51:00,17:51:00,26326,5,0,0,1.2223
2100,17:52:00,17:52:00,6900,6,0,0,1.6500
2100,17:53:00,17:53:00,6997,7,0,0,1.8305
2100,17:55:00,17:55:00,6995,8,0,0,2.3551
2100,17:56:00,17:56:00,6957,9,0,0,2.6155
2100,17:57:00,17:57:00,14986,10,0,0,3.0839
2100,17:59:00,17:59:00,6966,11,0,0,3.6574
2100,18:01:00,18:01:00,14984,12,0,0,4.2068
2100,18:03:00,18:03:00,6907,13,0,0,4.7184
2100,18:05:00,18:05:00,26316,14,0,0,5.2634
2100,18:09:00,18:09:00,38064,15,0,0,5.6881
2100,18:11:00,18:11:00,38065,16,0,0,6.0843
2101,17:59:00,17:59:00,39130,1,0,0,0.0000
2101,18:02:00,18:02:00,39132,2,0,0,0.2799
2101,18:05:00,18:05:00,39134,3,0,0,0.7195
2101,18:08:00,18:08:00,42545,4,0,0,1.2129
2101,18:11:00,18:11:00,26326,5,0,0,1.2223
2101,18:12:00,18:12:00,6900,6,0,0,1.6500
2101,18:13:00,18:13:00,6997,7,0,0,1.8305
2101,18:15:00,18:15:00,6995,8,0,0,2.3551
2101,18:16:00,18:16:00,6957,9,0,0,2.6155
2101,18:17:00,18:17:00,14986,10,0,0,3.0839
2101,18:19:00,18:19:00,6966,11,0,0,3.6574
2101,18:21:00,18:21:00,14984,12,0,0,4.2068
2101,18:23:00,18:23:00,6907,13,0,0,4.7184
2101,18:25:00,18:25:00,26316,14,0,0,5.2634
2101,18:29:00,18:29:00,38064,15,0,0,5.6881
2101,18:31:00,18:31:00,38065,16,0,0,6.0843
2102,18:19:00,18:19:00,39130,1,0,0,0.0000
2102,18:22:00,18:22:00,39132,2,0,0,0.2799
2102,18:25:00,18:25:00,39134,3,0,0,0.7195
2102,18:28:00,18:28:00,42545,4,0,0,1.2129
2102,18:31:00,18:31:00,26326,5,0,0,1.2223
2102,18:32:00,18:32:00,6900,6,0,0,1.6500
2102,18:33:00,18:33:00,6997,7,0,0,1.8305
2102,18:35:00,18:35:00,6995,8,0,0,2.3551
2102,18:36:00,18:36:00,6957,9,0,0,2.6155
2102,18:37:00,18:37:00,14986,10,0,0,3.0839
2102,18:39:00,18:39:00,6966,11,0,0,3.6574
2102,18:41:00,18:41:00,14984,12,0,0,4.2068
2102,18:43:00,18:43:00,6907,13,0,0,4.7184
2102,18:45:00,18:45:00,26316,14,0,0,5.2634
2102,18:49:00,18:49:00,38064,15,0,0,5.6881
2102,18:51:00,18:51:00,38065,16,0,0,6.0843
2103,18:39:00,18:39:00,39130,1,0,0,0.0000
2103,18:42:00,18:42:00,39132,2,0,0,0.2799
2103,18:45:00,18:45:00,39134,3,0,0,0.7195
2103,18:48:00,18:48:00,42545,4,0,0,1.2129
2103,18:51:00,18:51:00,26326,5,0,0,1.2223
2103,18:52:00,18:52:00,6900,6,0,0,1.6500
2103,18:53:00,18:53:00,6997,7,0,0,1.8305
2103,18:55:00,18:55:00,6995,8,0,0,2.3551
2103,18:56:00,18:56:00,6957,9,0,0,2.6155
2103,18:57:00,18:57:00,14986,10,0,0,3.0839
2103,18:59:00,18:59:00,6966,11,0,0,3.6574
2103,19:01:00,19:01:00,14984,12,0,0,4.2068
2103,19:03:00,19:03:00,6907,13,0,0,4.7184
2103,19:05:00,19:05:00,26316,14,0,0,5.2634
2103,19:09:00,19:09:00,38064,15,0,0,5.6881
2103,19:11:00,19:11:00,38065,16,0,0,6.0843
2104,18:59:00,18:59:00,39130,1,0,0,0.0000
2104,19:02:00,19:02:00,39132,2,0,0,0.2799
2104,19:05:00,19:05:00,39134,3,0,0,0.7195
2104,19:08:00,19:08:00,42545,4,0,0,1.2129
2104,19:11:00,19:11:00,26326,5,0,0,1.2223
2104,19:12:00,19:12:00,6900,6,0,0,1.6500
2104,19:13:00,19:13:00,6997,7,0,0,1.8305
2104,19:15:00,19:15:00,6995,8,0,0,2.3551
2104,19:16:00,19:16:00,6957,9,0,0,2.6155
2104,19:17:00,19:17:00,14986,10,0,0,3.0839
2104,19:19:00,19:19:00,6966,11,0,0,3.6574
2104,19:21:00,19:21:00,14984,12,0,0,4.2068
2104,19:23:00,19:23:00,6907,13,0,0,4.7184
2104,19:25:00,19:25:00,26316,14,0,0,5.2634
2104,19:29:00,19:29:00,38064,15,0,0,5.6881
2104,19:31:00,19:31:00,38065,16,0,0,6.0843
2105,19:19:00,19:19:00,39130,1,0,0,0.0000
2105,19:22:00,19:22:00,39132,2,0,0,0.2799
2105,19:25:00,19:25:00,39134,3,0,0,0.7195
2105,19:28:00,19:28:00,42545,4,0,0,1.2129
2105,19:31:00,19:31:00,26326,5,0,0,1.2223
2105,19:32:00,19:32:00,6900,6,0,0,1.6500
2105,19:33:00,19:33:00,6997,7,0,0,1.8305
2105,19:35:00,19:35:00,6995,8,0,0,2.3551
2105,19:36:00,19:36:00,6957,9,0,0,2.6155
2105,19:37:00,19:37:00,14986,10,0,0,3.0839
2105,19:39:00,19:39:00,6966,11,0,0,3.6574
2105,19:41:00,19:41:00,14984,12,0,0,4.2068
2105,19:43:00,19:43:00,6907,13,0,0,4.7184
2105,19:45:00,19:45:00,26316,14,0,0,5.2634
2105,19:49:00,19:49:00,38064,15,0,0,5.6881
2105,19:51:00,19:51:00,38065,16,0,0,6.0843
2106,19:39:00,19:39:00,39130,1,0,0,0.0000
2106,19:42:00,19:42:00,39132,2,0,0,0.2799
2106,19:45:00,19:45:00,39134,3,0,0,0.7195
2106,19:48:00,19:48:00,42545,4,0,0,1.2129
2106,19:51:00,19:51:00,26326,5,0,0,1.2223
2106,19:52:00,19:52:00,6900,6,0,0,1.6500
2106,19:53:00,19:53:00,6997,7,0,0,1.8305
2106,19:55:00,19:55:00,6995,8,0,0,2.3551
2106,19:56:00,19:56:00,6957,9,0,0,2.6155
2106,19:57:00,19:57:00,14986,10,0,0,3.0839
2106,19:59:00,19:59:00,6966,11,0,0,3.6574
2106,20:01:00,20:01:00,14984,12,0,0,4.2068
2106,20:03:00,20:03:00,6907,13,0,0,4.7184
2106,20:05:00,20:05:00,26316,14,0,0,5.2634
2106,20:09:00,20:09:00,38064,15,0,0,5.6881
2106,20:11:00,20:11:00,38065,16,0,0,6.0843
2107,19:59:00,19:59:00,39130,1,0,0,0.0000
2107,20:02:00,20:02:00,39132,2,0,0,0.2799
2107,20:05:00,20:05:00,39134,3,0,0,0.7195
2107,20:08:00,20:08:00,42545,4,0,0,1.2129
2107,20:11:00,20:11:00,26326,5,0,0,1.2223
2107,20:12:00,20:12:00,6900,6,0,0,1.6500
2107,20:13:00,20:13:00,6997,7,0,0,1.8305
2107,20:15:00,20:15:00,6995,8,0,0,2.3551
2107,20:16:00,20:16:00,6957,9,0,0,2.6155
2107,20:17:00,20:17:00,14986,10,0,0,3.0839
2107,20:19:00,20:19:00,6966,11,0,0,3.6574
2107,20:21:00,20:21:00,14984,12,0,0,4.2068
2107,20:23:00,20:23:00,6907,13,0,0,4.7184
2107,20:25:00,20:25:00,26316,14,0,0,5.2634
2107,20:29:00,20:29:00,38064,15,0,0,5.6881
2107,20:31:00,20:31:00,38065,16,0,0,6.0843
2108,20:19:00,20:19:00,39130,1,0,0,0.0000
2108,20:22:00,20:22:00,39132,2,0,0,0.2799
2108,20:25:00,20:25:00,39134,3,0,0,0.7195
2108,20:28:00,20:28:00,42545,4,0,0,1.2129
2108,20:31:00,20:31:00,26326,5,0,0,1.2223
2108,20:32:00,20:32:00,6900,6,0,0,1.6500
2108,20:33:00,20:33:00,6997,7,0,0,1.8305
2108,20:35:00,20:35:00,6995,8,0,0,2.3551
2108,20:36:00,20:36:00,6957,9,0,0,2.6155
2108,20:37:00,20:37:00,14986,10,0,0,3.0839
2108,20:39:00,20:39:00,6966,11,0,0,3.6574
2108,20:41:00,20:41:00,14984,12,0,0,4.2068
2108,20:43:00,20:43:00,6907,13,0,0,4.7184
2108,20:45:00,20:45:00,26316,14,0,0,5.2634
2108,20:49:00,20:49:00,38064,15,0,0,5.6881
2108,20:51:00,20:51:00,38065,16,0,0,6.0843
2109,20:39:00,20:39:00,39130,1,0,0,0.0000
2109,20:42:00,20:42:00,39132,2,0,0,0.2799
2109,20:45:00,20:45:00,39134,3,0,0,0.7195
2109,20:48:00,20:48:00,42545,4,0,0,1.2129
2109,20:51:00,20:51:00,26326,5,0,0,1.2223
2109,20:52:00,20:52:00,6900,6,0,0,1.6500
2109,20:53:00,20:53:00,6997,7,0,0,1.8305
2109,20:55:00,20:55:00,6995,8,0,0,2.3551
2109,20:56:00,20:56:00,6957,9,0,0,2.6155
2109,20:57:00,20:57:00,14986,10,0,0,3.0839
2109,20:59:00,20:59:00,6966,11,0,0,3.6574
2109,21:01:00,21:01:00,14984,12,0,0,4.2068
2109,21:03:00,21:03:00,6907,13,0,0,4.7184
2109,21:05:00,21:05:00,26316,14,0,0,5.2634
2109,21:09:00,21:09:00,38064,15,0,0,5.6881
2109,21:11:00,21:11:00,38065,16,0,0,6.0843
2110,20:59:00,20:59:00,39130,1,0,0,0.0000
2110,21:02:00,21:02:00,39132,2,0,0,0.2799
2110,21:05:00,21:05:00,39134,3,0,0,0.7195
2110,21:08:00,21:08:00,42545,4,0,0,1.2129
2110,21:11:00,21:11:00,26326,5,0,0,1.2223
2110,21:12:00,21:12:00,6900,6,0,0,1.6500
2110,21:13:00,21:13:00,6997,7,0,0,1.8305
2110,21:15:00,21:15:00,6995,8,0,0,2.3551
2110,21:16:00,21:16:00,6957,9,0,0,2.6155
2110,21:17:00,21:17:00,14986,10,0,0,3.0839
2110,21:19:00,21:19:00,6966,11,0,0,3.6574
2110,21:21:00,21:21:00,14984,12,0,0,4.2068
2110,21:23:00,21:23:00,6907,13,0,0,4.7184
2110,21:25:00,21:25:00,26316,14,0,0,5.2634
2110,21:29:00,21:29:00,38064,15,0,0,5.6881
2110,21:31:00,21:31:00,38065,16,0,0,6.0843
2111,21:19:00,21:19:00,39130,1,0,0,0.0000
2111,21:22:00,21:22:00,39132,2,0,0,0.2799
2111,21:25:00,21:25:00,39134,3,0,0,0.7195
2111,21:28:00,21:28:00,42545,4,0,0,1.2129
2111,21:31:00,21:31:00,26326,5,0,0,1.2223
2111,21:32:00,21:32:00,6900,6,0,0,1.6500
2111,21:33:00,21:33:00,6997,7,0,0,1.8305
2111,21:35:00,21:35:00,6995,8,0,0,2.3551
2111,21:36:00,21:36:00,6957,9,0,0,2.6155
2111,21:37:00,21:37:00,14986,10,0,0,3.0839
2111,21:39:00,21:39:00,6966,11,0,0,3.6574
2111,21:41:00,21:41:00,14984,12,0,0,4.2068
2111,21:43:00,21:43:00,6907,13,0,0,4.7184
2111,21:45:00,21:45:00,26316,14,0,0,5.2634
2111,21:49:00,21:49:00,38064,15,0,0,5.6881
2111,21:51:00,21:51:00,38065,16,0,0,6.0843
2112,21:39:00,21:39:00,39130,1,0,0,0.0000
2112,21:42:00,21:42:00,39132,2,0,0,0.2799
2112,21:45:00,21:45:00,39134,3,0,0,0.7195
2112,21:48:00,21:48:00,42545,4,0,0,1.2129
2112,21:51:00,21:51:00,26326,5,0,0,1.2223
2112,21:52:00,21:52:00,6900,6,0,0,1.6500
2112,21:53:00,21:53:00,6997,7,0,0,1.8305
2112,21:55:00,21:55:00,6995,8,0,0,2.3551
2112,21:56:00,21:56:00,6957,9,0,0,2.6155
2112,21:57:00,21:57:00,14986,10,0,0,3.0839
2112,21:59:00,21:59:00,6966,11,0,0,3.6574
2112,22:01:00,22:01:00,14984,12,0,0,4.2068
2112,22:03:00,22:03:00,6907,13,0,0,4.7184
2112,22:05:00,22:05:00,26316,14,0,0,5.2634
2112,22:09:00,22:09:00,38064,15,0,0,5.6881
2112,22:11:00,22:11:00,38065,16,0,0,6.0843
2113,21:59:00,21:59:00,39130,1,0,0,0.0000
2113,22:02:00,22:02:00,39132,2,0,0,0.2799
2113,22:05:00,22:05:00,39134,3,0,0,0.7195
2113,22:08:00,22:08:00,42545,4,0,0,1.2129
2113,22:11:00,22:11:00,26326,5,0,0,1.2223
2113,22:12:00,22:12:00,6900,6,0,0,1.6500
2113,22:13:00,22:13:00,6997,7,0,0,1.8305
2113,22:15:00,22:15:00,6995,8,0,0,2.3551
2113,22:16:00,22:16:00,6957,9,0,0,2.6155
2113,22:17:00,22:17:00,14986,10,0,0,3.0839
2113,22:19:00,22:19:00,6966,11,0,0,3.6574
2113,22:21:00,22:21:00,14984,12,0,0,4.2068
2113,22:23:00,22:23:00,6907,13,0,0,4.7184
2113,22:25:00,22:25:00,26316,14,0,0,5.2634
2113,22:29:00,22:29:00,38064,15,0,0,5.6881
2113,22:31:00,22:31:00,38065,16,0,0,6.0843
2114,22:19:00,22:19:00,39130,1,0,0,0.0000
2114,22:22:00,22:22:00,39132,2,0,0,0.2799
2114,22:25:00,22:25:00,39134,3,0,0,0.7195
2114,22:28:00,22:28:00,42545,4,0,0,1.2129
2114,22:31:00,22:31:00,26326,5,0,0,1.2223
2114,22:32:00,22:32:00,6900,6,0,0,1.6500
2114,22:33:00,22:33:00,6997,7,0,0,1.8305
2114,22:35:00,22:35:00,6995,8,0,0,2.3551
2114,22:36:00,22:36:00,6957,9,0,0,2.6155
2114,22:37:00,22:37:00,14986,10,0,0,3.0839
2114,22:39:00,22:39:00,6966,11,0,0,3.6574
2114,22:41:00,22:41:00,14984,12,0,0,4.2068
2114,22:43:00,22:43:00,6907,13,0,0,4.7184
2114,22:45:00,22:45:00,26316,14,0,0,5.2634
2114,22:49:00,22:49:00,38064,15,0,0,5.6881
2114,22:51:00,22:51:00,38065,16,0,0,6.0843
2115,22:39:00,22:39:00,39130,1,0,0,0.0000
2115,22:42:00,22:42:00,39132,2,0,0,0.2799
2115,22:45:00,22:45:00,39134,3,0,0,0.7195
2115,22:48:00,22:48:00,42545,4,0,0,1.2129
2115,22:51:00,22:51:00,26326,5,0,0,1.2223
2115,22:52:00,22:52:00,6900,6,0,0,1.6500
2115,22:53:00,22:53:00,6997,7,0,0,1.8305
2115,22:55:00,22:55:00,6995,8,0,0,2.3551
2115,22:56:00,22:56:00,6957,9,0,0,2.6155
2115,22:57:00,22:57:00,14986,10,0,0,3.0839
2115,22:59:00,22:59:00,6966,11,0,0,3.6574
2115,23:01:00,23:01:00,14984,12,0,0,4.2068
2115,23:03:00,23:03:00,6907,13,0,0,4.7184
2115,23:05:00,23:05:00,26316,14,0,0,5.2634
2115,23:09:00,23:09:00,38064,15,0,0,5.6881
2115,23:11:00,23:11:00,38065,16,0,0,6.0843
2116,22:59:00,22:59:00,39130,1,0,0,0.0000
2116,23:02:00,23:02:00,39132,2,0,0,0.2799
2116,23:05:00,23:05:00,39134,3,0,0,0.7195
2116,23:08:00,23:08:00,42545,4,0,0,1.2129
2116,23:11:00,23:11:00,26326,5,0,0,1.2223
2116,23:12:00,23:12:00,6900,6,0,0,1.6500
2116,23:13:00,23:13:00,6997,7,0,0,1.8305
2116,23:15:00,23:15:00,6995,8,0,0,2.3551
2116,23:16:00,23:16:00,6957,9,0,0,2.6155
2116,23:17:00,23:17:00,14986,10,0,0,3.0839
2116,23:19:00,23:19:00,6966,11,0,0,3.6574
2116,23:21:00,23:21:00,14984,12,0,0,4.2068
2116,23:23:00,23:23:00,6907,13,0,0,4.7184
2116,23:25:00,23:25:00,26316,14,0,0,5.2634
2116,23:29:00,23:29:00,38064,15,0,0,5.6881
2116,23:31:00,23:31:00,38065,16,0,0,6.0843
2117,23:19:00,23:19:00,39130,1,0,0,0.0000
2117,23:22:00,23:22:00,39132,2,0,0,0.2799
2117,23:25:00,23:25:00,39134,3,0,0,0.7195
2117,23:28:00,23:28:00,42545,4,0,0,1.2129
2117,23:31:00,23:31:00,26326,5,0,0,1.2223
2117,23:32:00,23:32:00,6900,6,0,0,1.6500
2117,23:33:00,23:33:00,6997,7,0,0,1.8305
2117,23:35:00,23:35:00,6995,8,0,0,2.3551
2117,23:36:00,23:36:00,6957,9,0,0,2.6155
2117,23:37:00,23:37:00,14986,10,0,0,3.0839
2117,23:39:00,23:39:00,6966,11,0,0,3.6574
2117,23:41:00,23:41:00,14984,12,0,0,4.2068
2117,23:43:00,23:43:00,6907,13,0,0,4.7184
2117,23:45:00,23:45:00,26316,14,0,0,5.2634
2117,23:49:00,23:49:00,38064,15,0,0,5.6881
2117,23:51:00,23:51:00,38065,16,0,0,6.0843
2118,23:39:00,23:39:00,39130,1,0,0,0.0000
2118,23:42:00,23:42:00,39132,2,0,0,0.2799
2118,23:45:00,23:45:00,39134,3,0,0,0.7195
2118,23:48:00,23:48:00,42545,4,0,0,1.2129
2118,23:51:00,23:51:00,26326,5,0,0,1.2223
2118,23:52:00,23:52:00,6900,6,0,0,1.6500
2118,23:53:00,23:53:00,6997,7,0,0,1.8305
2118,23:55:00,23:55:00,6995,8,0,0,2.3551
2118,23:56:00,23:56:00,6957,9,0,0,2.6155
2118,23:57:00,23:57:00,14986,10,0,0,3.0839
2118,23:59:00,23:59:00,6966,11,0,0,3.6574
2118,24:01:00,24:01:00,14984,12,0,0,4.2068
2118,24:03:00,24:03:00,6907,13,0,0,4.7184
2118,24:05:00,24:05:00,26316,14,0,0,5.2634
2118,24:09:00,24:09:00,38064,15,0,0,5.6881
2118,24:11:00,24:11:00,38065,16,0,0,6.0843
2119,23:45:00,23:45:00,26326,1,0,0,0.0000
2119,23:46:00,23:46:00,6900,2,0,0,0.4277
2119,23:47:00,23:47:00,6997,3,0,0,0.6081
2119,23:49:00,23:49:00,6995,4,0,0,1.1328
2119,23:50:00,23:50:00,6957,5,0,0,1.3932
2119,23:51:00,23:51:00,14986,6,0,0,1.8616
2119,23:53:00,23:53:00,6966,7,0,0,2.4350
2119,23:55:00,23:55:00,14984,8,0,0,2.9845
2119,23:57:00,23:57:00,6907,9,0,0,3.4960
2119,23:59:00,23:59:00,26316,10,0,0,4.0411
2119,24:03:00,24:03:00,38064,11,0,0,4.4657
2119,24:05:00,24:05:00,38065,12,0,0,4.8619
2120,24:05:00,24:05:00,26326,1,0,0,0.0000
2120,24:06:00,24:06:00,6900,2,0,0,0.4277
2120,24:07:00,24:07:00,6997,3,0,0,0.6081
2120,24:09:00,24:09:00,6995,4,0,0,1.1328
2120,24:10:00,24:10:00,6957,5,0,0,1.3932
2120,24:11:00,24:11:00,14986,6,0,0,1.8616
2120,24:13:00,24:13:00,6966,7,0,0,2.4350
2120,24:15:00,24:15:00,14984,8,0,0,2.9845
2120,24:17:00,24:17:00,6907,9,0,0,3.4960
2120,24:19:00,24:19:00,26316,10,0,0,4.0411
2120,24:23:00,24:23:00,38064,11,0,0,4.4657
2120,24:25:00,24:25:00,38065,12,0,0,4.8619
2121,24:25:00,24:25:00,26326,1,0,0,0.0000
2121,24:26:00,24:26:00,6900,2,0,0,0.4277
2121,24:27:00,24:27:00,6997,3,0,0,0.6081
2121,24:29:00,24:29:00,6995,4,0,0,1.1328
2121,24:30:00,24:30:00,6957,5,0,0,1.3932
2121,24:31:00,24:31:00,14986,6,0,0,1.8616
2121,24:33:00,24:33:00,6966,7,0,0,2.4350
2121,24:35:00,24:35:00,14984,8,0,0,2.9845
2121,24:37:00,24:37:00,6907,9,0,0,3.4960
2121,24:39:00,24:39:00,26316,10,0,0,4.0411
2121,24:43:00,24:43:00,38064,11,0,0,4.4657
2121,24:45:00,24:45:00,38065,12,0,0,4.8619
2122,24:45:00,24:45:00,26326,1,0,0,0.0000
2122,24:46:00,24:46:00,6900,2,0,0,0.4277
2122,24:47:00,24:47:00,6997,3,0,0,0.6081
2122,24:49:00,24:49:00,6995,4,0,0,1.1328
2122,24:50:00,24:50:00,6957,5,0,0,1.3932
2122,24:51:00,24:51:00,14986,6,0,0,1.8616
2122,24:53:00,24:53:00,6966,7,0,0,2.4350
2122,24:55:00,24:55:00,14984,8,0,0,2.9845
2122,24:57:00,24:57:00,6907,9,0,0,3.4960
2122,24:59:00,24:59:00,26316,10,0,0,4.0411
2122,25:03:00,25:03:00,38064,11,0,0,4.4657
2122,25:05:00,25:05:00,38065,12,0,0,4.8619
2123,25:05:00,25:05:00,26326,1,0,0,0.0000
2123,25:06:00,25:06:00,6900,2,0,0,0.4277
2123,25:07:00,25:07:00,6997,3,0,0,0.6081
2123,25:09:00,25:09:00,6995,4,0,0,1.1328
2123,25:10:00,25:10:00,6957,5,0,0,1.3932
2123,25:11:00,25:11:00,14986,6,0,0,1.8616
2123,25:13:00,25:13:00,6966,7,0,0,2.4350
2123,25:15:00,25:15:00,14984,8,0,0,2.9845
2123,25:17:00,25:17:00,6907,9,0,0,3.4960
2123,25:19:00,25:19:00,26316,10,0,0,4.0411
2123,25:23:00,25:23:00,38064,11,0,0,4.4657
2123,25:25:00,25:25:00,38065,12,0,0,4.8619
2124,25:25:00,25:25:00,26326,1,0,0,0.0000
2124,25:26:00,25:26:00,6900,2,0,0,0.4277
2124,25:27:00,25:27:00,6997,3,0,0,0.6081
2124,25:29:00,25:29:00,6995,4,0,0,1.1328
2124,25:30:00,25:30:00,6957,5,0,0,1.3932
2124,25:31:00,25:31:00,14986,6,0,0,1.8616
2124,25:33:00,25:33:00,6966,7,0,0,2.4350
2124,25:35:00,25:35:00,14984,8,0,0,2.9845
2124,25:37:00,25:37:00,6907,9,0,0,3.4960
2124,25:39:00,25:39:00,26316,10,0,0,4.0411
2124,25:43:00,25:43:00,38064,11,0,0,4.4657
2124,25:45:00,25:45:00,38065,12,0,0,4.8619
2125,04:50:00,04:50:00,38065,1,0,0,0.0000
2125,04:52:00,04:52:00,38064,2,0,0,0.3998
2125,04:56:00,04:56:00,26316,3,0,0,0.8362
2125,04:58:00,04:58:00,6907,4,0,0,1.3813
2125,05:00:00,05:00:00,14984,5,0,0,1.8928
2125,05:02:00,05:02:00,6966,6,0,0,2.4422
2125,05:04:00,05:04:00,14986,7,0,0,3.0157
2125,05:05:00,05:05:00,6957,8,0,0,3.4841
2125,05:06:00,05:06:00,6995,9,0,0,3.7445
2125,05:07:00,05:07:00,6997,10,0,0,4.2691
2125,05:08:00,05:08:00,6900,11,0,0,4.4496
2125,05:10:00,05:10:00,42545,12,0,0,4.8693
2125,05:13:00,05:13:00,26326,13,0,0,4.8788
2125,05:16:00,05:16:00,39134,14,0,0,5.3758
2125,05:18:00,05:18:00,39133,15,0,0,5.7481
2125,05:19:00,05:19:00,39131,16,0,0,5.8576
2125,05:21:00,05:21:00,39130,17,0,0,6.0187
2126,05:15:00,05:15:00,38065,1,0,0,0.0000
2126,05:17:00,05:17:00,38064,2,0,0,0.3998
2126,05:21:00,05:21:00,26316,3,0,0,0.8362
2126,05:23:00,05:23:00,6907,4,0,0,1.3813
2126,05:25:00,05:25:00,14984,5,0,0,1.8928
2126,05:27:00,05:27:00,6966,6,0,0,2.4422
2126,05:29:00,05:29:00,14986,7,0,0,3.0157
2126,05:30:00,05:30:00,6957,8,0,0,3.4841
2126,05:31:00,05:31:00,6995,9,0,0,3.7445
2126,05:32:00,05:32:00,6997,10,0,0,4.2691
2126,05:33:00,05:33:00,6900,11,0,0,4.4496
2126,05:35:00,05:35:00,42545,12,0,0,4.8693
2126,05:38:00,05:38:00,26326,13,0,0,4.8788
2126,05:41:00,05:41:00,39134,14,0,0,5.3758
2126,05:43:00,05:43:00,39133,15,0,0,5.7481
2126,05:44:00,05:44:00,39131,16,0,0,5.8576
2126,05:46:00,05:46:00,39130,17,0,0,6.0187
2127,05:40:00,05:40:00,38065,1,0,0,0.0000
2127,05:42:00,05:42:00,38064,2,0,0,0.3998
2127,05:46:00,05:46:00,26316,3,0,0,0.8362
2127,05:48:00,05:48:00,6907,4,0,0,1.3813
2127,05:50:00,05:50:00,14984,5,0,0,1.8928
2127,05:52:00,05:52:00,6966,6,0,0,2.4422
2127,05:54:00,05:54:00,14986,7,0,0,3.0157
2127,05:55:00,05:55:00,6957,8,0,0,3.4841
2127,05:56:00,05:56:00,6995,9,0,0,3.7445
2127,05:57:00,05:57:00,6997,10,0,0,4.2691
2127,05:58:00,05:58:00,6900,11,0,0,4.4496
2127,06:00:00,06:00:00,42545,12,0,0,4.8693
2127,06:03:00,06:03:00,26326,13,0,0,4.8788
2127,06:06:00,06:06:00,39134,14,0,0,5.3758
2127,06:08:00,06:08:00,39133,15,0,0,5.7481
2127,06:09:00,06:09:00,39131,16,0,0,5.8576
2127,06:11:00,06:11:00,39130,17,0,0,6.0187
2128,06:05:00,06:05:00,38065,1,0,0,0.0000
2128,06:07:00,06:07:00,38064,2,0,0,0.3998
2128,06:11:00,06:11:00,26316,3,0,0,0.8362
2128,06:13:00,06:13:00,6907,4,0,0,1.3813
2128,06:15:00,06:15:00,14984,5,0,0,1.8928
2128,06:17:00,06:17:00,6966,6,0,0,2.4422
2128,06:19:00,06:19:00,14986,7,0,0,3.0157
2128,06:20:00,06:20:00,6957,8,0,0,3.4841
2128,06:21:00,06:21:00,6995,9,0,0,3.7445
2128,06:22:00,06:22:00,6997,10,0,0,4.2691
2128,06:23:00,06:23:00,6900,11,0,0,4.4496
2128,06:25:00,06:25:00,42545,12,0,0,4.8693
2128,06:28:00,06:28:00,26326,13,0,0,4.8788
2128,06:31:00,06:31:00,39134,14,0,0,5.3758
2128,06:33:00,06:33:00,39133,15,0,0,5.7481
2128,06:34:00,06:34:00,39131,16,0,0,5.8576
2128,06:36:00,06:36:00,39130,17,0,0,6.0187
2129,06:30:00,06:30:00,38065,1,0,0,0.0000
2129,06:32:00,06:32:00,38064,2,0,0,0.3998
2129,06:36:00,06:36:00,26316,3,0,0,0.8362
2129,06:38:00,06:38:00,6907,4,0,0,1.3813
2129,06:40:00,06:40:00,14984,5,0,0,1.8928
2129,06:42:00,06:42:00,6966,6,0,0,2.4422
2129,06:44:00,06:44:00,14986,7,0,0,3.0157
2129,06:45:00,06:45:00,6957,8,0,0,3.4841
2129,06:46:00,06:46:00,6995,9,0,0,3.7445
2129,06:47:00,06:47:00,6997,10,0,0,4.2691
2129,06:48:00,06:48:00,6900,11,0,0,4.4496
2129,06:50:00,06:50:00,42545,12,0,0,4.8693
2129,06:53:00,06:53:00,26326,13,0,0,4.8788
2129,06:56:00,06:56:00,39134,14,0,0,5.3758
2129,06:58:00,06:58:00,39133,15,0,0,5.7481
2129,06:59:00,06:59:00,39131,16,0,0,5.8576
2129,07:01:00,07:01:00,39130,17,0,0,6.0187
2130,06:55:00,06:55:00,38065,1,0,0,0.0000
2130,06:57:00,06:57:00,38064,2,0,0,0.3998
2130,07:01:00,07:01:00,26316,3,0,0,0.8362
2130,07:03:00,07:03:00,6907,4,0,0,1.3813
2130,07:05:00,07:05:00,14984,5,0,0,1.8928
2130,07:07:00,07:07:00,6966,6,0,0,2.4422
2130,07:09:00,07:09:00,14986,7,0,0,3.0157
2130,07:10:00,07:10:00,6957,8,0,0,3.4841
2130,07:11:00,07:11:00,6995,9,0,0,3.7445
2130,07:12:00,07:12:00,6997,10,0,0,4.2691
2130,07:13:00,07:13:00,6900,11,0,0,4.4496
2130,07:15:00,07:15:00,42545,12,0,0,4.8693
2130,07:18:00,07:18:00,26326,13,0,0,4.8788
2130,07:21:00,07:21:00,39134,14,0,0,5.3758
2130,07:23:00,07:23:00,39133,15,0,0,5.7481
2130,07:24:00,07:24:00,39131,16,0,0,5.8576
2130,07:26:00,07:26:00,39130,17,0,0,6.0187
2131,07:20:00,07:20:00,38065,1,0,0,0.0000
2131,07:22:00,07:22:00,38064,2,0,0,0.3998
2131,07:26:00,07:26:00,26316,3,0,0,0.8362
2131,07:28:00,07:28:00,6907,4,0,0,1.3813
2131,07:30:00,07:30:00,14984,5,0,0,1.8928
2131,07:32:00,07:32:00,6966,6,0,0,2.4422
2131,07:34:00,07:34:00,14986,7,0,0,3.0157
2131,07:35:00,07:35:00,6957,8,0,0,3.4841
2131,07:36:00,07:36:00,6995,9,0,0,3.7445
2131,07:37:00,07:37:00,6997,10,0,0,4.2691
2131,07:38:00,07:38:00,6900,11,0,0,4.4496
2131,07:40:00,07:40:00,42545,12,0,0,4.8693
2131,07:43:00,07:43:00,26326,13,0,0,4.8788
2131,07:46:00,07:46:00,39134,14,0,0,5.3758
2131,07:48:00,07:48:00,39133,15,0,0,5.7481
2131,07:49:00,07:49:00,39131,16,0,0,5.8576
2131,07:51:00,07:51:00,39130,17,0,0,6.0187
2132,07:45:00,07:45:00,38065,1,0,0,0.0000
2132,07:47:00,07:47:00,38064,2,0,0,0.3998
2132,07:51:00,07:51:00,26316,3,0,0,0.8362
2132,07:53:00,07:53:00,6907,4,0,0,1.3813
2132,07:55:00,07:55:00,14984,5,0,0,1.8928
2132,07:57:00,07:57:00,6966,6,0,0,2.4422
2132,07:59:00,07:59:00,14986,7,0,0,3.0157
2132,08:00:00,08:00:00,6957,8,0,0,3.4841
2132,08:01:00,08:01:00,6995,9,0,0,3.7445
2132,08:02:00,08:02:00,6997,10,0,0,4.2691
2132,08:03:00,08:03:00,6900,11,0,0,4.4496
2132,08:05:00,08:05:00,42545,12,0,0,4.8693
2132,08:08:00,08:08:00,26326,13,0,0,4.8788
2132,08:11:00,08:11:00,39134,14,0,0,5.3758
2132,08:13:00,08:13:00,39133,15,0,0,5.7481
2132,08:14:00,08:14:00,39131,16,0,0,5.8576
2132,08:16:00,08:16:00,39130,17,0,0,6.0187
2133,08:10:00,08:10:00,38065,1,0,0,0.0000
2133,08:12:00,08:12:00,38064,2,0,0,0.3998
2133,08:16:00,08:16:00,26316,3,0,0,0.8362
2133,08:18:00,08:18:00,6907,4,0,0,1.3813
2133,08:20:00,08:20:00,14984,5,0,0,1.8928
2133,08:22:00,08:22:00,6966,6,0,0,2.4422
2133,08:24:00,08:24:00,14986,7,0,0,3.0157
2133,08:25:00,08:25:00,6957,8,0,0,3.4841
2133,08:26:00,08:26:00,6995,9,0,0,3.7445
2133,08:27:00,08:27:00,6997,10,0,0,4.2691
2133,08:28:00,08:28:00,6900,11,0,0,4.4496
2133,08:30:00,08:30:00,42545,12,0,0,4.8693
2133,08:33:00,08:33:00,26326,13,0,0,4.8788
2133,08:36:00,08:36:00,39134,14,0,0,5.3758
2133,08:38:00,08:38:00,39133,15,0,0,5.7481
2133,08:39:00,08:39:00,39131,16,0,0,5.8576
2133,08:41:00,08:41:00,39130,17,0,0,6.0187
2134,08:35:00,08:35:00,38065,1,0,0,0.0000
2134,08:37:00,08:37:00,38064,2,0,0,0.3998
2134,08:41:00,08:41:00,26316,3,0,0,0.8362
2134,08:43:00,08:43:00,6907,4,0,0,1.3813
2134,08:45:00,08:45:00,14984,5,0,0,1.8928
2134,08:47:00,08:47:00,6966,6,0,0,2.4422
2134,08:49:00,08:49:00,14986,7,0,0,3.0157
2134,08:50:00,08:50:00,6957,8,0,0,3.4841
2134,08:51:00,08:51:00,6995,9,0,0,3.7445
2134,08:52:00,08:52:00,6997,10,0,0,4.2691
2134,08:53:00,08:53:00,6900,11,0,0,4.4496
2134,08:55:00,08:55:00,42545,12,0,0,4.8693
2134,08:58:00,08:58:00,26326,13,0,0,4.8788
2134,09:01:00,09:01:00,39134,14,0,0,5.3758
2134,09:03:00,09:03:00,39133,15,0,0,5.7481
2134,09:04:00,09:04:00,39131,16,0,0,5.8576
2134,09:06:00,09:06:00,39130,17,0,0,6.0187
2135,09:00:00,09:00:00,38065,1,0,0,0.0000
2135,09:02:00,09:02:00,38064,2,0,0,0.3998
2135,09:06:00,09:06:00,26316,3,0,0,0.8362
2135,09:08:00,09:08:00,6907,4,0,0,1.3813
2135,09:10:00,09:10:00,14984,5,0,0,1.8928
2135,09:12:00,09:12:00,6966,6,0,0,2.4422
2135,09:14:00,09:14:00,14986,7,0,0,3.0157
2135,09:15:00,09:15:00,6957,8,0,0,3.4841
2135,09:16:00,09:16:00,6995,9,0,0,3.7445
2135,09:17:00,09:17:00,6997,10,0,0,4.2691
2135,09:18:00,09:18:00,6900,11,0,0,4.4496
2135,09:20:00,09:20:00,42545,12,0,0,4.8693
2135,09:23:00,09:23:00,26326,13,0,0,4.8788
2135,09:26:00,09:26:00,39134,14,0,0,5.3758
2135,09:28:00,09:28:00,39133,15,0,0,5.7481
2135,09:29:00,09:29:00,39131,16,0,0,5.8576
2135,09:31:00,09:31:00,39130,17,0,0,6.0187
2136,09:25:00,09:25:00,38065,1,0,0,0.0000
2136,09:27:00,09:27:00,38064,2,0,0,0.3998
2136,09:31:00,09:31:00,26316,3,0,0,0.8362
2136,09:33:00,09:33:00,6907,4,0,0,1.3813
2136,09:35:00,09:35:00,14984,5,0,0,1.8928
2136,09:37:00,09:37:00,6966,6,0,0,2.4422
2136,09:39:00,09:39:00,14986,7,0,0,3.0157
2136,09:40:00,09:40:00,6957,8,0,0,3.4841
2136,09:41:00,09:41:00,6995,9,0,0,3.7445
2136,09:42:00,09:42:00,6997,10,0,0,4.2691
2136,09:43:00,09:43:00,6900,11,0,0,4.4496
2136,09:45:00,09:45:00,42545,12,0,0,4.8693
2136,09:48:00,09:48:00,26326,13,0,0,4.8788
2136,09:51:00,09:51:00,39134,14,0,0,5.3758
2136,09:53:00,09:53:00,39133,15,0,0,5.7481
2136,09:54:00,09:54:00,39131,16,0,0,5.8576
2136,09:56:00,09:56:00,39130,17,0,0,6.0187
2137,09:50:00,09:50:00,38065,1,0,0,0.0000
2137,09:52:00,09:52:00,38064,2,0,0,0.3998
2137,09:56:00,09:56:00,26316,3,0,0,0.8362
2137,09:58:00,09:58:00,6907,4,0,0,1.3813
2137,10:00:00,10:00:00,14984,5,0,0,1.8928
2137,10:02:00,10:02:00,6966,6,0,0,2.4422
2137,10:04:00,10:04:00,14986,7,0,0,3.0157
2137,10:05:00,10:05:00,6957,8,0,0,3.4841
2137,10:06:00,10:06:00,6995,9,0,0,3.7445
2137,10:07:00,10:07:00,6997,10,0,0,4.2691
2137,10:08:00,10:08:00,6900,11,0,0,4.4496
2137,10:10:00,10:10:00,42545,12,0,0,4.8693
2137,10:13:00,10:13:00,26326,13,0,0,4.8788
2137,10:16:00,10:16:00,39134,14,0,0,5.3758
2137,10:18:00,10:18:00,39133,15,0,0,5.7481
2137,10:19:00,10:19:00,39131,16,0,0,5.8576
2137,10:21:00,10:21:00,39130,17,0,0,6.0187
2138,10:15:00,10:15:00,38065,1,0,0,0.0000
2138,10:17:00,10:17:00,38064,2,0,0,0.3998
2138,10:21:00,10:21:00,26316,3,0,0,0.8362
2138,10:23:00,10:23:00,6907,4,0,0,1.3813
2138,10:25:00,10:25:00,14984,5,0,0,1.8928
2138,10:27:00,10:27:00,6966,6,0,0,2.4422
2138,10:29:00,10:29:00,14986,7,0,0,3.0157
2138,10:30:00,10:30:00,6957,8,0,0,3.4841
2138,10:31:00,10:31:00,6995,9,0,0,3.7445
