1281,06:47:00,06:47:00,149,7,0,0,57.7831
1281,06:52:00,06:52:00,137,8,0,0,60.4159
1281,06:59:00,06:59:00,144,9,0,0,64.3936
1281,07:04:00,07:04:00,38417,10,0,0,67.1081
1281,07:33:00,07:33:00,38174,11,0,0,91.4981
1281,07:45:00,07:45:00,63,12,0,0,95.0638
1282,06:55:00,06:55:00,123,1,0,0,0.0000
1282,07:13:00,07:13:00,113,2,0,0,13.5739
1282,07:24:00,07:24:00,86,3,0,0,23.3123
1282,07:31:00,07:31:00,26,4,0,0,29.3377
1282,07:43:00,07:43:00,135,5,0,0,39.4347
1282,07:57:00,07:57:00,57,6,0,0,50.2263
1282,08:07:00,08:07:00,149,7,0,0,57.7831
1282,08:12:00,08:12:00,137,8,0,0,60.4159
1282,08:19:00,08:19:00,144,9,0,0,64.3936
1282,08:23:00,08:23:00,38417,10,0,0,67.1081
1282,08:52:00,08:52:00,38174,11,0,0,91.4981
1282,09:03:00,09:03:00,63,12,0,0,95.0638
1283,07:44:00,07:44:00,123,1,0,0,0.0000
1283,08:02:00,08:02:00,113,2,0,0,13.5739
1283,08:13:00,08:13:00,86,3,0,0,23.3123
1283,08:21:00,08:21:00,26,4,0,0,29.3377
1283,08:33:00,08:33:00,135,5,0,0,39.4347
1283,08:47:00,08:47:00,57,6,0,0,50.2263
1283,08:57:00,08:57:00,149,7,0,0,57.7831
1283,09:02:00,09:02:00,137,8,0,0,60.4159
1283,09:09:00,09:09:00,144,9,0,0,64.3936
1283,09:13:00,09:13:00,38417,10,0,0,67.1081
1283,09:41:00,09:41:00,38174,11,0,0,91.4981
1283,09:53:00,09:53:00,63,12,0,0,95.0638
1284,09:26:00,09:26:00,123,1,0,0,0.0000
1284,09:44:00,09:44:00,113,2,0,0,13.5739
1284,09:55:00,09:55:00,86,3,0,0,23.3123
1284,10:02:00,10:02:00,26,4,0,0,29.3377
1284,10:15:00,10:15:00,135,5,0,0,39.4347
1284,10:29:00,10:29:00,57,6,0,0,50.2263
1284,10:39:00,10:39:00,149,7,0,0,57.7831
1284,10:44:00,10:44:00,137,8,0,0,60.4159
1284,10:50:00,10:50:00,144,9,0,0,64.3936
1284,10:54:00,10:54:00,38417,10,0,0,67.1081
1284,11:23:00,11:23:00,38174,11,0,0,91.4981
1284,11:35:00,11:35:00,63,12,0,0,95.0638
1285,13:39:00,13:39:00,123,1,0,0,0.0000
1285,13:57:00,13:57:00,113,2,0,0,13.5739
1285,14:09:00,14:09:00,86,3,0,0,23.3123
1285,14:16:00,14:16:00,26,4,0,0,29.3377
1285,14:28:00,14:28:00,135,5,0,0,39.4347
1285,14:42:00,14:42:00,57,6,0,0,50.2263
1285,14:52:00,14:52:00,149,7,0,0,57.7831
1285,14:58:00,14:58:00,137,8,0,0,60.4159
1285,15:05:00,15:05:00,144,9,0,0,64.3936
1285,15:09:00,15:09:00,38417,10,0,0,67.1081
1285,15:19:00,15:19:00,131,11,0,0,74.0964
1285,15:41:00,15:41:00,38174,12,0,0,91.5038
1285,15:54:00,15:54:00,63,13,0,0,95.0636
1286,06:08:00,06:08:00,123,1,0,0,0.0000
1286,06:26:00,06:26:00,113,2,0,0,13.5739
1286,06:38:00,06:38:00,86,3,0,0,23.3123
1286,06:45:00,06:45:00,26,4,0,0,29.3377
1286,06:58:00,06:58:00,135,5,0,0,39.4347
1286,07:12:00,07:12:00,57,6,0,0,50.2263
1286,07:22:00,07:22:00,149,7,0,0,57.7831
1286,07:27:00,07:27:00,137,8,0,0,60.4159
1286,07:34:00,07:34:00,144,9,0,0,64.3936
1286,07:37:00,07:37:00,78,10,0,0,65.7714
1286,07:41:00,07:41:00,38417,11,0,0,67.1081
1286,07:45:00,07:45:00,128,12,0,0,68.3926
1286,08:15:00,08:15:00,38174,13,0,0,91.4981
1286,08:26:00,08:26:00,63,14,0,0,95.0638
1287,21:27:00,21:27:00,123,1,0,0,0.0000
1287,21:45:00,21:45:00,113,2,0,0,13.5739
1287,21:59:00,21:59:00,86,3,0,0,23.3123
1287,22:06:00,22:06:00,26,4,0,0,29.3377
1287,22:17:00,22:17:00,135,5,0,0,39.4347
1287,22:31:00,22:31:00,57,6,0,0,50.2263
1287,22:41:00,22:41:00,149,7,0,0,57.7831
1287,22:46:00,22:46:00,137,8,0,0,60.4159
1287,22:53:00,22:53:00,144,9,0,0,64.3936
1287,22:56:00,22:56:00,78,10,0,0,65.7714
1287,22:59:00,22:59:00,38417,11,0,0,67.1081
1287,23:02:00,23:02:00,128,12,0,0,68.3926
1287,23:05:00,23:05:00,3,13,0,0,70.3095
1287,23:12:00,23:12:00,131,14,0,0,74.0992
1287,23:17:00,23:17:00,126,15,0,0,77.0534
1287,23:29:00,23:29:00,134,16,0,0,85.2699
1287,23:37:00,23:37:00,38174,17,0,0,90.3881
1287,23:49:00,23:49:00,63,18,0,0,93.9479
1288,03:50:00,03:50:00,123,1,0,0,0.0000
1288,04:09:00,04:09:00,113,2,0,0,13.5739
1288,04:20:00,04:20:00,86,3,0,0,23.3123
1288,04:27:00,04:27:00,26,4,0,0,29.3377
1288,04:39:00,04:39:00,135,5,0,0,39.4347
1288,04:53:00,04:53:00,57,6,0,0,50.2263
1288,05:03:00,05:03:00,149,7,0,0,57.7831
1288,05:08:00,05:08:00,137,8,0,0,60.4159
1288,05:15:00,05:15:00,144,9,0,0,64.3936
1288,05:27:00,05:27:00,131,10,0,0,74.0966
1288,05:31:00,05:31:00,51,11,0,0,75.5076
1288,05:35:00,05:35:00,126,12,0,0,77.0479
1288,05:38:00,05:38:00,25,13,0,0,78.2989
1288,05:43:00,05:43:00,121,14,0,0,81.0265
1288,05:46:00,05:46:00,46,15,0,0,82.3051
1288,05:52:00,05:52:00,134,16,0,0,85.2646
1288,06:00:00,06:00:00,38174,17,0,0,90.3828
1288,06:12:00,06:12:00,63,18,0,0,93.9426
1289,11:30:00,11:30:00,123,1,0,0,0.0000
1289,11:48:00,11:48:00,113,2,0,0,13.5739
1289,11:59:00,11:59:00,86,3,0,0,23.3123
1289,12:06:00,12:06:00,26,4,0,0,29.3377
1289,12:19:00,12:19:00,135,5,0,0,39.4347
1289,12:33:00,12:33:00,57,6,0,0,50.2263
1289,12:43:00,12:43:00,149,7,0,0,57.7831
1289,12:48:00,12:48:00,137,8,0,0,60.4159
1289,12:54:00,12:54:00,144,9,0,0,64.3936
1289,12:57:00,12:57:00,78,10,0,0,65.7714
1289,13:00:00,13:00:00,38417,11,0,0,67.1081
1289,13:03:00,13:03:00,128,12,0,0,68.3926
1289,13:06:00,13:06:00,3,13,0,0,70.3095
1289,13:10:00,13:10:00,151,14,0,0,71.6453
1289,13:13:00,13:13:00,64,15,0,0,72.8689
1289,13:16:00,13:16:00,131,16,0,0,74.0964
1289,13:19:00,13:19:00,52,17,0,0,75.5417
1289,13:23:00,13:23:00,58,18,0,0,77.2483
1289,13:27:00,13:27:00,116,19,0,0,79.3430
1289,13:34:00,13:34:00,29,20,0,0,82.8674
1289,13:37:00,13:37:00,115,21,0,0,84.5212
1289,13:40:00,13:40:00,33,22,0,0,85.7778
1289,13:42:00,13:42:00,75,23,0,0,86.8790
1289,13:45:00,13:45:00,66,24,0,0,87.4602
1289,13:52:00,13:52:00,38174,25,0,0,91.5805
1289,14:05:00,14:05:00,63,26,0,0,95.1403
1290,05:52:00,05:52:00,123,1,0,0,0.0000
1290,06:10:00,06:10:00,113,2,0,0,13.5739
1290,06:21:00,06:21:00,86,3,0,0,23.3123
1290,06:29:00,06:29:00,26,4,0,0,29.3377
1290,06:41:00,06:41:00,135,5,0,0,39.4347
1290,06:55:00,06:55:00,57,6,0,0,50.2263
1290,07:46:00,07:46:00,38174,7,0,0,90.3826
1290,07:58:00,07:58:00,63,8,0,0,93.9424
1291,17:19:00,17:19:00,63,1,0,0,0.0000
1291,17:29:00,17:29:00,38174,2,0,0,3.5600
1291,18:00:00,18:00:00,144,3,0,0,30.6705
1291,18:07:00,18:07:00,137,4,0,0,34.6371
1291,18:12:00,18:12:00,149,5,0,0,37.2809
1291,18:23:00,18:23:00,57,6,0,0,44.8377
1291,18:35:00,18:35:00,135,7,0,0,55.6292
1291,18:47:00,18:47:00,26,8,0,0,65.7256
1291,18:54:00,18:54:00,86,9,0,0,71.7511
1291,19:06:00,19:06:00,113,10,0,0,81.4896
1291,19:26:00,19:26:00,123,11,0,0,95.1165
1292,24:40:00,24:40:00,63,1,0,0,0.0000
1292,24:50:00,24:50:00,38174,2,0,0,3.5600
1292,24:58:00,24:58:00,134,3,0,0,8.6782
1292,25:02:00,25:02:00,43599,4,0,0,10.6155
1292,25:05:00,25:05:00,46,5,0,0,11.6375
1292,25:08:00,25:08:00,121,6,0,0,12.9161
1292,25:12:00,25:12:00,25,7,0,0,15.6438
1292,25:16:00,25:16:00,126,8,0,0,16.8947
1292,25:19:00,25:19:00,51,9,0,0,18.4343
1292,25:22:00,25:22:00,131,10,0,0,19.8432
1292,25:25:00,25:25:00,64,11,0,0,21.0737
1292,25:29:00,25:29:00,151,12,0,0,22.3157
1292,25:32:00,25:32:00,3,13,0,0,23.6555
1292,25:37:00,25:37:00,128,14,0,0,25.5383
1292,25:40:00,25:40:00,38417,15,0,0,26.8568
1292,25:43:00,25:43:00,78,16,0,0,28.1936
1292,25:46:00,25:46:00,144,17,0,0,29.5710
1292,25:53:00,25:53:00,137,18,0,0,33.5381
1292,25:58:00,25:58:00,149,19,0,0,36.1818
1292,26:09:00,26:09:00,57,20,0,0,43.7386
1292,26:21:00,26:21:00,135,21,0,0,54.5301
1292,26:33:00,26:33:00,26,22,0,0,64.6265
1292,26:40:00,26:40:00,86,23,0,0,70.6521
1292,26:51:00,26:51:00,113,24,0,0,80.3905
1292,27:10:00,27:10:00,123,25,0,0,94.0174
1293,09:21:00,09:21:00,63,1,0,0,0.0000
1293,09:31:00,09:31:00,38174,2,0,0,3.5600
1293,09:52:00,09:52:00,131,3,0,0,20.9674
1293,10:04:00,10:04:00,144,4,0,0,30.6705
1293,10:12:00,10:12:00,137,5,0,0,34.6371
1293,10:17:00,10:17:00,149,6,0,0,37.2809
1293,10:28:00,10:28:00,57,7,0,0,44.8377
1293,10:40:00,10:40:00,135,8,0,0,55.6292
1293,10:52:00,10:52:00,26,9,0,0,65.7256
1293,10:59:00,10:59:00,86,10,0,0,71.7511
1293,11:11:00,11:11:00,113,11,0,0,81.4896
1293,11:31:00,11:31:00,123,12,0,0,95.1165
1294,11:21:00,11:21:00,63,1,0,0,0.0000
1294,11:31:00,11:31:00,38174,2,0,0,3.5600
1294,12:00:00,12:00:00,38417,3,0,0,27.9559
1294,12:04:00,12:04:00,144,4,0,0,30.6705
1294,12:12:00,12:12:00,137,5,0,0,34.6371
1294,12:17:00,12:17:00,149,6,0,0,37.2809
1294,12:28:00,12:28:00,57,7,0,0,44.8377
1294,12:40:00,12:40:00,135,8,0,0,55.6292
1294,12:52:00,12:52:00,26,9,0,0,65.7256
1294,12:59:00,12:59:00,86,10,0,0,71.7511
1294,13:11:00,13:11:00,113,11,0,0,81.4896
1294,13:31:00,13:31:00,123,12,0,0,95.1165
1295,16:04:00,16:04:00,63,1,0,0,0.0000
1295,16:14:00,16:14:00,38174,2,0,0,3.5600
1295,16:41:00,16:41:00,128,3,0,0,26.6371
1295,16:44:00,16:44:00,38417,4,0,0,27.9559
1295,16:48:00,16:48:00,144,5,0,0,30.6705
1295,16:56:00,16:56:00,137,6,0,0,34.6371
1295,17:01:00,17:01:00,149,7,0,0,37.2809
1295,17:11:00,17:11:00,57,8,0,0,44.8377
1295,17:24:00,17:24:00,135,9,0,0,55.6292
1295,17:36:00,17:36:00,26,10,0,0,65.7256
1295,17:43:00,17:43:00,86,11,0,0,71.7511
1295,17:56:00,17:56:00,113,12,0,0,81.4896
1295,18:16:00,18:16:00,123,13,0,0,95.1165
1296,18:13:00,18:13:00,63,1,0,0,0.0000
1296,18:23:00,18:23:00,38174,2,0,0,3.5600
1296,18:43:00,18:43:00,131,3,0,0,20.9674
1296,18:52:00,18:52:00,38417,4,0,0,27.9559
1296,18:57:00,18:57:00,144,5,0,0,30.6705
1296,19:04:00,19:04:00,137,6,0,0,34.6371
1296,19:09:00,19:09:00,149,7,0,0,37.2809
1296,19:20:00,19:20:00,57,8,0,0,44.8377
1296,19:32:00,19:32:00,135,9,0,0,55.6292
1296,19:44:00,19:44:00,26,10,0,0,65.7256
1296,19:51:00,19:51:00,86,11,0,0,71.7511
1296,20:02:00,20:02:00,113,12,0,0,81.4896
1296,20:22:00,20:22:00,123,13,0,0,95.1165
1297,13:19:00,13:19:00,63,1,0,0,0.0000
1297,13:29:00,13:29:00,38174,2,0,0,3.5600
1297,13:37:00,13:37:00,134,3,0,0,8.6782
1297,13:44:00,13:44:00,121,4,0,0,12.9161
1297,13:49:00,13:49:00,25,5,0,0,15.6438
1297,13:53:00,13:53:00,126,6,0,0,16.8947
1297,13:56:00,13:56:00,51,7,0,0,18.4343
1297,14:00:00,14:00:00,131,8,0,0,19.8432
1297,14:03:00,14:03:00,64,9,0,0,21.0737
1297,14:06:00,14:06:00,151,10,0,0,22.3157
1297,14:09:00,14:09:00,3,11,0,0,23.6555
1297,14:14:00,14:14:00,128,12,0,0,25.5383
1297,14:18:00,14:18:00,78,13,0,0,28.1907
1297,14:21:00,14:21:00,144,14,0,0,29.5714
1297,14:28:00,14:28:00,137,15,0,0,33.5384
1297,14:33:00,14:33:00,149,16,0,0,36.1822
1297,14:44:00,14:44:00,57,17,0,0,43.7390
1297,14:57:00,14:57:00,135,18,0,0,54.5305
1297,15:09:00,15:09:00,26,19,0,0,64.6269
1297,15:16:00,15:16:00,86,20,0,0,70.6525
1297,15:29:00,15:29:00,113,21,0,0,80.3909
1297,15:49:00,15:49:00,123,22,0,0,94.0178
1298,21:28:00,21:28:00,63,1,0,0,0.0000
1298,21:38:00,21:38:00,38174,2,0,0,3.5600
1298,21:46:00,21:46:00,134,3,0,0,8.6782
1298,21:53:00,21:53:00,121,4,0,0,12.9161
1298,21:58:00,21:58:00,25,5,0,0,15.6438
1298,22:01:00,22:01:00,126,6,0,0,16.8947
1298,22:05:00,22:05:00,51,7,0,0,18.4343
1298,22:08:00,22:08:00,131,8,0,0,19.8432
1298,22:11:00,22:11:00,64,9,0,0,21.0737
1298,22:14:00,22:14:00,151,10,0,0,22.3157
1298,22:18:00,22:18:00,3,11,0,0,23.6555
1298,22:22:00,22:22:00,128,12,0,0,25.5383
1298,22:25:00,22:25:00,38417,13,0,0,26.8568
1298,22:29:00,22:29:00,78,14,0,0,28.1936
1298,22:32:00,22:32:00,144,15,0,0,29.5710
1298,22:39:00,22:39:00,137,16,0,0,33.5381
1298,22:44:00,22:44:00,149,17,0,0,36.1818
1298,22:55:00,22:55:00,57,18,0,0,43.7386
1298,23:08:00,23:08:00,135,19,0,0,54.5301
1298,23:19:00,23:19:00,26,20,0,0,64.6265
1298,23:26:00,23:26:00,86,21,0,0,70.6521
1298,23:37:00,23:37:00,113,22,0,0,80.3905
1298,23:57:00,23:57:00,123,23,0,0,94.0174
1299,14:41:00,14:41:00,63,1,0,0,0.0000
1299,14:52:00,14:52:00,38174,2,0,0,3.5600
1299,15:20:00,15:20:00,38417,3,0,1,27.9559
1299,15:25:00,15:25:00,144,4,0,0,30.6705
1299,15:32:00,15:32:00,137,5,0,0,34.6371
1299,15:38:00,15:38:00,149,6,0,0,37.2809
1299,15:48:00,15:48:00,57,7,0,0,44.8377
1299,16:01:00,16:01:00,135,8,0,0,55.6292
1299,16:13:00,16:13:00,26,9,0,0,65.7256
1299,16:20:00,16:20:00,86,10,0,0,71.7511
1300,18:15:00,18:15:00,63,1,0,0,0.0000
1300,18:25:00,18:25:00,38174,2,0,0,3.5600
1300,19:17:00,19:17:00,57,3,0,0,55.8458
1300,19:30:00,19:30:00,135,4,0,0,66.6455
1300,19:42:00,19:42:00,26,5,0,0,76.7419
1300,19:49:00,19:49:00,86,6,0,0,82.7674
1300,20:00:00,20:00:00,113,7,0,0,92.5059
1300,20:20:00,20:20:00,123,8,0,0,106.1328
1301,12:42:00,12:42:00,63,1,0,0,0.0000
1301,12:53:00,12:53:00,38174,2,0,0,3.5600
1301,13:14:00,13:14:00,131,3,0,0,20.9674
1301,13:23:00,13:23:00,128,4,0,0,26.6373
1301,13:26:00,13:26:00,38417,5,0,0,27.9559
1301,13:31:00,13:31:00,144,6,0,0,30.6705
1301,13:39:00,13:39:00,137,7,0,0,34.6371
1301,13:44:00,13:44:00,149,8,0,0,37.2809
1301,13:54:00,13:54:00,57,9,0,0,44.8377
1301,14:07:00,14:07:00,135,10,0,0,55.6292
1301,14:23:00,14:23:00,26,11,0,0,65.7256
1301,14:30:00,14:30:00,86,12,0,0,71.7511
1302,16:08:00,16:08:00,63,1,0,0,0.0000
1302,16:18:00,16:18:00,38174,2,0,0,3.5600
1302,16:48:00,16:48:00,144,3,0,0,30.6705
1302,16:56:00,16:56:00,137,4,0,0,34.6371
1302,17:01:00,17:01:00,149,5,0,0,37.2809
1302,17:11:00,17:11:00,57,6,0,0,44.8377
1302,17:24:00,17:24:00,135,7,0,0,55.6292
1302,17:36:00,17:36:00,26,8,0,0,65.7256
1302,17:43:00,17:43:00,86,9,0,0,71.7511
1302,17:54:00,17:54:00,113,10,0,0,81.4896
1302,18:14:00,18:14:00,123,11,0,0,95.1165
1303,16:47:00,16:47:00,63,1,0,0,0.0000
1303,16:57:00,16:57:00,38174,2,0,0,3.5600
1303,17:29:00,17:29:00,144,3,0,0,30.6705
1303,17:36:00,17:36:00,137,4,0,0,34.6371
1303,17:41:00,17:41:00,149,5,0,0,37.2809
1303,17:52:00,17:52:00,57,6,0,0,44.8377
1303,18:05:00,18:05:00,135,7,0,0,55.6292
1303,18:17:00,18:17:00,26,8,0,0,65.7256
1303,18:24:00,18:24:00,86,9,0,0,71.7511
1303,18:35:00,18:35:00,113,10,0,0,81.4896
1303,18:55:00,18:55:00,123,11,0,0,95.1165
1304,17:15:00,17:15:00,63,1,0,0,0.0000
1304,17:25:00,17:25:00,38174,2,0,0,3.5600
1304,17:57:00,17:57:00,144,3,0,0,30.6705
1304,18:04:00,18:04:00,137,4,0,0,34.6371
1304,18:09:00,18:09:00,149,5,0,0,37.2809
1304,18:20:00,18:20:00,57,6,0,0,44.8377
1304,18:33:00,18:33:00,135,7,0,0,55.6292
1304,18:45:00,18:45:00,26,8,0,0,65.7256
1304,18:52:00,18:52:00,86,9,0,0,71.7511
1304,19:03:00,19:03:00,113,10,0,0,81.4896
1304,19:23:00,19:23:00,123,11,0,0,95.1165
1305,19:57:00,19:57:00,63,1,0,0,0.0000
1305,20:07:00,20:07:00,38174,2,0,0,3.5600
1305,20:37:00,20:37:00,144,3,0,0,30.6705
1305,20:45:00,20:45:00,137,4,0,0,34.6371
1305,20:50:00,20:50:00,149,5,0,0,37.2809
1305,21:00:00,21:00:00,57,6,0,0,44.8377
1305,21:12:00,21:12:00,135,7,0,0,55.6292
1305,21:24:00,21:24:00,26,8,0,0,65.7256
1305,21:31:00,21:31:00,86,9,0,0,71.7511
1305,21:48:00,21:48:00,113,10,0,0,81.4896
1305,22:07:00,22:07:00,123,11,0,0,95.1165
1306,08:28:00,08:28:00,63,1,0,0,0.0000
1306,08:38:00,08:38:00,38174,2,0,0,3.5600
1306,09:07:00,09:07:00,38417,3,0,0,27.9559
1306,09:11:00,09:11:00,144,4,0,0,30.6705
1306,09:19:00,09:19:00,137,5,0,0,34.6371
1306,09:24:00,09:24:00,149,6,0,0,37.2809
1306,09:35:00,09:35:00,57,7,0,0,44.8377
1306,09:47:00,09:47:00,135,8,0,0,55.6292
1306,10:09:00,10:09:00,26,9,0,0,65.7256
1306,10:16:00,10:16:00,86,10,0,0,71.7511
1306,10:27:00,10:27:00,113,11,0,0,81.4896
1306,10:46:00,10:46:00,123,12,0,0,95.1165
1307,18:27:00,18:27:00,63,1,0,0,0.0000
1307,18:38:00,18:38:00,38174,2,0,0,3.5600
1307,19:06:00,19:06:00,38417,3,0,0,27.9559
1307,19:11:00,19:11:00,144,4,0,0,30.6705
1307,19:18:00,19:18:00,137,5,0,0,34.6371
1307,19:23:00,19:23:00,149,6,0,0,37.2809
1307,19:34:00,19:34:00,57,7,0,0,44.8377
1307,19:47:00,19:47:00,135,8,0,0,55.6292
1307,19:58:00,19:58:00,26,9,0,0,65.7256
1307,20:05:00,20:05:00,86,10,0,0,71.7511
1307,20:16:00,20:16:00,113,11,0,0,81.4896
1307,20:36:00,20:36:00,123,12,0,0,95.1165
1308,18:57:00,18:57:00,63,1,0,0,0.0000
1308,19:08:00,19:08:00,38174,2,0,0,3.5600
1308,19:36:00,19:36:00,38417,3,0,0,27.9559
1308,19:41:00,19:41:00,144,4,0,0,30.6705
1308,19:49:00,19:49:00,137,5,0,0,34.6371
1308,19:54:00,19:54:00,149,6,0,0,37.2809
1308,20:04:00,20:04:00,57,7,0,0,44.8377
1308,20:17:00,20:17:00,135,8,0,0,55.6292
1308,20:29:00,20:29:00,26,9,0,0,65.7256
1308,20:36:00,20:36:00,86,10,0,0,71.7511
1308,20:47:00,20:47:00,113,11,0,0,81.4896
1308,21:07:00,21:07:00,123,12,0,0,95.1165
1309,17:41:00,17:41:00,63,1,0,0,0.0000
1309,17:51:00,17:51:00,38174,2,0,0,3.5600
1309,18:23:00,18:23:00,38417,3,0,0,27.9559
1309,18:26:00,18:26:00,78,4,0,0,29.2926
1309,18:29:00,18:29:00,144,5,0,0,30.6701
1309,18:37:00,18:37:00,137,6,0,0,34.6371
1309,18:42:00,18:42:00,149,7,0,0,37.2809
1309,18:52:00,18:52:00,57,8,0,0,44.8377
1309,19:05:00,19:05:00,135,9,0,0,55.6292
1309,19:17:00,19:17:00,26,10,0,0,65.7256
1309,19:24:00,19:24:00,86,11,0,0,71.7511
1309,19:35:00,19:35:00,113,12,0,0,81.4896
1309,19:55:00,19:55:00,123,13,0,0,95.1165
1310,09:48:00,09:48:00,63,1,0,0,0.0000
1310,09:58:00,09:58:00,38174,2,0,0,3.5600
1310,10:06:00,10:06:00,134,3,0,0,8.6782
1310,10:16:00,10:16:00,25,4,0,0,15.6438
1310,10:19:00,10:19:00,126,5,0,0,16.8947
1310,10:23:00,10:23:00,51,6,0,0,18.4343
1310,10:26:00,10:26:00,131,7,0,0,19.8432
1310,10:30:00,10:30:00,64,8,0,0,21.0737
1310,10:33:00,10:33:00,151,9,0,0,22.3157
1310,10:37:00,10:37:00,3,10,0,0,23.6555
1310,10:42:00,10:42:00,128,11,0,0,25.5383
1310,10:45:00,10:45:00,38417,12,0,0,26.8568
1310,10:48:00,10:48:00,78,13,0,0,28.1936
1310,10:51:00,10:51:00,144,14,0,0,29.5710
1310,10:58:00,10:58:00,137,15,0,0,33.5381
1310,11:03:00,11:03:00,149,16,0,0,36.1818
1310,11:14:00,11:14:00,57,17,0,0,43.7386
1310,11:26:00,11:26:00,135,18,0,0,54.5301
1310,11:38:00,11:38:00,26,19,0,0,64.6265
1310,11:45:00,11:45:00,86,20,0,0,70.6521
1310,11:57:00,11:57:00,113,21,0,0,80.3905
1310,12:16:00,12:16:00,123,22,0,0,94.0174
1311,24:40:00,24:40:00,63,1,0,0,0.0000
1311,24:50:00,24:50:00,38174,2,0,0,3.5600
1311,24:58:00,24:58:00,134,3,0,0,8.6782
1311,25:02:00,25:02:00,43599,4,0,0,10.6155
1311,25:05:00,25:05:00,46,5,0,0,11.6375
1311,25:08:00,25:08:00,121,6,0,0,12.9161
1311,25:12:00,25:12:00,25,7,0,0,15.6438
1311,25:16:00,25:16:00,126,8,0,0,16.8947
1311,25:19:00,25:19:00,51,9,0,0,18.4343
1311,25:22:00,25:22:00,131,10,0,0,19.8432
1311,25:25:00,25:25:00,64,11,0,0,21.0737
1311,25:29:00,25:29:00,151,12,0,0,22.3157
1311,25:32:00,25:32:00,3,13,0,0,23.6555
1311,25:37:00,25:37:00,128,14,0,0,25.5383
1311,25:40:00,25:40:00,38417,15,0,0,26.8568
1311,25:43:00,25:43:00,78,16,0,0,28.1936
1311,25:46:00,25:46:00,144,17,0,0,29.5710
1311,25:53:00,25:53:00,137,18,0,0,33.5381
1311,25:58:00,25:58:00,149,19,0,0,36.1818
1311,26:09:00,26:09:00,57,20,0,0,43.7386
1311,26:21:00,26:21:00,135,21,0,0,54.5301
1311,26:33:00,26:33:00,26,22,0,0,64.6265
1311,26:40:00,26:40:00,86,23,0,0,70.6521
1311,26:51:00,26:51:00,113,24,0,0,80.3905
1311,27:10:00,27:10:00,123,25,0,0,94.0174
1312,21:58:00,21:58:00,63,1,0,0,0.0000
1312,22:08:00,22:08:00,38174,2,0,0,3.5600
1312,22:14:00,22:14:00,66,3,0,0,7.6585
1312,22:17:00,22:17:00,75,4,0,0,8.2180
1312,22:20:00,22:20:00,33,5,0,0,9.3191
1312,22:23:00,22:23:00,115,6,0,0,10.5657
1312,22:26:00,22:26:00,29,7,0,0,12.2295
1312,22:31:00,22:31:00,116,8,0,0,15.7517
1312,22:35:00,22:35:00,58,9,0,0,17.8487
1312,22:39:00,22:39:00,52,10,0,0,19.5386
1312,22:44:00,22:44:00,131,11,0,0,21.0006
1312,22:47:00,22:47:00,64,12,0,0,22.2282
1312,22:50:00,22:50:00,151,13,0,0,23.4703
1312,22:54:00,22:54:00,3,14,0,0,24.8100
1312,22:58:00,22:58:00,128,15,0,0,26.6928
1312,23:01:00,23:01:00,38417,16,0,0,28.0114
1312,23:04:00,23:04:00,78,17,0,0,29.3481
1312,23:07:00,23:07:00,144,18,0,0,30.7256
1312,23:15:00,23:15:00,137,19,0,0,34.6926
1312,23:20:00,23:20:00,149,20,0,0,37.3364
1312,23:30:00,23:30:00,57,21,0,0,44.8932
1312,23:42:00,23:42:00,135,22,0,0,55.6847
1312,23:54:00,23:54:00,26,23,0,0,65.7811
1312,24:01:00,24:01:00,86,24,0,0,71.8066
1312,24:12:00,24:12:00,113,25,0,0,81.5451
1312,24:31:00,24:31:00,123,26,0,0,95.1720
1313,06:02:00,06:02:00,145,1,0,0,0.0000
1313,06:06:00,06:06:00,136,2,0,0,1.8786
1313,06:09:00,06:09:00,87,3,0,0,2.9261
1313,06:13:00,06:13:00,81,4,0,0,4.4555
1313,06:16:00,06:16:00,140,5,0,0,5.7373
1313,06:18:00,06:18:00,97,6,0,0,6.4953
1313,06:20:00,06:20:00,61,7,0,0,7.4235
1313,06:22:00,06:22:00,112,8,0,0,8.0773
1313,06:24:00,06:24:00,23,9,0,0,8.9706
1313,06:26:00,06:26:00,37,10,0,0,9.4867
1313,06:31:00,06:31:00,106,11,0,0,11.7114
1313,06:47:00,06:47:00,63,12,0,0,19.5097
1314,07:55:00,07:55:00,145,1,0,0,0.0000
1314,07:59:00,07:59:00,136,2,0,0,1.8786
1314,08:02:00,08:02:00,87,3,0,0,2.9261
1314,08:06:00,08:06:00,81,4,0,0,4.4555
1314,08:09:00,08:09:00,140,5,0,0,5.7373
1314,08:11:00,08:11:00,97,6,0,0,6.4953
1314,08:14:00,08:14:00,61,7,0,0,7.4235
1314,08:16:00,08:16:00,112,8,0,0,8.0773
1314,08:19:00,08:19:00,23,9,0,0,8.9706
1314,08:21:00,08:21:00,37,10,0,0,9.4867
1314,08:26:00,08:26:00,106,11,0,0,11.7114
1314,08:42:00,08:42:00,63,12,0,0,19.5097
1315,08:30:00,08:30:00,145,1,0,0,0.0000
1315,08:34:00,08:34:00,136,2,0,0,1.8786
1315,08:37:00,08:37:00,87,3,0,0,2.9261
1315,08:40:00,08:40:00,81,4,0,0,4.4555
1315,08:43:00,08:43:00,140,5,0,0,5.7373
1315,08:45:00,08:45:00,97,6,0,0,6.4953
1315,08:48:00,08:48:00,61,7,0,0,7.4235
1315,08:50:00,08:50:00,112,8,0,0,8.0773
1315,08:52:00,08:52:00,23,9,0,0,8.9706
1315,08:54:00,08:54:00,37,10,0,0,9.4867
1315,08:59:00,08:59:00,106,11,0,0,11.7114
1315,09:15:00,09:15:00,63,12,0,0,19.5097
1316,17:00:00,17:00:00,145,1,0,0,0.0000
1316,17:04:00,17:04:00,136,2,0,0,1.8786
1316,17:07:00,17:07:00,87,3,0,0,2.9261
1316,17:10:00,17:10:00,81,4,0,0,4.4555
1316,17:13:00,17:13:00,140,5,0,0,5.7373
1316,17:15:00,17:15:00,97,6,0,0,6.4953
1316,17:17:00,17:17:00,61,7,0,0,7.4235
1316,17:20:00,17:20:00,112,8,0,0,8.0773
1316,17:22:00,17:22:00,23,9,0,0,8.9706
1316,17:24:00,17:24:00,37,10,0,0,9.4867
1316,17:29:00,17:29:00,106,11,0,0,11.7114
1316,17:45:00,17:45:00,63,12,0,0,19.5097
1317,18:00:00,18:00:00,145,1,0,0,0.0000
1317,18:04:00,18:04:00,136,2,0,0,1.8786
1317,18:07:00,18:07:00,87,3,0,0,2.9261
1317,18:10:00,18:10:00,81,4,0,0,4.4555
1317,18:13:00,18:13:00,140,5,0,0,5.7373
1317,18:15:00,18:15:00,97,6,0,0,6.4953
1317,18:17:00,18:17:00,61,7,0,0,7.4235
1317,18:20:00,18:20:00,112,8,0,0,8.0773
1317,18:22:00,18:22:00,23,9,0,0,8.9706
1317,18:24:00,18:24:00,37,10,0,0,9.4867
1317,18:29:00,18:29:00,106,11,0,0,11.7114
1317,18:45:00,18:45:00,63,12,0,0,19.5097
1318,19:00:00,19:00:00,145,1,0,0,0.0000
1318,19:04:00,19:04:00,136,2,0,0,1.8786
1318,19:07:00,19:07:00,87,3,0,0,2.9261
1318,19:10:00,19:10:00,81,4,0,0,4.4555
1318,19:13:00,19:13:00,140,5,0,0,5.7373
1318,19:15:00,19:15:00,97,6,0,0,6.4953
1318,19:17:00,19:17:00,61,7,0,0,7.4235
1318,19:20:00,19:20:00,112,8,0,0,8.0773
1318,19:22:00,19:22:00,23,9,0,0,8.9706
1318,19:24:00,19:24:00,37,10,0,0,9.4867
1318,19:29:00,19:29:00,106,11,0,0,11.7114
1318,19:45:00,19:45:00,63,12,0,0,19.5097
1319,04:03:00,04:03:00,35,1,0,0,0.0000
1319,04:10:00,04:10:00,34,2,0,0,4.2085
1319,04:13:00,04:13:00,94,3,0,0,4.7614
1319,04:19:00,04:19:00,91,4,0,0,8.0347
1319,04:23:00,04:23:00,92,5,0,0,10.2252
1319,04:27:00,04:27:00,30,6,0,0,12.2631
1319,04:31:00,04:31:00,77,7,0,0,14.3932
1319,04:35:00,04:35:00,27,8,0,0,16.3680
1319,04:42:00,04:42:00,145,9,0,0,18.5328
1319,04:47:00,04:47:00,136,10,0,0,20.4114
1319,04:50:00,04:50:00,87,11,0,0,21.4589
1319,04:54:00,04:54:00,81,12,0,0,22.9883
1319,04:57:00,04:57:00,140,13,0,0,24.2701
1319,05:00:00,05:00:00,97,14,0,0,25.0280
1319,05:04:00,05:04:00,112,15,0,0,26.5684
1319,05:07:00,05:07:00,23,16,0,0,27.4617
1319,05:10:00,05:10:00,37,17,0,0,27.9778
1319,05:16:00,05:16:00,106,18,0,0,30.2025
1319,05:26:00,05:26:00,38187,19,0,0,35.6462
1319,05:39:00,05:39:00,105,20,0,0,40.6343
1320,06:40:00,06:40:00,35,1,0,0,0.0000
1320,06:47:00,06:47:00,34,2,0,0,4.2085
1320,06:50:00,06:50:00,94,3,0,0,4.7614
1320,06:56:00,06:56:00,91,4,0,0,8.0347
1320,07:00:00,07:00:00,92,5,0,0,10.2252
1320,07:04:00,07:04:00,30,6,0,0,12.2631
1320,07:08:00,07:08:00,77,7,0,0,14.3932
1320,07:12:00,07:12:00,27,8,0,0,16.3680
1320,07:18:00,07:18:00,145,9,0,0,18.5328
1320,07:22:00,07:22:00,136,10,0,0,20.4114
1320,07:25:00,07:25:00,87,11,0,0,21.4589
1320,07:29:00,07:29:00,81,12,0,0,22.9883
1320,07:32:00,07:32:00,140,13,0,0,24.2701
1320,07:37:00,07:37:00,112,14,0,0,26.5583
1320,07:40:00,07:40:00,23,15,0,0,27.4517
1320,07:46:00,07:46:00,106,16,0,0,30.1869
1320,07:57:00,07:57:00,38187,17,0,0,35.6307
1320,08:09:00,08:09:00,105,18,0,0,40.6187
1321,05:05:00,05:05:00,35,1,0,0,0.0000
1321,05:12:00,05:12:00,34,2,0,0,4.2085
1321,05:19:00,05:19:00,91,3,0,0,8.0326
1321,05:23:00,05:23:00,92,4,0,0,10.2231
1321,05:27:00,05:27:00,30,5,0,0,12.2610
1321,05:31:00,05:31:00,77,6,0,0,14.3911
1321,05:35:00,05:35:00,27,7,0,0,16.3659
1321,05:42:00,05:42:00,145,8,0,0,18.5307
1321,05:47:00,05:47:00,136,9,0,0,20.4093
1321,05:50:00,05:50:00,87,10,0,0,21.4568
1321,05:54:00,05:54:00,81,11,0,0,22.9862
1321,05:57:00,05:57:00,140,12,0,0,24.2680
1321,06:01:00,06:01:00,61,13,0,0,25.9542
1321,06:04:00,06:04:00,112,14,0,0,26.6080
1321,06:07:00,06:07:00,23,15,0,0,27.5013
1321,06:10:00,06:10:00,37,16,0,0,28.0174
1321,06:16:00,06:16:00,106,17,0,0,30.2420
1321,06:32:00,06:32:00,38187,18,0,0,35.6858
1321,06:45:00,06:45:00,105,19,0,0,40.6739
1322,07:05:00,07:05:00,35,1,0,0,0.0000
1322,07:12:00,07:12:00,34,2,0,0,4.2085
1322,07:19:00,07:19:00,91,3,0,0,8.0326
1322,07:23:00,07:23:00,92,4,0,0,10.2231
1322,07:27:00,07:27:00,30,5,0,0,12.2610
1322,07:31:00,07:31:00,77,6,0,0,14.3911
1322,07:35:00,07:35:00,27,7,0,0,16.3659
1322,07:42:00,07:42:00,145,8,0,0,18.5307
1322,07:47:00,07:47:00,136,9,0,0,20.4093
1322,07:50:00,07:50:00,87,10,0,0,21.4568
1322,07:54:00,07:54:00,81,11,0,0,22.9862
1322,07:57:00,07:57:00,140,12,0,0,24.2680
1322,08:01:00,08:01:00,61,13,0,0,25.9542
1322,08:04:00,08:04:00,112,14,0,0,26.6080
1322,08:07:00,08:07:00,23,15,0,0,27.5013
1322,08:10:00,08:10:00,37,16,0,0,28.0174
1322,08:16:00,08:16:00,106,17,0,0,30.2420
1322,08:25:00,08:25:00,38187,18,0,0,35.6858
1322,08:39:00,08:39:00,105,19,0,0,40.6739
1323,13:05:00,13:05:00,35,1,0,0,0.0000
1323,13:12:00,13:12:00,34,2,0,0,4.2085
1323,13:19:00,13:19:00,91,3,0,0,8.0326
1323,13:23:00,13:23:00,92,4,0,0,10.2231
1323,13:27:00,13:27:00,30,5,0,0,12.2610
1323,13:31:00,13:31:00,77,6,0,0,14.3911
1323,13:35:00,13:35:00,27,7,0,0,16.3659
1323,13:42:00,13:42:00,145,8,0,0,18.5307
1323,13:47:00,13:47:00,136,9,0,0,20.4093
1323,13:50:00,13:50:00,87,10,0,0,21.4568
1323,13:54:00,13:54:00,81,11,0,0,22.9862
1323,13:57:00,13:57:00,140,12,0,0,24.2680
1323,14:01:00,14:01:00,61,13,0,0,25.9542
1323,14:04:00,14:04:00,112,14,0,0,26.6080
1323,14:07:00,14:07:00,23,15,0,0,27.5013
1323,14:10:00,14:10:00,37,16,0,0,28.0174
1323,14:16:00,14:16:00,106,17,0,0,30.2420
1323,14:25:00,14:25:00,38187,18,0,0,35.6858
1323,14:39:00,14:39:00,105,19,0,0,40.6739
1324,15:05:00,15:05:00,35,1,0,0,0.0000
1324,15:12:00,15:12:00,34,2,0,0,4.2085
1324,15:19:00,15:19:00,91,3,0,0,8.0326
1324,15:23:00,15:23:00,92,4,0,0,10.2231
1324,15:27:00,15:27:00,30,5,0,0,12.2610
1324,15:31:00,15:31:00,77,6,0,0,14.3911
1324,15:35:00,15:35:00,27,7,0,0,16.3659
1324,15:42:00,15:42:00,145,8,0,0,18.5307
1324,15:47:00,15:47:00,136,9,0,0,20.4093
1324,15:50:00,15:50:00,87,10,0,0,21.4568
1324,15:54:00,15:54:00,81,11,0,0,22.9862
1324,15:57:00,15:57:00,140,12,0,0,24.2680
1324,16:01:00,16:01:00,61,13,0,0,25.9542
1324,16:04:00,16:04:00,112,14,0,0,26.6080
1324,16:07:00,16:07:00,23,15,0,0,27.5013
1324,16:10:00,16:10:00,37,16,0,0,28.0174
1324,16:16:00,16:16:00,106,17,0,0,30.2420
1324,16:25:00,16:25:00,38187,18,0,0,35.6858
1324,16:39:00,16:39:00,105,19,0,0,40.6739
1325,19:05:00,19:05:00,35,1,0,0,0.0000
1325,19:12:00,19:12:00,34,2,0,0,4.2085
1325,19:19:00,19:19:00,91,3,0,0,8.0326
1325,19:23:00,19:23:00,92,4,0,0,10.2231
1325,19:27:00,19:27:00,30,5,0,0,12.2610
1325,19:31:00,19:31:00,77,6,0,0,14.3911
1325,19:35:00,19:35:00,27,7,0,0,16.3659
1325,19:42:00,19:42:00,145,8,0,0,18.5307
1325,19:47:00,19:47:00,136,9,0,0,20.4093
1325,19:50:00,19:50:00,87,10,0,0,21.4568
1325,19:54:00,19:54:00,81,11,0,0,22.9862
1325,19:57:00,19:57:00,140,12,0,0,24.2680
1325,20:01:00,20:01:00,61,13,0,0,25.9542
1325,20:04:00,20:04:00,112,14,0,0,26.6080
1325,20:07:00,20:07:00,23,15,0,0,27.5013
1325,20:10:00,20:10:00,37,16,0,0,28.0174
1325,20:16:00,20:16:00,106,17,0,0,30.2420
1325,20:27:00,20:27:00,38187,18,0,0,35.6858
1325,20:40:00,20:40:00,105,19,0,0,40.6739
1326,21:05:00,21:05:00,35,1,0,0,0.0000
1326,21:12:00,21:12:00,34,2,0,0,4.2085
1326,21:19:00,21:19:00,91,3,0,0,8.0326
1326,21:23:00,21:23:00,92,4,0,0,10.2231
1326,21:27:00,21:27:00,30,5,0,0,12.2610
1326,21:31:00,21:31:00,77,6,0,0,14.3911
1326,21:35:00,21:35:00,27,7,0,0,16.3659
1326,21:42:00,21:42:00,145,8,0,0,18.5307
1326,21:47:00,21:47:00,136,9,0,0,20.4093
1326,21:50:00,21:50:00,87,10,0,0,21.4568
1326,21:54:00,21:54:00,81,11,0,0,22.9862
1326,21:57:00,21:57:00,140,12,0,0,24.2680
1326,22:01:00,22:01:00,61,13,0,0,25.9542
1326,22:04:00,22:04:00,112,14,0,0,26.6080
1326,22:07:00,22:07:00,23,15,0,0,27.5013
1326,22:10:00,22:10:00,37,16,0,0,28.0174
1326,22:16:00,22:16:00,106,17,0,0,30.2420
1326,22:25:00,22:25:00,38187,18,0,0,35.6858
1326,22:39:00,22:39:00,105,19,0,0,40.6739
1327,06:05:00,06:05:00,35,1,0,0,0.0000
1327,06:12:00,06:12:00,34,2,0,0,4.2085
1327,06:19:00,06:19:00,91,3,0,0,8.0326
1327,06:23:00,06:23:00,92,4,0,0,10.2231
1327,06:27:00,06:27:00,30,5,0,0,12.2610
1327,06:31:00,06:31:00,77,6,0,0,14.3911
1327,06:35:00,06:35:00,27,7,0,0,16.3659
1327,06:42:00,06:42:00,145,8,0,0,18.5307
1327,06:47:00,06:47:00,136,9,0,0,20.4093
1327,06:50:00,06:50:00,87,10,0,0,21.4568
1327,06:54:00,06:54:00,81,11,0,0,22.9862
1327,06:57:00,06:57:00,140,12,0,0,24.2680
1327,07:00:00,07:00:00,97,13,0,0,25.0259
1327,07:04:00,07:04:00,112,14,0,0,26.5663
1327,07:07:00,07:07:00,23,15,0,0,27.4597
1327,07:10:00,07:10:00,37,16,0,0,27.9758
1327,07:16:00,07:16:00,106,17,0,0,30.2004
1327,07:25:00,07:25:00,38187,18,0,0,35.6441
1327,07:39:00,07:39:00,105,19,0,0,40.6322
1328,12:05:00,12:05:00,35,1,0,0,0.0000
1328,12:12:00,12:12:00,34,2,0,0,4.2085
1328,12:19:00,12:19:00,91,3,0,0,8.0326
1328,12:23:00,12:23:00,92,4,0,0,10.2231
1328,12:27:00,12:27:00,30,5,0,0,12.2610
1328,12:31:00,12:31:00,77,6,0,0,14.3911
1328,12:35:00,12:35:00,27,7,0,0,16.3659
1328,12:42:00,12:42:00,145,8,0,0,18.5307
1328,12:47:00,12:47:00,136,9,0,0,20.4093
1328,12:50:00,12:50:00,87,10,0,0,21.4568
1328,12:54:00,12:54:00,81,11,0,0,22.9862
1328,12:57:00,12:57:00,140,12,0,0,24.2680
1328,13:00:00,13:00:00,97,13,0,0,25.0259
1328,13:04:00,13:04:00,112,14,0,0,26.5663
1328,13:07:00,13:07:00,23,15,0,0,27.4597
1328,13:10:00,13:10:00,37,16,0,0,27.9758
1328,13:16:00,13:16:00,106,17,0,0,30.2004
1328,13:25:00,13:25:00,38187,18,0,0,35.6441
1328,13:39:00,13:39:00,105,19,0,0,40.6322
1329,16:05:00,16:05:00,35,1,0,0,0.0000
1329,16:12:00,16:12:00,34,2,0,0,4.2085
1329,16:19:00,16:19:00,91,3,0,0,8.0326
1329,16:23:00,16:23:00,92,4,0,0,10.2231
1329,16:27:00,16:27:00,30,5,0,0,12.2610
1329,16:31:00,16:31:00,77,6,0,0,14.3911
1329,16:35:00,16:35:00,27,7,0,0,16.3659
1329,16:42:00,16:42:00,145,8,0,0,18.5307
1329,16:47:00,16:47:00,136,9,0,0,20.4093
1329,16:50:00,16:50:00,87,10,0,0,21.4568
1329,16:54:00,16:54:00,81,11,0,0,22.9862
1329,16:57:00,16:57:00,140,12,0,0,24.2680
1329,17:00:00,17:00:00,97,13,0,0,25.0259
1329,17:04:00,17:04:00,112,14,0,0,26.5663
1329,17:07:00,17:07:00,23,15,0,0,27.4597
1329,17:10:00,17:10:00,37,16,0,0,27.9758
1329,17:16:00,17:16:00,106,17,0,0,30.2004
1329,17:25:00,17:25:00,38187,18,0,0,35.6441
1329,17:41:00,17:41:00,105,19,0,0,40.6322
1330,18:05:00,18:05:00,35,1,0,0,0.0000
1330,18:12:00,18:12:00,34,2,0,0,4.2085
1330,18:19:00,18:19:00,91,3,0,0,8.0326
1330,18:23:00,18:23:00,92,4,0,0,10.2231
1330,18:27:00,18:27:00,30,5,0,0,12.2610
1330,18:31:00,18:31:00,77,6,0,0,14.3911
1330,18:35:00,18:35:00,27,7,0,0,16.3659
1330,18:42:00,18:42:00,145,8,0,0,18.5307
1330,18:47:00,18:47:00,136,9,0,0,20.4093
1330,18:50:00,18:50:00,87,10,0,0,21.4568
1330,18:54:00,18:54:00,81,11,0,0,22.9862
1330,18:57:00,18:57:00,140,12,0,0,24.2680
1330,19:00:00,19:00:00,97,13,0,0,25.0259
1330,19:04:00,19:04:00,112,14,0,0,26.5663
1330,19:07:00,19:07:00,23,15,0,0,27.4597
1330,19:10:00,19:10:00,37,16,0,0,27.9758
1330,19:16:00,19:16:00,106,17,0,0,30.2004
1330,19:25:00,19:25:00,38187,18,0,0,35.6441
1330,19:39:00,19:39:00,105,19,0,0,40.6322
1331,22:05:00,22:05:00,35,1,0,0,0.0000
1331,22:12:00,22:12:00,34,2,0,0,4.2085
1331,22:19:00,22:19:00,91,3,0,0,8.0326
1331,22:23:00,22:23:00,92,4,0,0,10.2231
1331,22:27:00,22:27:00,30,5,0,0,12.2610
1331,22:31:00,22:31:00,77,6,0,0,14.3911
1331,22:35:00,22:35:00,27,7,0,0,16.3659
1331,22:42:00,22:42:00,145,8,0,0,18.5307
1331,22:47:00,22:47:00,136,9,0,0,20.4093
1331,22:50:00,22:50:00,87,10,0,0,21.4568
1331,22:54:00,22:54:00,81,11,0,0,22.9862
1331,22:57:00,22:57:00,140,12,0,0,24.2680
1331,23:00:00,23:00:00,97,13,0,0,25.0259
1331,23:04:00,23:04:00,112,14,0,0,26.5663
1331,23:07:00,23:07:00,23,15,0,0,27.4597
1331,23:10:00,23:10:00,37,16,0,0,27.9758
1331,23:16:00,23:16:00,106,17,0,0,30.2004
1331,23:25:00,23:25:00,38187,18,0,0,35.6441
1331,23:39:00,23:39:00,105,19,0,0,40.6322
1332,09:03:00,09:03:00,35,1,0,0,0.0000
1332,09:10:00,09:10:00,34,2,0,0,4.2085
1332,09:13:00,09:13:00,94,3,0,0,4.7614
1332,09:19:00,09:19:00,91,4,0,0,8.0347
1332,09:23:00,09:23:00,92,5,0,0,10.2252
1332,09:27:00,09:27:00,30,6,0,0,12.2631
1332,09:31:00,09:31:00,77,7,0,0,14.3932
1332,09:35:00,09:35:00,27,8,0,0,16.3680
1332,09:42:00,09:42:00,145,9,0,0,18.5328
1332,09:47:00,09:47:00,136,10,0,0,20.4114
1332,09:50:00,09:50:00,87,11,0,0,21.4589
1332,09:54:00,09:54:00,81,12,0,0,22.9883
1332,09:57:00,09:57:00,140,13,0,0,24.2701
1332,10:01:00,10:01:00,61,14,0,0,25.9563
1332,10:04:00,10:04:00,112,15,0,0,26.6100
1332,10:07:00,10:07:00,23,16,0,0,27.5034
1332,10:10:00,10:10:00,37,17,0,0,28.0195
1332,10:16:00,10:16:00,106,18,0,0,30.2441
1332,10:25:00,10:25:00,38187,19,0,0,35.6879
1332,10:39:00,10:39:00,105,20,0,0,40.6759
1333,11:03:00,11:03:00,35,1,0,0,0.0000
1333,11:10:00,11:10:00,34,2,0,0,4.2085
1333,11:13:00,11:13:00,94,3,0,0,4.7614
1333,11:19:00,11:19:00,91,4,0,0,8.0347
1333,11:23:00,11:23:00,92,5,0,0,10.2252
1333,11:27:00,11:27:00,30,6,0,0,12.2631
1333,11:31:00,11:31:00,77,7,0,0,14.3932
1333,11:35:00,11:35:00,27,8,0,0,16.3680
1333,11:42:00,11:42:00,145,9,0,0,18.5328
1333,11:47:00,11:47:00,136,10,0,0,20.4114
1333,11:50:00,11:50:00,87,11,0,0,21.4589
1333,11:54:00,11:54:00,81,12,0,0,22.9883
1333,11:57:00,11:57:00,140,13,0,0,24.2701
1333,12:01:00,12:01:00,61,14,0,0,25.9563
1333,12:04:00,12:04:00,112,15,0,0,26.6100
1333,12:07:00,12:07:00,23,16,0,0,27.5034
1333,12:10:00,12:10:00,37,17,0,0,28.0195
1333,12:16:00,12:16:00,106,18,0,0,30.2441
1333,12:25:00,12:25:00,38187,19,0,0,35.6879
1333,12:40:00,12:40:00,105,20,0,0,40.6759
1334,17:03:00,17:03:00,35,1,0,0,0.0000
1334,17:10:00,17:10:00,34,2,0,0,4.2085
1334,17:13:00,17:13:00,94,3,0,0,4.7614
1334,17:19:00,17:19:00,91,4,0,0,8.0347
1334,17:23:00,17:23:00,92,5,0,0,10.2252
1334,17:27:00,17:27:00,30,6,0,0,12.2631
1334,17:31:00,17:31:00,77,7,0,0,14.3932
1334,17:35:00,17:35:00,27,8,0,0,16.3680
1334,17:42:00,17:42:00,145,9,0,0,18.5328
1334,17:47:00,17:47:00,136,10,0,0,20.4114
1334,17:50:00,17:50:00,87,11,0,0,21.4589
1334,17:54:00,17:54:00,81,12,0,0,22.9883
1334,17:57:00,17:57:00,140,13,0,0,24.2701
1334,18:01:00,18:01:00,61,14,0,0,25.9563
1334,18:04:00,18:04:00,112,15,0,0,26.6100
1334,18:07:00,18:07:00,23,16,0,0,27.5034
1334,18:10:00,18:10:00,37,17,0,0,28.0195
1334,18:16:00,18:16:00,106,18,0,0,30.2441
1334,18:25:00,18:25:00,38187,19,0,0,35.6879
1334,18:39:00,18:39:00,105,20,0,0,40.6759
1335,23:03:00,23:03:00,35,1,0,0,0.0000
1335,23:10:00,23:10:00,34,2,0,0,4.2085
1335,23:13:00,23:13:00,94,3,0,0,4.7614
1335,23:19:00,23:19:00,91,4,0,0,8.0347
1335,23:23:00,23:23:00,92,5,0,0,10.2252
1335,23:27:00,23:27:00,30,6,0,0,12.2631
1335,23:31:00,23:31:00,77,7,0,0,14.3932
1335,23:35:00,23:35:00,27,8,0,0,16.3680
1335,23:42:00,23:42:00,145,9,0,0,18.5328
1335,23:47:00,23:47:00,136,10,0,0,20.4114
1335,23:50:00,23:50:00,87,11,0,0,21.4589
1335,23:54:00,23:54:00,81,12,0,0,22.9883
1335,23:57:00,23:57:00,140,13,0,0,24.2701
1335,24:01:00,24:01:00,61,14,0,0,25.9563
1335,24:04:00,24:04:00,112,15,0,0,26.6100
1335,24:07:00,24:07:00,23,16,0,0,27.5034
1335,24:10:00,24:10:00,37,17,0,0,28.0195
1335,24:16:00,24:16:00,106,18,0,0,30.2441
1335,24:25:00,24:25:00,38187,19,0,0,35.6879
1335,24:39:00,24:39:00,105,20,0,0,40.6759
1336,08:03:00,08:03:00,35,1,0,0,0.0000
1336,08:10:00,08:10:00,34,2,0,0,4.2085
1336,08:13:00,08:13:00,94,3,0,0,4.7614
1336,08:19:00,08:19:00,91,4,0,0,8.0347
1336,08:23:00,08:23:00,92,5,0,0,10.2252
1336,08:27:00,08:27:00,30,6,0,0,12.2631
1336,08:31:00,08:31:00,77,7,0,0,14.3932
1336,08:35:00,08:35:00,27,8,0,0,16.3680
1336,08:42:00,08:42:00,145,9,0,0,18.5328
1336,08:47:00,08:47:00,136,10,0,0,20.4114
1336,08:50:00,08:50:00,87,11,0,0,21.4589
1336,08:54:00,08:54:00,81,12,0,0,22.9883
1336,08:57:00,08:57:00,140,13,0,0,24.2701
1336,09:00:00,09:00:00,97,14,0,0,25.0280
1336,09:04:00,09:04:00,112,15,0,0,26.5684
1336,09:07:00,09:07:00,23,16,0,0,27.4617
1336,09:10:00,09:10:00,37,17,0,0,27.9778
1336,09:16:00,09:16:00,106,18,0,0,30.2025
1336,09:25:00,09:25:00,38187,19,0,0,35.6462
1336,09:39:00,09:39:00,105,20,0,0,40.6343
1337,10:03:00,10:03:00,35,1,0,0,0.0000
1337,10:10:00,10:10:00,34,2,0,0,4.2085
1337,10:13:00,10:13:00,94,3,0,0,4.7614
1337,10:19:00,10:19:00,91,4,0,0,8.0347
1337,10:23:00,10:23:00,92,5,0,0,10.2252
1337,10:27:00,10:27:00,30,6,0,0,12.2631
1337,10:31:00,10:31:00,77,7,0,0,14.3932
1337,10:35:00,10:35:00,27,8,0,0,16.3680
1337,10:42:00,10:42:00,145,9,0,0,18.5328
1337,10:47:00,10:47:00,136,10,0,0,20.4114
1337,10:50:00,10:50:00,87,11,0,0,21.4589
1337,10:54:00,10:54:00,81,12,0,0,22.9883
1337,10:57:00,10:57:00,140,13,0,0,24.2701
1337,11:00:00,11:00:00,97,14,0,0,25.0280
1337,11:04:00,11:04:00,112,15,0,0,26.5684
1337,11:07:00,11:07:00,23,16,0,0,27.4617
1337,11:10:00,11:10:00,37,17,0,0,27.9778
1337,11:16:00,11:16:00,106,18,0,0,30.2025
1337,11:25:00,11:25:00,38187,19,0,0,35.6462
1337,11:39:00,11:39:00,105,20,0,0,40.6343
1338,14:03:00,14:03:00,35,1,0,0,0.0000
1338,14:10:00,14:10:00,34,2,0,0,4.2085
1338,14:13:00,14:13:00,94,3,0,0,4.7614
1338,14:19:00,14:19:00,91,4,0,0,8.0347
1338,14:23:00,14:23:00,92,5,0,0,10.2252
1338,14:27:00,14:27:00,30,6,0,0,12.2631
1338,14:31:00,14:31:00,77,7,0,0,14.3932
1338,14:35:00,14:35:00,27,8,0,0,16.3680
1338,14:42:00,14:42:00,145,9,0,0,18.5328
1338,14:47:00,14:47:00,136,10,0,0,20.4114
1338,14:50:00,14:50:00,87,11,0,0,21.4589
1338,14:54:00,14:54:00,81,12,0,0,22.9883
1338,14:57:00,14:57:00,140,13,0,0,24.2701
1338,15:00:00,15:00:00,97,14,0,0,25.0280
1338,15:04:00,15:04:00,112,15,0,0,26.5684
1338,15:07:00,15:07:00,23,16,0,0,27.4617
1338,15:10:00,15:10:00,37,17,0,0,27.9778
1338,15:16:00,15:16:00,106,18,0,0,30.2025
1338,15:25:00,15:25:00,38187,19,0,0,35.6462
1338,15:39:00,15:39:00,105,20,0,0,40.6343
1339,20:03:00,20:03:00,35,1,0,0,0.0000
1339,20:10:00,20:10:00,34,2,0,0,4.2085
1339,20:13:00,20:13:00,94,3,0,0,4.7614
1339,20:19:00,20:19:00,91,4,0,0,8.0347
1339,20:23:00,20:23:00,92,5,0,0,10.2252
1339,20:27:00,20:27:00,30,6,0,0,12.2631
1339,20:31:00,20:31:00,77,7,0,0,14.3932
1339,20:35:00,20:35:00,27,8,0,0,16.3680
1339,20:42:00,20:42:00,145,9,0,0,18.5328
1339,20:47:00,20:47:00,136,10,0,0,20.4114
1339,20:50:00,20:50:00,87,11,0,0,21.4589
1339,20:54:00,20:54:00,81,12,0,0,22.9883
1339,20:57:00,20:57:00,140,13,0,0,24.2701
1339,21:00:00,21:00:00,97,14,0,0,25.0280
1339,21:04:00,21:04:00,112,15,0,0,26.5684
1339,21:07:00,21:07:00,23,16,0,0,27.4617
1339,21:10:00,21:10:00,37,17,0,0,27.9778
1339,21:16:00,21:16:00,106,18,0,0,30.2025
1339,21:25:00,21:25:00,38187,19,0,0,35.6462
1339,21:39:00,21:39:00,105,20,0,0,40.6343
1340,20:28:00,20:28:00,35,1,0,0,0.0000
1340,20:36:00,20:36:00,34,2,0,0,4.2085
1340,20:42:00,20:42:00,91,3,0,0,8.0326
1340,20:46:00,20:46:00,92,4,0,0,10.2231
1340,20:50:00,20:50:00,30,5,0,0,12.2610
1340,20:54:00,20:54:00,77,6,0,0,14.3911
1340,20:57:00,20:57:00,27,7,0,0,16.3659
1340,21:04:00,21:04:00,145,8,0,0,18.5307
1340,21:08:00,21:08:00,136,9,0,0,20.4093
1340,21:11:00,21:11:00,87,10,0,0,21.4568
1340,21:15:00,21:15:00,81,11,0,0,22.9862
1340,21:19:00,21:19:00,140,12,0,0,24.2680
1340,21:23:00,21:23:00,112,13,0,0,26.5562
1340,21:27:00,21:27:00,23,14,0,0,27.4496
1340,21:32:00,21:32:00,106,15,0,0,30.1848
1340,21:43:00,21:43:00,38187,16,0,0,35.6286
1340,21:56:00,21:56:00,105,17,0,0,40.6167
1341,11:58:00,11:58:00,35,1,0,0,0.0000
1341,12:07:00,12:07:00,34,2,0,0,4.2085
1341,12:14:00,12:14:00,91,3,0,0,8.0326
1341,12:18:00,12:18:00,92,4,0,0,10.2231
1341,12:22:00,12:22:00,30,5,0,0,12.2610
1341,12:26:00,12:26:00,77,6,0,0,14.3911
1341,12:30:00,12:30:00,27,7,0,0,16.3659
1341,12:36:00,12:36:00,145,8,0,0,18.5307
1341,12:40:00,12:40:00,136,9,0,0,20.4093
1341,12:43:00,12:43:00,87,10,0,0,21.4568
1341,12:47:00,12:47:00,81,11,0,0,22.9862
1341,12:50:00,12:50:00,140,12,0,0,24.2680
1341,12:55:00,12:55:00,112,13,0,0,26.5562
1341,12:58:00,12:58:00,23,14,0,0,27.4496
1341,13:04:00,13:04:00,106,15,0,0,30.1848
1341,13:14:00,13:14:00,38187,16,0,0,35.6286
1341,13:27:00,13:27:00,105,17,0,0,40.6170
1342,06:41:00,06:41:00,35,1,0,0,0.0000
1342,06:49:00,06:49:00,34,2,0,0,4.2085
1342,06:56:00,06:56:00,91,3,0,0,8.0326
1342,07:01:00,07:01:00,92,4,0,0,10.2231
1342,07:05:00,07:05:00,30,5,0,0,12.2610
1342,07:09:00,07:09:00,77,6,0,0,14.3911
1342,07:14:00,07:14:00,27,7,0,0,16.3659
1342,07:32:00,07:32:00,140,8,0,0,22.8831
1342,07:38:00,07:38:00,23,9,0,0,25.4388
1342,08:05:00,08:05:00,105,10,0,0,37.3390
1343,07:33:00,07:33:00,35,1,0,0,0.0000
1343,07:41:00,07:41:00,34,2,0,0,4.2085
1343,07:48:00,07:48:00,91,3,0,0,8.0326
1343,07:52:00,07:52:00,92,4,0,0,10.2231
1343,07:56:00,07:56:00,30,5,0,0,12.2610
1343,08:01:00,08:01:00,77,6,0,0,14.3911
1343,08:06:00,08:06:00,27,7,0,0,16.3659
1343,08:13:00,08:13:00,145,8,0,0,18.5307
1343,08:24:00,08:24:00,140,9,0,0,24.0027
1343,08:57:00,08:57:00,105,10,0,0,38.0451
1344,06:56:00,06:56:00,145,1,0,0,0.0000
