744,08:12:00,08:12:00,38579,7,0,0,5.6271
745,08:13:00,08:13:00,39348,1,0,0,0.0000
745,08:17:00,08:17:00,38441,2,0,0,1.3413
745,08:19:00,08:19:00,38442,3,0,0,1.8920
745,08:22:00,08:22:00,17699,4,0,0,3.1741
745,08:25:00,08:25:00,9878,5,0,0,4.3341
745,08:27:00,08:27:00,38578,6,0,0,4.9902
745,08:29:00,08:29:00,38579,7,0,0,5.6271
746,08:26:00,08:26:00,39348,1,0,0,0.0000
746,08:30:00,08:30:00,38441,2,0,0,1.3413
746,08:32:00,08:32:00,38442,3,0,0,1.8920
746,08:35:00,08:35:00,17699,4,0,0,3.1741
746,08:38:00,08:38:00,9878,5,0,0,4.3341
746,08:40:00,08:40:00,38578,6,0,0,4.9902
746,08:42:00,08:42:00,38579,7,0,0,5.6271
747,08:43:00,08:43:00,39348,1,0,0,0.0000
747,08:47:00,08:47:00,38441,2,0,0,1.3413
747,08:49:00,08:49:00,38442,3,0,0,1.8920
747,08:52:00,08:52:00,17699,4,0,0,3.1741
747,08:55:00,08:55:00,9878,5,0,0,4.3341
747,08:57:00,08:57:00,38578,6,0,0,4.9902
747,08:59:00,08:59:00,38579,7,0,0,5.6271
748,08:58:00,08:58:00,39348,1,0,0,0.0000
748,09:02:00,09:02:00,38441,2,0,0,1.3413
748,09:04:00,09:04:00,38442,3,0,0,1.8920
748,09:07:00,09:07:00,17699,4,0,0,3.1741
748,09:10:00,09:10:00,9878,5,0,0,4.3341
748,09:12:00,09:12:00,38578,6,0,0,4.9902
748,09:14:00,09:14:00,38579,7,0,0,5.6271
749,09:12:00,09:12:00,39348,1,0,0,0.0000
749,09:16:00,09:16:00,38441,2,0,0,1.3413
749,09:18:00,09:18:00,38442,3,0,0,1.8920
749,09:21:00,09:21:00,17699,4,0,0,3.1741
749,09:24:00,09:24:00,9878,5,0,0,4.3341
749,09:26:00,09:26:00,38578,6,0,0,4.9902
749,09:28:00,09:28:00,38579,7,0,0,5.6271
750,09:23:00,09:23:00,39348,1,0,0,0.0000
750,09:27:00,09:27:00,38441,2,0,0,1.3413
750,09:29:00,09:29:00,38442,3,0,0,1.8920
750,09:32:00,09:32:00,17699,4,0,0,3.1741
750,09:35:00,09:35:00,9878,5,0,0,4.3341
750,09:37:00,09:37:00,38578,6,0,0,4.9902
750,09:39:00,09:39:00,38579,7,0,0,5.6271
751,09:40:00,09:40:00,39348,1,0,0,0.0000
751,09:44:00,09:44:00,38441,2,0,0,1.3413
751,09:46:00,09:46:00,38442,3,0,0,1.8920
751,09:49:00,09:49:00,17699,4,0,0,3.1741
751,09:52:00,09:52:00,9878,5,0,0,4.3341
751,09:54:00,09:54:00,38578,6,0,0,4.9902
751,09:56:00,09:56:00,38579,7,0,0,5.6271
752,09:52:00,09:52:00,39348,1,0,0,0.0000
752,09:56:00,09:56:00,38441,2,0,0,1.3413
752,09:58:00,09:58:00,38442,3,0,0,1.8920
752,10:01:00,10:01:00,17699,4,0,0,3.1741
752,10:04:00,10:04:00,9878,5,0,0,4.3341
752,10:06:00,10:06:00,38578,6,0,0,4.9902
752,10:08:00,10:08:00,38579,7,0,0,5.6271
753,10:04:00,10:04:00,39348,1,0,0,0.0000
753,10:08:00,10:08:00,38441,2,0,0,1.3413
753,10:10:00,10:10:00,38442,3,0,0,1.8920
753,10:13:00,10:13:00,17699,4,0,0,3.1741
753,10:16:00,10:16:00,9878,5,0,0,4.3341
753,10:18:00,10:18:00,38578,6,0,0,4.9902
753,10:20:00,10:20:00,38579,7,0,0,5.6271
754,10:24:00,10:24:00,39348,1,0,0,0.0000
754,10:28:00,10:28:00,38441,2,0,0,1.3413
754,10:30:00,10:30:00,38442,3,0,0,1.8920
754,10:33:00,10:33:00,17699,4,0,0,3.1741
754,10:36:00,10:36:00,9878,5,0,0,4.3341
754,10:38:00,10:38:00,38578,6,0,0,4.9902
754,10:40:00,10:40:00,38579,7,0,0,5.6271
755,10:44:00,10:44:00,39348,1,0,0,0.0000
755,10:48:00,10:48:00,38441,2,0,0,1.3413
755,10:50:00,10:50:00,38442,3,0,0,1.8920
755,10:53:00,10:53:00,17699,4,0,0,3.1741
755,10:56:00,10:56:00,9878,5,0,0,4.3341
755,10:58:00,10:58:00,38578,6,0,0,4.9902
755,11:00:00,11:00:00,38579,7,0,0,5.6271
756,11:04:00,11:04:00,39348,1,0,0,0.0000
756,11:08:00,11:08:00,38441,2,0,0,1.3413
756,11:10:00,11:10:00,38442,3,0,0,1.8920
756,11:13:00,11:13:00,17699,4,0,0,3.1741
756,11:16:00,11:16:00,9878,5,0,0,4.3341
756,11:18:00,11:18:00,38578,6,0,0,4.9902
756,11:20:00,11:20:00,38579,7,0,0,5.6271
757,11:24:00,11:24:00,39348,1,0,0,0.0000
757,11:28:00,11:28:00,38441,2,0,0,1.3413
757,11:30:00,11:30:00,38442,3,0,0,1.8920
757,11:33:00,11:33:00,17699,4,0,0,3.1741
757,11:36:00,11:36:00,9878,5,0,0,4.3341
757,11:38:00,11:38:00,38578,6,0,0,4.9902
757,11:40:00,11:40:00,38579,7,0,0,5.6271
758,11:44:00,11:44:00,39348,1,0,0,0.0000
758,11:48:00,11:48:00,38441,2,0,0,1.3413
758,11:50:00,11:50:00,38442,3,0,0,1.8920
758,11:53:00,11:53:00,17699,4,0,0,3.1741
758,11:56:00,11:56:00,9878,5,0,0,4.3341
758,11:58:00,11:58:00,38578,6,0,0,4.9902
758,12:00:00,12:00:00,38579,7,0,0,5.6271
759,12:04:00,12:04:00,39348,1,0,0,0.0000
759,12:08:00,12:08:00,38441,2,0,0,1.3413
759,12:10:00,12:10:00,38442,3,0,0,1.8920
759,12:13:00,12:13:00,17699,4,0,0,3.1741
759,12:16:00,12:16:00,9878,5,0,0,4.3341
759,12:18:00,12:18:00,38578,6,0,0,4.9902
759,12:20:00,12:20:00,38579,7,0,0,5.6271
760,12:24:00,12:24:00,39348,1,0,0,0.0000
760,12:28:00,12:28:00,38441,2,0,0,1.3413
760,12:30:00,12:30:00,38442,3,0,0,1.8920
760,12:33:00,12:33:00,17699,4,0,0,3.1741
760,12:36:00,12:36:00,9878,5,0,0,4.3341
760,12:38:00,12:38:00,38578,6,0,0,4.9902
760,12:40:00,12:40:00,38579,7,0,0,5.6271
761,12:44:00,12:44:00,39348,1,0,0,0.0000
761,12:48:00,12:48:00,38441,2,0,0,1.3413
761,12:50:00,12:50:00,38442,3,0,0,1.8920
761,12:53:00,12:53:00,17699,4,0,0,3.1741
761,12:56:00,12:56:00,9878,5,0,0,4.3341
761,12:58:00,12:58:00,38578,6,0,0,4.9902
761,13:00:00,13:00:00,38579,7,0,0,5.6271
762,13:04:00,13:04:00,39348,1,0,0,0.0000
762,13:08:00,13:08:00,38441,2,0,0,1.3413
762,13:10:00,13:10:00,38442,3,0,0,1.8920
762,13:13:00,13:13:00,17699,4,0,0,3.1741
762,13:16:00,13:16:00,9878,5,0,0,4.3341
762,13:18:00,13:18:00,38578,6,0,0,4.9902
762,13:20:00,13:20:00,38579,7,0,0,5.6271
763,13:24:00,13:24:00,39348,1,0,0,0.0000
763,13:28:00,13:28:00,38441,2,0,0,1.3413
763,13:30:00,13:30:00,38442,3,0,0,1.8920
763,13:33:00,13:33:00,17699,4,0,0,3.1741
763,13:36:00,13:36:00,9878,5,0,0,4.3341
763,13:38:00,13:38:00,38578,6,0,0,4.9902
763,13:40:00,13:40:00,38579,7,0,0,5.6271
764,13:44:00,13:44:00,39348,1,0,0,0.0000
764,13:48:00,13:48:00,38441,2,0,0,1.3413
764,13:50:00,13:50:00,38442,3,0,0,1.8920
764,13:53:00,13:53:00,17699,4,0,0,3.1741
764,13:56:00,13:56:00,9878,5,0,0,4.3341
764,13:58:00,13:58:00,38578,6,0,0,4.9902
764,14:00:00,14:00:00,38579,7,0,0,5.6271
765,14:04:00,14:04:00,39348,1,0,0,0.0000
765,14:08:00,14:08:00,38441,2,0,0,1.3413
765,14:10:00,14:10:00,38442,3,0,0,1.8920
765,14:13:00,14:13:00,17699,4,0,0,3.1741
765,14:16:00,14:16:00,9878,5,0,0,4.3341
765,14:18:00,14:18:00,38578,6,0,0,4.9902
765,14:20:00,14:20:00,38579,7,0,0,5.6271
766,14:24:00,14:24:00,39348,1,0,0,0.0000
766,14:28:00,14:28:00,38441,2,0,0,1.3413
766,14:30:00,14:30:00,38442,3,0,0,1.8920
766,14:33:00,14:33:00,17699,4,0,0,3.1741
766,14:36:00,14:36:00,9878,5,0,0,4.3341
766,14:38:00,14:38:00,38578,6,0,0,4.9902
766,14:40:00,14:40:00,38579,7,0,0,5.6271
767,14:44:00,14:44:00,39348,1,0,0,0.0000
767,14:48:00,14:48:00,38441,2,0,0,1.3413
767,14:50:00,14:50:00,38442,3,0,0,1.8920
767,14:53:00,14:53:00,17699,4,0,0,3.1741
767,14:56:00,14:56:00,9878,5,0,0,4.3341
767,14:58:00,14:58:00,38578,6,0,0,4.9902
767,15:00:00,15:00:00,38579,7,0,0,5.6271
768,15:04:00,15:04:00,39348,1,0,0,0.0000
768,15:08:00,15:08:00,38441,2,0,0,1.3413
768,15:10:00,15:10:00,38442,3,0,0,1.8920
768,15:13:00,15:13:00,17699,4,0,0,3.1741
768,15:16:00,15:16:00,9878,5,0,0,4.3341
768,15:18:00,15:18:00,38578,6,0,0,4.9902
768,15:20:00,15:20:00,38579,7,0,0,5.6271
769,15:19:00,15:19:00,39348,1,0,0,0.0000
769,15:23:00,15:23:00,38441,2,0,0,1.3413
769,15:25:00,15:25:00,38442,3,0,0,1.8920
769,15:28:00,15:28:00,17699,4,0,0,3.1741
769,15:31:00,15:31:00,9878,5,0,0,4.3341
769,15:33:00,15:33:00,38578,6,0,0,4.9902
769,15:35:00,15:35:00,38579,7,0,0,5.6271
770,15:32:00,15:32:00,39348,1,0,0,0.0000
770,15:36:00,15:36:00,38441,2,0,0,1.3413
770,15:38:00,15:38:00,38442,3,0,0,1.8920
770,15:41:00,15:41:00,17699,4,0,0,3.1741
770,15:44:00,15:44:00,9878,5,0,0,4.3341
770,15:46:00,15:46:00,38578,6,0,0,4.9902
770,15:48:00,15:48:00,38579,7,0,0,5.6271
771,15:46:00,15:46:00,39348,1,0,0,0.0000
771,15:50:00,15:50:00,38441,2,0,0,1.3413
771,15:52:00,15:52:00,38442,3,0,0,1.8920
771,15:55:00,15:55:00,17699,4,0,0,3.1741
771,15:58:00,15:58:00,9878,5,0,0,4.3341
771,16:00:00,16:00:00,38578,6,0,0,4.9902
771,16:02:00,16:02:00,38579,7,0,0,5.6271
772,16:04:00,16:04:00,39348,1,0,0,0.0000
772,16:08:00,16:08:00,38441,2,0,0,1.3413
772,16:10:00,16:10:00,38442,3,0,0,1.8920
772,16:13:00,16:13:00,17699,4,0,0,3.1741
772,16:16:00,16:16:00,9878,5,0,0,4.3341
772,16:18:00,16:18:00,38578,6,0,0,4.9902
772,16:20:00,16:20:00,38579,7,0,0,5.6271
773,16:14:00,16:14:00,39348,1,0,0,0.0000
773,16:18:00,16:18:00,38441,2,0,0,1.3413
773,16:20:00,16:20:00,38442,3,0,0,1.8920
773,16:23:00,16:23:00,17699,4,0,0,3.1741
773,16:26:00,16:26:00,9878,5,0,0,4.3341
773,16:28:00,16:28:00,38578,6,0,0,4.9902
773,16:30:00,16:30:00,38579,7,0,0,5.6271
774,16:29:00,16:29:00,39348,1,0,0,0.0000
774,16:33:00,16:33:00,38441,2,0,0,1.3413
774,16:35:00,16:35:00,38442,3,0,0,1.8920
774,16:38:00,16:38:00,17699,4,0,0,3.1741
774,16:41:00,16:41:00,9878,5,0,0,4.3341
774,16:43:00,16:43:00,38578,6,0,0,4.9902
774,16:45:00,16:45:00,38579,7,0,0,5.6271
775,16:45:00,16:45:00,39348,1,0,0,0.0000
775,16:49:00,16:49:00,38441,2,0,0,1.3413
775,16:51:00,16:51:00,38442,3,0,0,1.8920
775,16:54:00,16:54:00,17699,4,0,0,3.1741
775,16:57:00,16:57:00,9878,5,0,0,4.3341
775,16:59:00,16:59:00,38578,6,0,0,4.9902
775,17:01:00,17:01:00,38579,7,0,0,5.6271
776,17:01:00,17:01:00,39348,1,0,0,0.0000
776,17:05:00,17:05:00,38441,2,0,0,1.3413
776,17:07:00,17:07:00,38442,3,0,0,1.8920
776,17:10:00,17:10:00,17699,4,0,0,3.1741
776,17:13:00,17:13:00,9878,5,0,0,4.3341
776,17:15:00,17:15:00,38578,6,0,0,4.9902
776,17:17:00,17:17:00,38579,7,0,0,5.6271
777,17:14:00,17:14:00,39348,1,0,0,0.0000
777,17:18:00,17:18:00,38441,2,0,0,1.3413
777,17:20:00,17:20:00,38442,3,0,0,1.8920
777,17:23:00,17:23:00,17699,4,0,0,3.1741
777,17:26:00,17:26:00,9878,5,0,0,4.3341
777,17:28:00,17:28:00,38578,6,0,0,4.9902
777,17:30:00,17:30:00,38579,7,0,0,5.6271
778,17:27:00,17:27:00,39348,1,0,0,0.0000
778,17:31:00,17:31:00,38441,2,0,0,1.3413
778,17:33:00,17:33:00,38442,3,0,0,1.8920
778,17:36:00,17:36:00,17699,4,0,0,3.1741
778,17:39:00,17:39:00,9878,5,0,0,4.3341
778,17:41:00,17:41:00,38578,6,0,0,4.9902
778,17:43:00,17:43:00,38579,7,0,0,5.6271
779,17:44:00,17:44:00,39348,1,0,0,0.0000
779,17:48:00,17:48:00,38441,2,0,0,1.3413
779,17:50:00,17:50:00,38442,3,0,0,1.8920
779,17:53:00,17:53:00,17699,4,0,0,3.1741
779,17:56:00,17:56:00,9878,5,0,0,4.3341
779,17:58:00,17:58:00,38578,6,0,0,4.9902
779,18:00:00,18:00:00,38579,7,0,0,5.6271
780,17:59:00,17:59:00,39348,1,0,0,0.0000
780,18:03:00,18:03:00,38441,2,0,0,1.3413
780,18:05:00,18:05:00,38442,3,0,0,1.8920
780,18:08:00,18:08:00,17699,4,0,0,3.1741
780,18:11:00,18:11:00,9878,5,0,0,4.3341
780,18:13:00,18:13:00,38578,6,0,0,4.9902
780,18:15:00,18:15:00,38579,7,0,0,5.6271
781,18:15:00,18:15:00,39348,1,0,0,0.0000
781,18:19:00,18:19:00,38441,2,0,0,1.3413
781,18:21:00,18:21:00,38442,3,0,0,1.8920
781,18:24:00,18:24:00,17699,4,0,0,3.1741
781,18:27:00,18:27:00,9878,5,0,0,4.3341
781,18:29:00,18:29:00,38578,6,0,0,4.9902
781,18:31:00,18:31:00,38579,7,0,0,5.6271
782,18:32:00,18:32:00,39348,1,0,0,0.0000
782,18:36:00,18:36:00,38441,2,0,0,1.3413
782,18:38:00,18:38:00,38442,3,0,0,1.8920
782,18:41:00,18:41:00,17699,4,0,0,3.1741
782,18:44:00,18:44:00,9878,5,0,0,4.3341
782,18:46:00,18:46:00,38578,6,0,0,4.9902
782,18:48:00,18:48:00,38579,7,0,0,5.6271
783,18:45:00,18:45:00,39348,1,0,0,0.0000
783,18:49:00,18:49:00,38441,2,0,0,1.3413
783,18:51:00,18:51:00,38442,3,0,0,1.8920
783,18:54:00,18:54:00,17699,4,0,0,3.1741
783,18:57:00,18:57:00,9878,5,0,0,4.3341
783,18:59:00,18:59:00,38578,6,0,0,4.9902
783,19:01:00,19:01:00,38579,7,0,0,5.6271
784,18:58:00,18:58:00,39348,1,0,0,0.0000
784,19:02:00,19:02:00,38441,2,0,0,1.3413
784,19:04:00,19:04:00,38442,3,0,0,1.8920
784,19:07:00,19:07:00,17699,4,0,0,3.1741
784,19:10:00,19:10:00,9878,5,0,0,4.3341
784,19:12:00,19:12:00,38578,6,0,0,4.9902
784,19:14:00,19:14:00,38579,7,0,0,5.6271
785,19:12:00,19:12:00,39348,1,0,0,0.0000
785,19:16:00,19:16:00,38441,2,0,0,1.3413
785,19:18:00,19:18:00,38442,3,0,0,1.8920
785,19:21:00,19:21:00,17699,4,0,0,3.1741
785,19:24:00,19:24:00,9878,5,0,0,4.3341
785,19:26:00,19:26:00,38578,6,0,0,4.9902
785,19:28:00,19:28:00,38579,7,0,0,5.6271
786,19:37:00,19:37:00,39348,1,0,0,0.0000
786,19:41:00,19:41:00,38441,2,0,0,1.3413
786,19:43:00,19:43:00,38442,3,0,0,1.8920
786,19:46:00,19:46:00,17699,4,0,0,3.1741
786,19:49:00,19:49:00,9878,5,0,0,4.3341
786,19:51:00,19:51:00,38578,6,0,0,4.9902
786,19:53:00,19:53:00,38579,7,0,0,5.6271
787,20:07:00,20:07:00,39348,1,0,0,0.0000
787,20:11:00,20:11:00,38441,2,0,0,1.3413
787,20:13:00,20:13:00,38442,3,0,0,1.8920
787,20:16:00,20:16:00,17699,4,0,0,3.1741
787,20:19:00,20:19:00,9878,5,0,0,4.3341
787,20:21:00,20:21:00,38578,6,0,0,4.9902
787,20:23:00,20:23:00,38579,7,0,0,5.6271
788,20:37:00,20:37:00,39348,1,0,0,0.0000
788,20:41:00,20:41:00,38441,2,0,0,1.3413
788,20:43:00,20:43:00,38442,3,0,0,1.8920
788,20:46:00,20:46:00,17699,4,0,0,3.1741
788,20:49:00,20:49:00,9878,5,0,0,4.3341
788,20:51:00,20:51:00,38578,6,0,0,4.9902
788,20:53:00,20:53:00,38579,7,0,0,5.6271
789,21:07:00,21:07:00,39348,1,0,0,0.0000
789,21:11:00,21:11:00,38441,2,0,0,1.3413
789,21:13:00,21:13:00,38442,3,0,0,1.8920
789,21:16:00,21:16:00,17699,4,0,0,3.1741
789,21:19:00,21:19:00,9878,5,0,0,4.3341
789,21:21:00,21:21:00,38578,6,0,0,4.9902
789,21:23:00,21:23:00,38579,7,0,0,5.6271
790,21:37:00,21:37:00,39348,1,0,0,0.0000
790,21:41:00,21:41:00,38441,2,0,0,1.3413
790,21:43:00,21:43:00,38442,3,0,0,1.8920
790,21:46:00,21:46:00,17699,4,0,0,3.1741
790,21:49:00,21:49:00,9878,5,0,0,4.3341
790,21:51:00,21:51:00,38578,6,0,0,4.9902
790,21:53:00,21:53:00,38579,7,0,0,5.6271
791,22:07:00,22:07:00,39348,1,0,0,0.0000
791,22:11:00,22:11:00,38441,2,0,0,1.3413
791,22:13:00,22:13:00,38442,3,0,0,1.8920
791,22:16:00,22:16:00,17699,4,0,0,3.1741
791,22:19:00,22:19:00,9878,5,0,0,4.3341
791,22:21:00,22:21:00,38578,6,0,0,4.9902
791,22:23:00,22:23:00,38579,7,0,0,5.6271
792,22:37:00,22:37:00,39348,1,0,0,0.0000
792,22:41:00,22:41:00,38441,2,0,0,1.3413
792,22:43:00,22:43:00,38442,3,0,0,1.8920
792,22:46:00,22:46:00,17699,4,0,0,3.1741
792,22:49:00,22:49:00,9878,5,0,0,4.3341
792,22:51:00,22:51:00,38578,6,0,0,4.9902
792,22:53:00,22:53:00,38579,7,0,0,5.6271
793,23:07:00,23:07:00,39348,1,0,0,0.0000
793,23:11:00,23:11:00,38441,2,0,0,1.3413
793,23:13:00,23:13:00,38442,3,0,0,1.8920
793,23:16:00,23:16:00,17699,4,0,0,3.1741
793,23:19:00,23:19:00,9878,5,0,0,4.3341
793,23:21:00,23:21:00,38578,6,0,0,4.9902
793,23:23:00,23:23:00,38579,7,0,0,5.6271
794,23:37:00,23:37:00,39348,1,0,0,0.0000
794,23:41:00,23:41:00,38441,2,0,0,1.3413
794,23:43:00,23:43:00,38442,3,0,0,1.8920
794,23:46:00,23:46:00,17699,4,0,0,3.1741
794,23:49:00,23:49:00,9878,5,0,0,4.3341
794,23:51:00,23:51:00,38578,6,0,0,4.9902
794,23:53:00,23:53:00,38579,7,0,0,5.6271
795,24:07:00,24:07:00,39348,1,0,0,0.0000
795,24:11:00,24:11:00,38441,2,0,0,1.3413
795,24:13:00,24:13:00,38442,3,0,0,1.8920
795,24:16:00,24:16:00,17699,4,0,0,3.1741
795,24:19:00,24:19:00,9878,5,0,0,4.3341
795,24:21:00,24:21:00,38578,6,0,0,4.9902
795,24:23:00,24:23:00,38579,7,0,0,5.6271
796,24:37:00,24:37:00,39348,1,0,0,0.0000
796,24:41:00,24:41:00,38441,2,0,0,1.3413
796,24:43:00,24:43:00,38442,3,0,0,1.8920
796,24:46:00,24:46:00,17699,4,0,0,3.1741
796,24:49:00,24:49:00,9878,5,0,0,4.3341
796,24:51:00,24:51:00,38578,6,0,0,4.9902
796,24:53:00,24:53:00,38579,7,0,0,5.6271
797,25:07:00,25:07:00,39348,1,0,0,0.0000
797,25:11:00,25:11:00,38441,2,0,0,1.3413
797,25:13:00,25:13:00,38442,3,0,0,1.8920
797,25:16:00,25:16:00,17699,4,0,0,3.1741
797,25:19:00,25:19:00,9878,5,0,0,4.3341
797,25:21:00,25:21:00,38578,6,0,0,4.9902
797,25:23:00,25:23:00,38579,7,0,0,5.6271
798,25:37:00,25:37:00,39348,1,0,0,0.0000
798,25:41:00,25:41:00,38441,2,0,0,1.3413
798,25:43:00,25:43:00,38442,3,0,0,1.8920
798,25:46:00,25:46:00,17699,4,0,0,3.1741
798,25:49:00,25:49:00,9878,5,0,0,4.3341
798,25:51:00,25:51:00,38578,6,0,0,4.9902
798,25:53:00,25:53:00,38579,7,0,0,5.6271
799,05:11:00,05:11:00,42673,1,0,0,0.0000
799,05:13:00,05:13:00,38229,2,0,0,0.9153
799,05:15:00,05:15:00,37005,3,0,0,1.7756
799,05:17:00,05:17:00,37004,4,0,0,2.3379
799,05:19:00,05:19:00,37003,5,0,0,3.5483
799,05:20:00,05:20:00,37002,6,0,0,4.1964
799,05:23:00,05:23:00,36998,7,0,0,5.6182
799,05:26:00,05:26:00,36997,8,0,0,6.2994
799,05:27:00,05:27:00,36996,9,0,0,6.5769
799,05:29:00,05:29:00,36995,10,0,0,6.9847
799,05:31:00,05:31:00,36994,11,0,0,7.2792
799,05:33:00,05:33:00,37376,12,0,0,7.5284
799,05:35:00,05:35:00,37377,13,0,0,7.8752
799,05:37:00,05:37:00,37378,14,0,0,8.1684
799,05:42:00,05:42:00,39348,15,0,0,9.0458
800,05:25:00,05:25:00,42673,1,0,0,0.0000
800,05:27:00,05:27:00,38229,2,0,0,0.9153
800,05:29:00,05:29:00,37005,3,0,0,1.7756
800,05:31:00,05:31:00,37004,4,0,0,2.3379
800,05:33:00,05:33:00,37003,5,0,0,3.5483
800,05:34:00,05:34:00,37002,6,0,0,4.1964
800,05:37:00,05:37:00,36998,7,0,0,5.6182
800,05:40:00,05:40:00,36997,8,0,0,6.2994
800,05:41:00,05:41:00,36996,9,0,0,6.5769
800,05:43:00,05:43:00,36995,10,0,0,6.9847
800,05:45:00,05:45:00,36994,11,0,0,7.2792
800,05:47:00,05:47:00,37376,12,0,0,7.5284
800,05:49:00,05:49:00,37377,13,0,0,7.8752
800,05:51:00,05:51:00,37378,14,0,0,8.1684
800,05:56:00,05:56:00,39348,15,0,0,9.0458
801,05:40:00,05:40:00,42673,1,0,0,0.0000
801,05:42:00,05:42:00,38229,2,0,0,0.9153
801,05:44:00,05:44:00,37005,3,0,0,1.7756
801,05:46:00,05:46:00,37004,4,0,0,2.3379
801,05:48:00,05:48:00,37003,5,0,0,3.5483
801,05:49:00,05:49:00,37002,6,0,0,4.1964
801,05:52:00,05:52:00,36998,7,0,0,5.6182
801,05:55:00,05:55:00,36997,8,0,0,6.2994
801,05:56:00,05:56:00,36996,9,0,0,6.5769
801,05:58:00,05:58:00,36995,10,0,0,6.9847
801,06:00:00,06:00:00,36994,11,0,0,7.2792
801,06:02:00,06:02:00,37376,12,0,0,7.5284
801,06:04:00,06:04:00,37377,13,0,0,7.8752
801,06:06:00,06:06:00,37378,14,0,0,8.1684
801,06:11:00,06:11:00,39348,15,0,0,9.0458
802,05:54:00,05:54:00,42673,1,0,0,0.0000
802,05:56:00,05:56:00,38229,2,0,0,0.9153
802,05:58:00,05:58:00,37005,3,0,0,1.7756
802,06:00:00,06:00:00,37004,4,0,0,2.3379
802,06:02:00,06:02:00,37003,5,0,0,3.5483
802,06:03:00,06:03:00,37002,6,0,0,4.1964
802,06:06:00,06:06:00,36998,7,0,0,5.6182
802,06:09:00,06:09:00,36997,8,0,0,6.2994
802,06:10:00,06:10:00,36996,9,0,0,6.5769
802,06:12:00,06:12:00,36995,10,0,0,6.9847
802,06:14:00,06:14:00,36994,11,0,0,7.2792
802,06:16:00,06:16:00,37376,12,0,0,7.5284
802,06:18:00,06:18:00,37377,13,0,0,7.8752
802,06:20:00,06:20:00,37378,14,0,0,8.1684
802,06:25:00,06:25:00,39348,15,0,0,9.0458
803,06:06:00,06:06:00,42673,1,0,0,0.0000
803,06:08:00,06:08:00,38229,2,0,0,0.9153
803,06:10:00,06:10:00,37005,3,0,0,1.7756
803,06:12:00,06:12:00,37004,4,0,0,2.3379
803,06:14:00,06:14:00,37003,5,0,0,3.5483
803,06:15:00,06:15:00,37002,6,0,0,4.1964
803,06:18:00,06:18:00,36998,7,0,0,5.6182
803,06:21:00,06:21:00,36997,8,0,0,6.2994
803,06:22:00,06:22:00,36996,9,0,0,6.5769
803,06:24:00,06:24:00,36995,10,0,0,6.9847
803,06:26:00,06:26:00,36994,11,0,0,7.2792
803,06:28:00,06:28:00,37376,12,0,0,7.5284
803,06:30:00,06:30:00,37377,13,0,0,7.8752
803,06:32:00,06:32:00,37378,14,0,0,8.1684
803,06:37:00,06:37:00,39348,15,0,0,9.0458
804,06:18:00,06:18:00,42673,1,0,0,0.0000
804,06:20:00,06:20:00,38229,2,0,0,0.9153
804,06:22:00,06:22:00,37005,3,0,0,1.7756
804,06:24:00,06:24:00,37004,4,0,0,2.3379
804,06:26:00,06:26:00,37003,5,0,0,3.5483
804,06:27:00,06:27:00,37002,6,0,0,4.1964
804,06:30:00,06:30:00,36998,7,0,0,5.6182
804,06:33:00,06:33:00,36997,8,0,0,6.2994
804,06:34:00,06:34:00,36996,9,0,0,6.5769
804,06:36:00,06:36:00,36995,10,0,0,6.9847
804,06:38:00,06:38:00,36994,11,0,0,7.2792
804,06:40:00,06:40:00,37376,12,0,0,7.5284
804,06:42:00,06:42:00,37377,13,0,0,7.8752
804,06:44:00,06:44:00,37378,14,0,0,8.1684
804,06:49:00,06:49:00,39348,15,0,0,9.0458
805,06:36:00,06:36:00,42673,1,0,0,0.0000
805,06:38:00,06:38:00,38229,2,0,0,0.9153
805,06:40:00,06:40:00,37005,3,0,0,1.7756
805,06:42:00,06:42:00,37004,4,0,0,2.3379
805,06:44:00,06:44:00,37003,5,0,0,3.5483
805,06:45:00,06:45:00,37002,6,0,0,4.1964
805,06:48:00,06:48:00,36998,7,0,0,5.6182
805,06:51:00,06:51:00,36997,8,0,0,6.2994
805,06:52:00,06:52:00,36996,9,0,0,6.5769
805,06:54:00,06:54:00,36995,10,0,0,6.9847
805,06:56:00,06:56:00,36994,11,0,0,7.2792
805,06:58:00,06:58:00,37376,12,0,0,7.5284
805,07:00:00,07:00:00,37377,13,0,0,7.8752
805,07:02:00,07:02:00,37378,14,0,0,8.1684
805,07:07:00,07:07:00,39348,15,0,0,9.0458
806,06:47:00,06:47:00,42673,1,0,0,0.0000
806,06:49:00,06:49:00,38229,2,0,0,0.9153
806,06:51:00,06:51:00,37005,3,0,0,1.7756
806,06:53:00,06:53:00,37004,4,0,0,2.3379
806,06:55:00,06:55:00,37003,5,0,0,3.5483
806,06:56:00,06:56:00,37002,6,0,0,4.1964
806,06:59:00,06:59:00,36998,7,0,0,5.6182
806,07:02:00,07:02:00,36997,8,0,0,6.2994
806,07:03:00,07:03:00,36996,9,0,0,6.5769
806,07:05:00,07:05:00,36995,10,0,0,6.9847
806,07:07:00,07:07:00,36994,11,0,0,7.2792
806,07:09:00,07:09:00,37376,12,0,0,7.5284
806,07:11:00,07:11:00,37377,13,0,0,7.8752
806,07:13:00,07:13:00,37378,14,0,0,8.1684
806,07:18:00,07:18:00,39348,15,0,0,9.0458
807,07:16:00,07:16:00,42673,1,0,0,0.0000
807,07:18:00,07:18:00,38229,2,0,0,0.9153
807,07:20:00,07:20:00,37005,3,0,0,1.7756
807,07:22:00,07:22:00,37004,4,0,0,2.3379
807,07:24:00,07:24:00,37003,5,0,0,3.5483
807,07:25:00,07:25:00,37002,6,0,0,4.1964
807,07:28:00,07:28:00,36998,7,0,0,5.6182
807,07:31:00,07:31:00,36997,8,0,0,6.2994
807,07:32:00,07:32:00,36996,9,0,0,6.5769
807,07:34:00,07:34:00,36995,10,0,0,6.9847
807,07:36:00,07:36:00,36994,11,0,0,7.2792
807,07:38:00,07:38:00,37376,12,0,0,7.5284
807,07:40:00,07:40:00,37377,13,0,0,7.8752
807,07:42:00,07:42:00,37378,14,0,0,8.1684
807,07:47:00,07:47:00,39348,15,0,0,9.0458
808,07:45:00,07:45:00,42673,1,0,0,0.0000
808,07:47:00,07:47:00,38229,2,0,0,0.9153
808,07:49:00,07:49:00,37005,3,0,0,1.7756
808,07:51:00,07:51:00,37004,4,0,0,2.3379
808,07:53:00,07:53:00,37003,5,0,0,3.5483
808,07:54:00,07:54:00,37002,6,0,0,4.1964
808,07:57:00,07:57:00,36998,7,0,0,5.6182
808,08:00:00,08:00:00,36997,8,0,0,6.2994
808,08:01:00,08:01:00,36996,9,0,0,6.5769
808,08:03:00,08:03:00,36995,10,0,0,6.9847
808,08:05:00,08:05:00,36994,11,0,0,7.2792
808,08:07:00,08:07:00,37376,12,0,0,7.5284
808,08:09:00,08:09:00,37377,13,0,0,7.8752
808,08:11:00,08:11:00,37378,14,0,0,8.1684
808,08:16:00,08:16:00,39348,15,0,0,9.0458
809,08:10:00,08:10:00,42673,1,0,0,0.0000
809,08:12:00,08:12:00,38229,2,0,0,0.9153
809,08:14:00,08:14:00,37005,3,0,0,1.7756
809,08:16:00,08:16:00,37004,4,0,0,2.3379
809,08:18:00,08:18:00,37003,5,0,0,3.5483
809,08:19:00,08:19:00,37002,6,0,0,4.1964
809,08:22:00,08:22:00,36998,7,0,0,5.6182
809,08:25:00,08:25:00,36997,8,0,0,6.2994
809,08:26:00,08:26:00,36996,9,0,0,6.5769
809,08:28:00,08:28:00,36995,10,0,0,6.9847
809,08:30:00,08:30:00,36994,11,0,0,7.2792
809,08:32:00,08:32:00,37376,12,0,0,7.5284
809,08:34:00,08:34:00,37377,13,0,0,7.8752
809,08:36:00,08:36:00,37378,14,0,0,8.1684
809,08:41:00,08:41:00,39348,15,0,0,9.0458
810,08:29:00,08:29:00,42673,1,0,0,0.0000
810,08:31:00,08:31:00,38229,2,0,0,0.9153
810,08:33:00,08:33:00,37005,3,0,0,1.7756
810,08:35:00,08:35:00,37004,4,0,0,2.3379
810,08:37:00,08:37:00,37003,5,0,0,3.5483
810,08:38:00,08:38:00,37002,6,0,0,4.1964
810,08:41:00,08:41:00,36998,7,0,0,5.6182
810,08:44:00,08:44:00,36997,8,0,0,6.2994
810,08:45:00,08:45:00,36996,9,0,0,6.5769
810,08:47:00,08:47:00,36995,10,0,0,6.9847
810,08:49:00,08:49:00,36994,11,0,0,7.2792
810,08:51:00,08:51:00,37376,12,0,0,7.5284
810,08:53:00,08:53:00,37377,13,0,0,7.8752
810,08:55:00,08:55:00,37378,14,0,0,8.1684
810,09:00:00,09:00:00,39348,15,0,0,9.0458
811,09:11:00,09:11:00,42673,1,0,0,0.0000
811,09:13:00,09:13:00,38229,2,0,0,0.9153
811,09:15:00,09:15:00,37005,3,0,0,1.7756
811,09:17:00,09:17:00,37004,4,0,0,2.3379
811,09:19:00,09:19:00,37003,5,0,0,3.5483
811,09:20:00,09:20:00,37002,6,0,0,4.1964
811,09:23:00,09:23:00,36998,7,0,0,5.6182
811,09:26:00,09:26:00,36997,8,0,0,6.2994
811,09:27:00,09:27:00,36996,9,0,0,6.5769
811,09:29:00,09:29:00,36995,10,0,0,6.9847
811,09:31:00,09:31:00,36994,11,0,0,7.2792
811,09:33:00,09:33:00,37376,12,0,0,7.5284
811,09:35:00,09:35:00,37377,13,0,0,7.8752
811,09:37:00,09:37:00,37378,14,0,0,8.1684
811,09:42:00,09:42:00,39348,15,0,0,9.0458
812,09:23:00,09:23:00,42673,1,0,0,0.0000
812,09:25:00,09:25:00,38229,2,0,0,0.9153
812,09:27:00,09:27:00,37005,3,0,0,1.7756
812,09:29:00,09:29:00,37004,4,0,0,2.3379
812,09:31:00,09:31:00,37003,5,0,0,3.5483
812,09:32:00,09:32:00,37002,6,0,0,4.1964
812,09:35:00,09:35:00,36998,7,0,0,5.6182
812,09:38:00,09:38:00,36997,8,0,0,6.2994
812,09:39:00,09:39:00,36996,9,0,0,6.5769
812,09:41:00,09:41:00,36995,10,0,0,6.9847
812,09:43:00,09:43:00,36994,11,0,0,7.2792
812,09:45:00,09:45:00,37376,12,0,0,7.5284
812,09:47:00,09:47:00,37377,13,0,0,7.8752
812,09:49:00,09:49:00,37378,14,0,0,8.1684
812,09:54:00,09:54:00,39348,15,0,0,9.0458
813,09:32:00,09:32:00,42673,1,0,0,0.0000
813,09:34:00,09:34:00,38229,2,0,0,0.9153
813,09:36:00,09:36:00,37005,3,0,0,1.7756
813,09:38:00,09:38:00,37004,4,0,0,2.3379
813,09:40:00,09:40:00,37003,5,0,0,3.5483
813,09:41:00,09:41:00,37002,6,0,0,4.1964
813,09:44:00,09:44:00,36998,7,0,0,5.6182
813,09:47:00,09:47:00,36997,8,0,0,6.2994
813,09:48:00,09:48:00,36996,9,0,0,6.5769
813,09:50:00,09:50:00,36995,10,0,0,6.9847
813,09:52:00,09:52:00,36994,11,0,0,7.2792
813,09:54:00,09:54:00,37376,12,0,0,7.5284
813,09:56:00,09:56:00,37377,13,0,0,7.8752
813,09:58:00,09:58:00,37378,14,0,0,8.1684
813,10:03:00,10:03:00,39348,15,0,0,9.0458
814,09:49:00,09:49:00,42673,1,0,0,0.0000
814,09:51:00,09:51:00,38229,2,0,0,0.9153
814,09:53:00,09:53:00,37005,3,0,0,1.7756
814,09:55:00,09:55:00,37004,4,0,0,2.3379
814,09:57:00,09:57:00,37003,5,0,0,3.5483
814,09:58:00,09:58:00,37002,6,0,0,4.1964
814,10:01:00,10:01:00,36998,7,0,0,5.6182
814,10:04:00,10:04:00,36997,8,0,0,6.2994
814,10:05:00,10:05:00,36996,9,0,0,6.5769
814,10:07:00,10:07:00,36995,10,0,0,6.9847
814,10:09:00,10:09:00,36994,11,0,0,7.2792
814,10:11:00,10:11:00,37376,12,0,0,7.5284
814,10:13:00,10:13:00,37377,13,0,0,7.8752
814,10:15:00,10:15:00,37378,14,0,0,8.1684
814,10:20:00,10:20:00,39348,15,0,0,9.0458
815,10:11:00,10:11:00,42673,1,0,0,0.0000
815,10:13:00,10:13:00,38229,2,0,0,0.9153
815,10:15:00,10:15:00,37005,3,0,0,1.7756
815,10:17:00,10:17:00,37004,4,0,0,2.3379
815,10:19:00,10:19:00,37003,5,0,0,3.5483
815,10:20:00,10:20:00,37002,6,0,0,4.1964
815,10:23:00,10:23:00,36998,7,0,0,5.6182
815,10:26:00,10:26:00,36997,8,0,0,6.2994
815,10:27:00,10:27:00,36996,9,0,0,6.5769
815,10:29:00,10:29:00,36995,10,0,0,6.9847
815,10:31:00,10:31:00,36994,11,0,0,7.2792
815,10:33:00,10:33:00,37376,12,0,0,7.5284
815,10:35:00,10:35:00,37377,13,0,0,7.8752
815,10:37:00,10:37:00,37378,14,0,0,8.1684
815,10:42:00,10:42:00,39348,15,0,0,9.0458
816,10:31:00,10:31:00,42673,1,0,0,0.0000
816,10:33:00,10:33:00,38229,2,0,0,0.9153
816,10:35:00,10:35:00,37005,3,0,0,1.7756
816,10:37:00,10:37:00,37004,4,0,0,2.3379
816,10:39:00,10:39:00,37003,5,0,0,3.5483
816,10:40:00,10:40:00,37002,6,0,0,4.1964
816,10:43:00,10:43:00,36998,7,0,0,5.6182
816,10:46:00,10:46:00,36997,8,0,0,6.2994
816,10:47:00,10:47:00,36996,9,0,0,6.5769
816,10:49:00,10:49:00,36995,10,0,0,6.9847
816,10:51:00,10:51:00,36994,11,0,0,7.2792
816,10:53:00,10:53:00,37376,12,0,0,7.5284
816,10:55:00,10:55:00,37377,13,0,0,7.8752
816,10:57:00,10:57:00,37378,14,0,0,8.1684
816,11:02:00,11:02:00,39348,15,0,0,9.0458
817,10:51:00,10:51:00,42673,1,0,0,0.0000
817,10:53:00,10:53:00,38229,2,0,0,0.9153
817,10:55:00,10:55:00,37005,3,0,0,1.7756
817,10:57:00,10:57:00,37004,4,0,0,2.3379
817,10:59:00,10:59:00,37003,5,0,0,3.5483
817,11:00:00,11:00:00,37002,6,0,0,4.1964
817,11:03:00,11:03:00,36998,7,0,0,5.6182
817,11:06:00,11:06:00,36997,8,0,0,6.2994
817,11:07:00,11:07:00,36996,9,0,0,6.5769
817,11:09:00,11:09:00,36995,10,0,0,6.9847
817,11:11:00,11:11:00,36994,11,0,0,7.2792
817,11:13:00,11:13:00,37376,12,0,0,7.5284
817,11:15:00,11:15:00,37377,13,0,0,7.8752
817,11:17:00,11:17:00,37378,14,0,0,8.1684
817,11:22:00,11:22:00,39348,15,0,0,9.0458
818,11:11:00,11:11:00,42673,1,0,0,0.0000
818,11:13:00,11:13:00,38229,2,0,0,0.9153
818,11:15:00,11:15:00,37005,3,0,0,1.7756
818,11:17:00,11:17:00,37004,4,0,0,2.3379
818,11:19:00,11:19:00,37003,5,0,0,3.5483
818,11:20:00,11:20:00,37002,6,0,0,4.1964
818,11:23:00,11:23:00,36998,7,0,0,5.6182
818,11:26:00,11:26:00,36997,8,0,0,6.2994
818,11:27:00,11:27:00,36996,9,0,0,6.5769
818,11:29:00,11:29:00,36995,10,0,0,6.9847
818,11:31:00,11:31:00,36994,11,0,0,7.2792
818,11:33:00,11:33:00,37376,12,0,0,7.5284
818,11:35:00,11:35:00,37377,13,0,0,7.8752
818,11:37:00,11:37:00,37378,14,0,0,8.1684
818,11:42:00,11:42:00,39348,15,0,0,9.0458
819,11:31:00,11:31:00,42673,1,0,0,0.0000
819,11:33:00,11:33:00,38229,2,0,0,0.9153
819,11:35:00,11:35:00,37005,3,0,0,1.7756
819,11:37:00,11:37:00,37004,4,0,0,2.3379
819,11:39:00,11:39:00,37003,5,0,0,3.5483
819,11:40:00,11:40:00,37002,6,0,0,4.1964
819,11:43:00,11:43:00,36998,7,0,0,5.6182
819,11:46:00,11:46:00,36997,8,0,0,6.2994
819,11:47:00,11:47:00,36996,9,0,0,6.5769
819,11:49:00,11:49:00,36995,10,0,0,6.9847
819,11:51:00,11:51:00,36994,11,0,0,7.2792
819,11:53:00,11:53:00,37376,12,0,0,7.5284
819,11:55:00,11:55:00,37377,13,0,0,7.8752
819,11:57:00,11:57:00,37378,14,0,0,8.1684
819,12:02:00,12:02:00,39348,15,0,0,9.0458
820,11:51:00,11:51:00,42673,1,0,0,0.0000
820,11:53:00,11:53:00,38229,2,0,0,0.9153
820,11:55:00,11:55:00,37005,3,0,0,1.7756
820,11:57:00,11:57:00,37004,4,0,0,2.3379
820,11:59:00,11:59:00,37003,5,0,0,3.5483
820,12:00:00,12:00:00,37002,6,0,0,4.1964
820,12:03:00,12:03:00,36998,7,0,0,5.6182
820,12:06:00,12:06:00,36997,8,0,0,6.2994
820,12:07:00,12:07:00,36996,9,0,0,6.5769
820,12:09:00,12:09:00,36995,10,0,0,6.9847
820,12:11:00,12:11:00,36994,11,0,0,7.2792
820,12:13:00,12:13:00,37376,12,0,0,7.5284
820,12:15:00,12:15:00,37377,13,0,0,7.8752
820,12:17:00,12:17:00,37378,14,0,0,8.1684
820,12:22:00,12:22:00,39348,15,0,0,9.0458
821,12:11:00,12:11:00,42673,1,0,0,0.0000
821,12:13:00,12:13:00,38229,2,0,0,0.9153
821,12:15:00,12:15:00,37005,3,0,0,1.7756
821,12:17:00,12:17:00,37004,4,0,0,2.3379
821,12:19:00,12:19:00,37003,5,0,0,3.5483
821,12:20:00,12:20:00,37002,6,0,0,4.1964
821,12:23:00,12:23:00,36998,7,0,0,5.6182
821,12:26:00,12:26:00,36997,8,0,0,6.2994
821,12:27:00,12:27:00,36996,9,0,0,6.5769
821,12:29:00,12:29:00,36995,10,0,0,6.9847
821,12:31:00,12:31:00,36994,11,0,0,7.2792
821,12:33:00,12:33:00,37376,12,0,0,7.5284
821,12:35:00,12:35:00,37377,13,0,0,7.8752
821,12:37:00,12:37:00,37378,14,0,0,8.1684
821,12:42:00,12:42:00,39348,15,0,0,9.0458
822,12:31:00,12:31:00,42673,1,0,0,0.0000
822,12:33:00,12:33:00,38229,2,0,0,0.9153
822,12:35:00,12:35:00,37005,3,0,0,1.7756
822,12:37:00,12:37:00,37004,4,0,0,2.3379
822,12:39:00,12:39:00,37003,5,0,0,3.5483
822,12:40:00,12:40:00,37002,6,0,0,4.1964
822,12:43:00,12:43:00,36998,7,0,0,5.6182
822,12:46:00,12:46:00,36997,8,0,0,6.2994
822,12:47:00,12:47:00,36996,9,0,0,6.5769
822,12:49:00,12:49:00,36995,10,0,0,6.9847
822,12:51:00,12:51:00,36994,11,0,0,7.2792
822,12:53:00,12:53:00,37376,12,0,0,7.5284
822,12:55:00,12:55:00,37377,13,0,0,7.8752
822,12:57:00,12:57:00,37378,14,0,0,8.1684
822,13:02:00,13:02:00,39348,15,0,0,9.0458
823,12:51:00,12:51:00,42673,1,0,0,0.0000
823,12:53:00,12:53:00,38229,2,0,0,0.9153
823,12:55:00,12:55:00,37005,3,0,0,1.7756
823,12:57:00,12:57:00,37004,4,0,0,2.3379
823,12:59:00,12:59:00,37003,5,0,0,3.5483
823,13:00:00,13:00:00,37002,6,0,0,4.1964
823,13:03:00,13:03:00,36998,7,0,0,5.6182
823,13:06:00,13:06:00,36997,8,0,0,6.2994
823,13:07:00,13:07:00,36996,9,0,0,6.5769
823,13:09:00,13:09:00,36995,10,0,0,6.9847
823,13:11:00,13:11:00,36994,11,0,0,7.2792
823,13:13:00,13:13:00,37376,12,0,0,7.5284
823,13:15:00,13:15:00,37377,13,0,0,7.8752
823,13:17:00,13:17:00,37378,14,0,0,8.1684
823,13:22:00,13:22:00,39348,15,0,0,9.0458
824,13:11:00,13:11:00,42673,1,0,0,0.0000
824,13:13:00,13:13:00,38229,2,0,0,0.9153
824,13:15:00,13:15:00,37005,3,0,0,1.7756
824,13:17:00,13:17:00,37004,4,0,0,2.3379
824,13:19:00,13:19:00,37003,5,0,0,3.5483
824,13:20:00,13:20:00,37002,6,0,0,4.1964
824,13:23:00,13:23:00,36998,7,0,0,5.6182
824,13:26:00,13:26:00,36997,8,0,0,6.2994
824,13:27:00,13:27:00,36996,9,0,0,6.5769
824,13:29:00,13:29:00,36995,10,0,0,6.9847
824,13:31:00,13:31:00,36994,11,0,0,7.2792
824,13:33:00,13:33:00,37376,12,0,0,7.5284
824,13:35:00,13:35:00,37377,13,0,0,7.8752
824,13:37:00,13:37:00,37378,14,0,0,8.1684
824,13:42:00,13:42:00,39348,15,0,0,9.0458
825,13:31:00,13:31:00,42673,1,0,0,0.0000
825,13:33:00,13:33:00,38229,2,0,0,0.9153
825,13:35:00,13:35:00,37005,3,0,0,1.7756
825,13:37:00,13:37:00,37004,4,0,0,2.3379
825,13:39:00,13:39:00,37003,5,0,0,3.5483
825,13:40:00,13:40:00,37002,6,0,0,4.1964
825,13:43:00,13:43:00,36998,7,0,0,5.6182
825,13:46:00,13:46:00,36997,8,0,0,6.2994
825,13:47:00,13:47:00,36996,9,0,0,6.5769
825,13:49:00,13:49:00,36995,10,0,0,6.9847
825,13:51:00,13:51:00,36994,11,0,0,7.2792
825,13:53:00,13:53:00,37376,12,0,0,7.5284
825,13:55:00,13:55:00,37377,13,0,0,7.8752
825,13:57:00,13:57:00,37378,14,0,0,8.1684
825,14:02:00,14:02:00,39348,15,0,0,9.0458
826,13:51:00,13:51:00,42673,1,0,0,0.0000
826,13:53:00,13:53:00,38229,2,0,0,0.9153
826,13:55:00,13:55:00,37005,3,0,0,1.7756
826,13:57:00,13:57:00,37004,4,0,0,2.3379
826,13:59:00,13:59:00,37003,5,0,0,3.5483
826,14:00:00,14:00:00,37002,6,0,0,4.1964
826,14:03:00,14:03:00,36998,7,0,0,5.6182
826,14:06:00,14:06:00,36997,8,0,0,6.2994
826,14:07:00,14:07:00,36996,9,0,0,6.5769
826,14:09:00,14:09:00,36995,10,0,0,6.9847
826,14:11:00,14:11:00,36994,11,0,0,7.2792
826,14:13:00,14:13:00,37376,12,0,0,7.5284
826,14:15:00,14:15:00,37377,13,0,0,7.8752
826,14:17:00,14:17:00,37378,14,0,0,8.1684
826,14:22:00,14:22:00,39348,15,0,0,9.0458
827,14:11:00,14:11:00,42673,1,0,0,0.0000
827,14:13:00,14:13:00,38229,2,0,0,0.9153
827,14:15:00,14:15:00,37005,3,0,0,1.7756
827,14:17:00,14:17:00,37004,4,0,0,2.3379
827,14:19:00,14:19:00,37003,5,0,0,3.5483
827,14:20:00,14:20:00,37002,6,0,0,4.1964
827,14:23:00,14:23:00,36998,7,0,0,5.6182
827,14:26:00,14:26:00,36997,8,0,0,6.2994
827,14:27:00,14:27:00,36996,9,0,0,6.5769
827,14:29:00,14:29:00,36995,10,0,0,6.9847
827,14:31:00,14:31:00,36994,11,0,0,7.2792
827,14:33:00,14:33:00,37376,12,0,0,7.5284
827,14:35:00,14:35:00,37377,13,0,0,7.8752
827,14:37:00,14:37:00,37378,14,0,0,8.1684
827,14:42:00,14:42:00,39348,15,0,0,9.0458
828,14:31:00,14:31:00,42673,1,0,0,0.0000
828,14:33:00,14:33:00,38229,2,0,0,0.9153
828,14:35:00,14:35:00,37005,3,0,0,1.7756
828,14:37:00,14:37:00,37004,4,0,0,2.3379
828,14:39:00,14:39:00,37003,5,0,0,3.5483
828,14:40:00,14:40:00,37002,6,0,0,4.1964
828,14:43:00,14:43:00,36998,7,0,0,5.6182
828,14:46:00,14:46:00,36997,8,0,0,6.2994
828,14:47:00,14:47:00,36996,9,0,0,6.5769
828,14:49:00,14:49:00,36995,10,0,0,6.9847
828,14:51:00,14:51:00,36994,11,0,0,7.2792
828,14:53:00,14:53:00,37376,12,0,0,7.5284
828,14:55:00,14:55:00,37377,13,0,0,7.8752
828,14:57:00,14:57:00,37378,14,0,0,8.1684
828,15:02:00,15:02:00,39348,15,0,0,9.0458
829,14:51:00,14:51:00,42673,1,0,0,0.0000
829,14:53:00,14:53:00,38229,2,0,0,0.9153
829,14:55:00,14:55:00,37005,3,0,0,1.7756
829,14:57:00,14:57:00,37004,4,0,0,2.3379
829,14:59:00,14:59:00,37003,5,0,0,3.5483
829,15:00:00,15:00:00,37002,6,0,0,4.1964
829,15:03:00,15:03:00,36998,7,0,0,5.6182
829,15:06:00,15:06:00,36997,8,0,0,6.2994
829,15:07:00,15:07:00,36996,9,0,0,6.5769
829,15:09:00,15:09:00,36995,10,0,0,6.9847
829,15:11:00,15:11:00,36994,11,0,0,7.2792
829,15:13:00,15:13:00,37376,12,0,0,7.5284
829,15:15:00,15:15:00,37377,13,0,0,7.8752
829,15:17:00,15:17:00,37378,14,0,0,8.1684
829,15:22:00,15:22:00,39348,15,0,0,9.0458
830,15:09:00,15:09:00,42673,1,0,0,0.0000
830,15:11:00,15:11:00,38229,2,0,0,0.9153
830,15:13:00,15:13:00,37005,3,0,0,1.7756
830,15:15:00,15:15:00,37004,4,0,0,2.3379
830,15:17:00,15:17:00,37003,5,0,0,3.5483
830,15:18:00,15:18:00,37002,6,0,0,4.1964
830,15:21:00,15:21:00,36998,7,0,0,5.6182
830,15:24:00,15:24:00,36997,8,0,0,6.2994
830,15:25:00,15:25:00,36996,9,0,0,6.5769
830,15:27:00,15:27:00,36995,10,0,0,6.9847
830,15:29:00,15:29:00,36994,11,0,0,7.2792
830,15:31:00,15:31:00,37376,12,0,0,7.5284
830,15:33:00,15:33:00,37377,13,0,0,7.8752
830,15:35:00,15:35:00,37378,14,0,0,8.1684
830,15:40:00,15:40:00,39348,15,0,0,9.0458
831,15:17:00,15:17:00,42673,1,0,0,0.0000
831,15:19:00,15:19:00,38229,2,0,0,0.9153
831,15:21:00,15:21:00,37005,3,0,0,1.7756
831,15:23:00,15:23:00,37004,4,0,0,2.3379
831,15:25:00,15:25:00,37003,5,0,0,3.5483
831,15:26:00,15:26:00,37002,6,0,0,4.1964
831,15:29:00,15:29:00,36998,7,0,0,5.6182
831,15:32:00,15:32:00,36997,8,0,0,6.2994
831,15:33:00,15:33:00,36996,9,0,0,6.5769
831,15:35:00,15:35:00,36995,10,0,0,6.9847
831,15:37:00,15:37:00,36994,11,0,0,7.2792
831,15:39:00,15:39:00,37376,12,0,0,7.5284
831,15:41:00,15:41:00,37377,13,0,0,7.8752
831,15:43:00,15:43:00,37378,14,0,0,8.1684
831,15:48:00,15:48:00,39348,15,0,0,9.0458
832,15:29:00,15:29:00,42673,1,0,0,0.0000
832,15:31:00,15:31:00,38229,2,0,0,0.9153
832,15:33:00,15:33:00,37005,3,0,0,1.7756
832,15:35:00,15:35:00,37004,4,0,0,2.3379
832,15:37:00,15:37:00,37003,5,0,0,3.5483
832,15:38:00,15:38:00,37002,6,0,0,4.1964
832,15:41:00,15:41:00,36998,7,0,0,5.6182
832,15:44:00,15:44:00,36997,8,0,0,6.2994
832,15:45:00,15:45:00,36996,9,0,0,6.5769
832,15:47:00,15:47:00,36995,10,0,0,6.9847
832,15:49:00,15:49:00,36994,11,0,0,7.2792
832,15:51:00,15:51:00,37376,12,0,0,7.5284
832,15:53:00,15:53:00,37377,13,0,0,7.8752
832,15:55:00,15:55:00,37378,14,0,0,8.1684
832,16:00:00,16:00:00,39348,15,0,0,9.0458
833,15:35:00,15:35:00,42673,1,0,0,0.0000
833,15:37:00,15:37:00,38229,2,0,0,0.9153
833,15:39:00,15:39:00,37005,3,0,0,1.7756
833,15:41:00,15:41:00,37004,4,0,0,2.3379
833,15:43:00,15:43:00,37003,5,0,0,3.5483
833,15:44:00,15:44:00,37002,6,0,0,4.1964
833,15:47:00,15:47:00,36998,7,0,0,5.6182
833,15:50:00,15:50:00,36997,8,0,0,6.2994
833,15:51:00,15:51:00,36996,9,0,0,6.5769
833,15:53:00,15:53:00,36995,10,0,0,6.9847
833,15:55:00,15:55:00,36994,11,0,0,7.2792
833,15:57:00,15:57:00,37376,12,0,0,7.5284
833,15:59:00,15:59:00,37377,13,0,0,7.8752
833,16:01:00,16:01:00,37378,14,0,0,8.1684
833,16:06:00,16:06:00,39348,15,0,0,9.0458
834,15:48:00,15:48:00,42673,1,0,0,0.0000
834,15:50:00,15:50:00,38229,2,0,0,0.9153
834,15:52:00,15:52:00,37005,3,0,0,1.7756
834,15:54:00,15:54:00,37004,4,0,0,2.3379
834,15:56:00,15:56:00,37003,5,0,0,3.5483
834,15:57:00,15:57:00,37002,6,0,0,4.1964
834,16:00:00,16:00:00,36998,7,0,0,5.6182
834,16:03:00,16:03:00,36997,8,0,0,6.2994
834,16:04:00,16:04:00,36996,9,0,0,6.5769
834,16:06:00,16:06:00,36995,10,0,0,6.9847
834,16:08:00,16:08:00,36994,11,0,0,7.2792
834,16:10:00,16:10:00,37376,12,0,0,7.5284
834,16:12:00,16:12:00,37377,13,0,0,7.8752
834,16:14:00,16:14:00,37378,14,0,0,8.1684
834,16:19:00,16:19:00,39348,15,0,0,9.0458
835,15:54:00,15:54:00,42673,1,0,0,0.0000
835,15:56:00,15:56:00,38229,2,0,0,0.9153
835,15:58:00,15:58:00,37005,3,0,0,1.7756
835,16:00:00,16:00:00,37004,4,0,0,2.3379
835,16:02:00,16:02:00,37003,5,0,0,3.5483
835,16:03:00,16:03:00,37002,6,0,0,4.1964
835,16:06:00,16:06:00,36998,7,0,0,5.6182
835,16:09:00,16:09:00,36997,8,0,0,6.2994
835,16:10:00,16:10:00,36996,9,0,0,6.5769
835,16:12:00,16:12:00,36995,10,0,0,6.9847
835,16:14:00,16:14:00,36994,11,0,0,7.2792
835,16:16:00,16:16:00,37376,12,0,0,7.5284
835,16:18:00,16:18:00,37377,13,0,0,7.8752
835,16:20:00,16:20:00,37378,14,0,0,8.1684
835,16:25:00,16:25:00,39348,15,0,0,9.0458
836,16:07:00,16:07:00,42673,1,0,0,0.0000
836,16:09:00,16:09:00,38229,2,0,0,0.9153
836,16:11:00,16:11:00,37005,3,0,0,1.7756
836,16:13:00,16:13:00,37004,4,0,0,2.3379
836,16:15:00,16:15:00,37003,5,0,0,3.5483
836,16:16:00,16:16:00,37002,6,0,0,4.1964
836,16:19:00,16:19:00,36998,7,0,0,5.6182
836,16:22:00,16:22:00,36997,8,0,0,6.2994
836,16:23:00,16:23:00,36996,9,0,0,6.5769
836,16:25:00,16:25:00,36995,10,0,0,6.9847
836,16:27:00,16:27:00,36994,11,0,0,7.2792
836,16:29:00,16:29:00,37376,12,0,0,7.5284
836,16:31:00,16:31:00,37377,13,0,0,7.8752
836,16:33:00,16:33:00,37378,14,0,0,8.1684
836,16:38:00,16:38:00,39348,15,0,0,9.0458
837,16:26:00,16:26:00,42673,1,0,0,0.0000
837,16:28:00,16:28:00,38229,2,0,0,0.9153
837,16:30:00,16:30:00,37005,3,0,0,1.7756
837,16:32:00,16:32:00,37004,4,0,0,2.3379
837,16:34:00,16:34:00,37003,5,0,0,3.5483
837,16:35:00,16:35:00,37002,6,0,0,4.1964
837,16:38:00,16:38:00,36998,7,0,0,5.6182
837,16:41:00,16:41:00,36997,8,0,0,6.2994
837,16:42:00,16:42:00,36996,9,0,0,6.5769
837,16:44:00,16:44:00,36995,10,0,0,6.9847
837,16:46:00,16:46:00,36994,11,0,0,7.2792
837,16:48:00,16:48:00,37376,12,0,0,7.5284
837,16:50:00,16:50:00,37377,13,0,0,7.8752
837,16:52:00,16:52:00,37378,14,0,0,8.1684
837,16:57:00,16:57:00,39348,15,0,0,9.0458
838,16:47:00,16:47:00,42673,1,0,0,0.0000
838,16:49:00,16:49:00,38229,2,0,0,0.9153
838,16:51:00,16:51:00,37005,3,0,0,1.7756
838,16:53:00,16:53:00,37004,4,0,0,2.3379
838,16:55:00,16:55:00,37003,5,0,0,3.5483
838,16:56:00,16:56:00,37002,6,0,0,4.1964
838,16:59:00,16:59:00,36998,7,0,0,5.6182
838,17:02:00,17:02:00,36997,8,0,0,6.2994
838,17:03:00,17:03:00,36996,9,0,0,6.5769
838,17:05:00,17:05:00,36995,10,0,0,6.9847
838,17:07:00,17:07:00,36994,11,0,0,7.2792
838,17:09:00,17:09:00,37376,12,0,0,7.5284
838,17:11:00,17:11:00,37377,13,0,0,7.8752
838,17:13:00,17:13:00,37378,14,0,0,8.1684
838,17:18:00,17:18:00,39348,15,0,0,9.0458
839,17:08:00,17:08:00,42673,1,0,0,0.0000
839,17:10:00,17:10:00,38229,2,0,0,0.9153
839,17:12:00,17:12:00,37005,3,0,0,1.7756
839,17:14:00,17:14:00,37004,4,0,0,2.3379
839,17:16:00,17:16:00,37003,5,0,0,3.5483
839,17:17:00,17:17:00,37002,6,0,0,4.1964
839,17:20:00,17:20:00,36998,7,0,0,5.6182
839,17:23:00,17:23:00,36997,8,0,0,6.2994
839,17:24:00,17:24:00,36996,9,0,0,6.5769
839,17:26:00,17:26:00,36995,10,0,0,6.9847
839,17:28:00,17:28:00,36994,11,0,0,7.2792
839,17:30:00,17:30:00,37376,12,0,0,7.5284
839,17:32:00,17:32:00,37377,13,0,0,7.8752
839,17:34:00,17:34:00,37378,14,0,0,8.1684
839,17:39:00,17:39:00,39348,15,0,0,9.0458
840,17:22:00,17:22:00,42673,1,0,0,0.0000
840,17:24:00,17:24:00,38229,2,0,0,0.9153
840,17:26:00,17:26:00,37005,3,0,0,1.7756
840,17:28:00,17:28:00,37004,4,0,0,2.3379
840,17:30:00,17:30:00,37003,5,0,0,3.5483
840,17:31:00,17:31:00,37002,6,0,0,4.1964
