2692,21:23:00,21:23:00,63,16,0,0,30.7640
2693,09:40:00,09:40:00,142,1,0,0,0.0000
2693,09:45:00,09:45:00,100,2,0,0,2.6172
2693,09:50:00,09:50:00,118,3,0,0,4.9587
2693,10:20:00,10:20:00,38174,4,0,0,27.1955
2693,10:32:00,10:32:00,63,5,0,0,30.7553
2694,11:40:00,11:40:00,142,1,0,0,0.0000
2694,11:45:00,11:45:00,100,2,0,0,2.6172
2694,11:50:00,11:50:00,118,3,0,0,4.9587
2694,12:20:00,12:20:00,38174,4,0,0,27.1955
2694,12:32:00,12:32:00,63,5,0,0,30.7553
2695,13:38:00,13:38:00,142,1,0,0,0.0000
2695,13:43:00,13:43:00,100,2,0,0,2.6172
2695,13:48:00,13:48:00,118,3,0,0,4.9587
2695,14:03:00,14:03:00,110,4,0,0,15.6568
2695,14:07:00,14:07:00,5,5,0,0,16.8951
2695,14:10:00,14:10:00,43,6,0,0,18.0420
2695,14:13:00,14:13:00,146,7,0,0,19.1634
2695,14:16:00,14:16:00,160,8,0,0,20.8379
2695,14:26:00,14:26:00,38174,9,0,0,27.1992
2695,14:38:00,14:38:00,63,10,0,0,30.7591
2696,07:10:00,07:10:00,142,1,0,0,0.0000
2696,07:16:00,07:16:00,100,2,0,0,2.6172
2696,07:21:00,07:21:00,118,3,0,0,4.9587
2696,07:24:00,07:24:00,90,4,0,0,6.2155
2696,07:27:00,07:27:00,114,5,0,0,6.9087
2696,07:30:00,07:30:00,159,6,0,0,7.7712
2696,07:34:00,07:34:00,62,7,0,0,9.0693
2696,07:38:00,07:38:00,156,8,0,0,9.9848
2696,07:43:00,07:43:00,111,9,0,0,12.6536
2696,07:47:00,07:47:00,132,10,0,0,13.9625
2696,07:52:00,07:52:00,110,11,0,0,15.6633
2696,08:09:00,08:09:00,38174,12,0,0,27.2023
2696,08:20:00,08:20:00,63,13,0,0,30.7621
2697,08:51:00,08:51:00,142,1,0,0,0.0000
2697,08:56:00,08:56:00,100,2,0,0,2.6172
2697,09:00:00,09:00:00,118,3,0,0,4.9587
2697,09:04:00,09:04:00,90,4,0,0,6.2155
2697,09:06:00,09:06:00,114,5,0,0,6.9087
2697,09:10:00,09:10:00,62,6,0,0,9.0693
2697,09:13:00,09:13:00,156,7,0,0,9.9848
2697,09:16:00,09:16:00,42,8,0,0,11.1580
2697,09:19:00,09:19:00,111,9,0,0,12.6536
2697,09:22:00,09:22:00,132,10,0,0,13.9625
2697,09:27:00,09:27:00,110,11,0,0,15.6633
2697,09:30:00,09:30:00,5,12,0,0,16.9015
2697,09:33:00,09:33:00,43,13,0,0,18.0485
2697,09:38:00,09:38:00,160,14,0,0,20.8428
2697,09:48:00,09:48:00,38174,15,0,0,27.2042
2697,10:00:00,10:00:00,63,16,0,0,30.7640
2698,10:49:00,10:49:00,142,1,0,0,0.0000
2698,10:54:00,10:54:00,100,2,0,0,2.6172
2698,11:02:00,11:02:00,118,3,0,0,4.9587
2698,11:05:00,11:05:00,90,4,0,0,6.2155
2698,11:07:00,11:07:00,114,5,0,0,6.9087
2698,11:11:00,11:11:00,62,6,0,0,9.0693
2698,11:14:00,11:14:00,156,7,0,0,9.9848
2698,11:17:00,11:17:00,42,8,0,0,11.1580
2698,11:20:00,11:20:00,111,9,0,0,12.6536
2698,11:24:00,11:24:00,132,10,0,0,13.9625
2698,11:28:00,11:28:00,110,11,0,0,15.6633
2698,11:31:00,11:31:00,5,12,0,0,16.9015
2698,11:34:00,11:34:00,43,13,0,0,18.0485
2698,11:39:00,11:39:00,160,14,0,0,20.8428
2698,11:49:00,11:49:00,38174,15,0,0,27.2042
2698,12:01:00,12:01:00,63,16,0,0,30.7640
2699,12:13:00,12:13:00,142,1,0,0,0.0000
2699,12:19:00,12:19:00,100,2,0,0,2.6172
2699,12:23:00,12:23:00,118,3,0,0,4.9587
2699,12:26:00,12:26:00,90,4,0,0,6.2155
2699,12:28:00,12:28:00,114,5,0,0,6.9087
2699,12:32:00,12:32:00,62,6,0,0,9.0693
2699,12:35:00,12:35:00,156,7,0,0,9.9848
2699,12:39:00,12:39:00,42,8,0,0,11.1580
2699,12:42:00,12:42:00,111,9,0,0,12.6536
2699,12:46:00,12:46:00,132,10,0,0,13.9625
2699,12:50:00,12:50:00,110,11,0,0,15.6633
2699,12:53:00,12:53:00,5,12,0,0,16.9015
2699,12:56:00,12:56:00,43,13,0,0,18.0485
2699,13:01:00,13:01:00,160,14,0,0,20.8428
2699,13:12:00,13:12:00,38174,15,0,0,27.2042
2699,13:23:00,13:23:00,63,16,0,0,30.7640
2700,06:50:00,06:50:00,142,1,0,0,0.0000
2700,06:56:00,06:56:00,100,2,0,0,2.6172
2700,07:00:00,07:00:00,118,3,0,0,4.9587
2700,07:03:00,07:03:00,90,4,0,0,6.2155
2700,07:06:00,07:06:00,114,5,0,0,6.9087
2700,07:11:00,07:11:00,62,6,0,0,9.0693
2700,07:14:00,07:14:00,156,7,0,0,9.9848
2700,07:17:00,07:17:00,42,8,0,0,11.1580
2700,07:21:00,07:21:00,111,9,0,0,12.6536
2700,07:25:00,07:25:00,132,10,0,0,13.9625
2700,07:29:00,07:29:00,110,11,0,0,15.6633
2700,07:33:00,07:33:00,5,12,0,0,16.9015
2700,07:36:00,07:36:00,43,13,0,0,18.0485
2700,07:39:00,07:39:00,146,14,0,0,19.1699
2700,07:43:00,07:43:00,160,15,0,0,20.8443
2700,07:54:00,07:54:00,38174,16,0,0,27.2057
2700,08:05:00,08:05:00,63,17,0,0,30.7655
2701,24:05:00,24:05:00,142,1,0,0,0.0000
2701,24:10:00,24:10:00,100,2,0,0,2.6172
2701,24:18:00,24:18:00,118,3,0,0,4.9587
2701,24:21:00,24:21:00,90,4,0,0,6.2155
2701,24:23:00,24:23:00,114,5,0,0,6.9087
2701,24:25:00,24:25:00,159,6,0,0,7.7712
2701,24:29:00,24:29:00,62,7,0,0,9.0693
2701,24:31:00,24:31:00,156,8,0,0,9.9848
2701,24:35:00,24:35:00,42,9,0,0,11.1580
2701,24:38:00,24:38:00,111,10,0,0,12.6536
2701,24:41:00,24:41:00,132,11,0,0,13.9625
2701,24:45:00,24:45:00,110,12,0,0,15.6633
2701,24:49:00,24:49:00,5,13,0,0,16.9015
2701,24:51:00,24:51:00,43,14,0,0,18.0485
2701,24:54:00,24:54:00,146,15,0,0,19.1699
2701,24:58:00,24:58:00,160,16,0,0,20.8443
2701,25:07:00,25:07:00,38174,17,0,0,27.2057
2701,25:19:00,25:19:00,63,18,0,0,30.7655
2702,05:10:00,05:10:00,142,1,0,0,0.0000
2702,05:15:00,05:15:00,100,2,0,0,2.6172
2702,05:19:00,05:19:00,118,3,0,0,4.9587
2702,05:22:00,05:22:00,90,4,0,0,6.2155
2702,05:24:00,05:24:00,114,5,0,0,6.9087
2702,05:26:00,05:26:00,159,6,0,0,7.7712
2702,05:30:00,05:30:00,62,7,0,0,9.0693
2702,05:32:00,05:32:00,156,8,0,0,9.9848
2702,05:35:00,05:35:00,42,9,0,0,11.1580
2702,05:39:00,05:39:00,111,10,0,0,12.6536
2702,05:42:00,05:42:00,132,11,0,0,13.9625
2702,05:46:00,05:46:00,110,12,0,0,15.6633
2702,05:49:00,05:49:00,5,13,0,0,16.9015
2702,05:52:00,05:52:00,43,14,0,0,18.0485
2702,05:55:00,05:55:00,146,15,0,0,19.1699
2702,05:59:00,05:59:00,160,16,0,0,20.8443
2702,06:09:00,06:09:00,38174,17,0,0,27.2057
2702,06:20:00,06:20:00,63,18,0,0,30.7655
2703,05:53:00,05:53:00,142,1,0,0,0.0000
2703,05:59:00,05:59:00,100,2,0,0,2.6172
2703,06:03:00,06:03:00,118,3,0,0,4.9587
2703,06:06:00,06:06:00,90,4,0,0,6.2155
2703,06:09:00,06:09:00,114,5,0,0,6.9087
2703,06:11:00,06:11:00,159,6,0,0,7.7712
2703,06:14:00,06:14:00,62,7,0,0,9.0693
2703,06:17:00,06:17:00,156,8,0,0,9.9848
2703,06:21:00,06:21:00,42,9,0,0,11.1580
2703,06:24:00,06:24:00,111,10,0,0,12.6536
2703,06:28:00,06:28:00,132,11,0,0,13.9625
2703,06:32:00,06:32:00,110,12,0,0,15.6633
2703,06:36:00,06:36:00,5,13,0,0,16.9015
2703,06:39:00,06:39:00,43,14,0,0,18.0485
2703,06:42:00,06:42:00,146,15,0,0,19.1699
2703,06:46:00,06:46:00,160,16,0,0,20.8443
2703,06:56:00,06:56:00,38174,17,0,0,27.2057
2703,07:07:00,07:07:00,63,18,0,0,30.7655
2704,06:33:00,06:33:00,142,1,0,0,0.0000
2704,06:39:00,06:39:00,100,2,0,0,2.6172
2704,06:43:00,06:43:00,118,3,0,0,4.9587
2704,06:46:00,06:46:00,90,4,0,0,6.2155
2704,06:49:00,06:49:00,114,5,0,0,6.9087
2704,06:52:00,06:52:00,159,6,0,0,7.7712
2704,06:55:00,06:55:00,62,7,0,0,9.0693
2704,06:58:00,06:58:00,156,8,0,0,9.9848
2704,07:02:00,07:02:00,42,9,0,0,11.1580
2704,07:05:00,07:05:00,111,10,0,0,12.6536
2704,07:09:00,07:09:00,132,11,0,0,13.9625
2704,07:13:00,07:13:00,110,12,0,0,15.6633
2704,07:17:00,07:17:00,5,13,0,0,16.9015
2704,07:20:00,07:20:00,43,14,0,0,18.0485
2704,07:23:00,07:23:00,146,15,0,0,19.1699
2704,07:27:00,07:27:00,160,16,0,0,20.8443
2704,07:38:00,07:38:00,38174,17,0,0,27.2057
2704,07:49:00,07:49:00,63,18,0,0,30.7655
2705,07:23:00,07:23:00,142,1,0,0,0.0000
2705,07:29:00,07:29:00,100,2,0,0,2.6172
2705,07:33:00,07:33:00,118,3,0,0,4.9587
2705,07:36:00,07:36:00,90,4,0,0,6.2155
2705,07:39:00,07:39:00,114,5,0,0,6.9087
2705,07:41:00,07:41:00,159,6,0,0,7.7712
2705,07:44:00,07:44:00,62,7,0,0,9.0693
2705,07:47:00,07:47:00,156,8,0,0,9.9848
2705,07:51:00,07:51:00,42,9,0,0,11.1580
2705,07:54:00,07:54:00,111,10,0,0,12.6536
2705,07:58:00,07:58:00,132,11,0,0,13.9625
2705,08:02:00,08:02:00,110,12,0,0,15.6633
2705,08:06:00,08:06:00,5,13,0,0,16.9015
2705,08:09:00,08:09:00,43,14,0,0,18.0485
2705,08:12:00,08:12:00,146,15,0,0,19.1699
2705,08:16:00,08:16:00,160,16,0,0,20.8443
2705,08:26:00,08:26:00,38174,17,0,0,27.2057
2705,08:38:00,08:38:00,63,18,0,0,30.7655
2706,07:37:00,07:37:00,142,1,0,0,0.0000
2706,07:43:00,07:43:00,100,2,0,0,2.6172
2706,07:47:00,07:47:00,118,3,0,0,4.9587
2706,07:50:00,07:50:00,90,4,0,0,6.2155
2706,07:53:00,07:53:00,114,5,0,0,6.9087
2706,07:55:00,07:55:00,159,6,0,0,7.7712
2706,07:58:00,07:58:00,62,7,0,0,9.0693
2706,08:01:00,08:01:00,156,8,0,0,9.9848
2706,08:04:00,08:04:00,42,9,0,0,11.1580
2706,08:07:00,08:07:00,111,10,0,0,12.6536
2706,08:11:00,08:11:00,132,11,0,0,13.9625
2706,08:15:00,08:15:00,110,12,0,0,15.6633
2706,08:19:00,08:19:00,5,13,0,0,16.9015
2706,08:22:00,08:22:00,43,14,0,0,18.0485
2706,08:25:00,08:25:00,146,15,0,0,19.1699
2706,08:29:00,08:29:00,160,16,0,0,20.8443
2706,08:39:00,08:39:00,38174,17,0,0,27.2057
2706,08:50:00,08:50:00,63,18,0,0,30.7655
2707,08:08:00,08:08:00,142,1,0,0,0.0000
2707,08:14:00,08:14:00,100,2,0,0,2.6172
2707,08:18:00,08:18:00,118,3,0,0,4.9587
2707,08:21:00,08:21:00,90,4,0,0,6.2155
2707,08:24:00,08:24:00,114,5,0,0,6.9087
2707,08:26:00,08:26:00,159,6,0,0,7.7712
2707,08:29:00,08:29:00,62,7,0,0,9.0693
2707,08:32:00,08:32:00,156,8,0,0,9.9848
2707,08:36:00,08:36:00,42,9,0,0,11.1580
2707,08:39:00,08:39:00,111,10,0,0,12.6536
2707,08:43:00,08:43:00,132,11,0,0,13.9625
2707,08:47:00,08:47:00,110,12,0,0,15.6633
2707,08:51:00,08:51:00,5,13,0,0,16.9015
2707,08:54:00,08:54:00,43,14,0,0,18.0485
2707,08:57:00,08:57:00,146,15,0,0,19.1699
2707,09:01:00,09:01:00,160,16,0,0,20.8443
2707,09:11:00,09:11:00,38174,17,0,0,27.2057
2707,09:22:00,09:22:00,63,18,0,0,30.7655
2708,14:45:00,14:45:00,142,1,0,0,0.0000
2708,14:50:00,14:50:00,100,2,0,0,2.6172
2708,14:59:00,14:59:00,118,3,0,0,4.9587
2708,15:02:00,15:02:00,90,4,0,0,6.2155
2708,15:04:00,15:04:00,114,5,0,0,6.9087
2708,15:06:00,15:06:00,159,6,0,0,7.7712
2708,15:09:00,15:09:00,62,7,0,0,9.0693
2708,15:12:00,15:12:00,156,8,0,0,9.9848
2708,15:15:00,15:15:00,42,9,0,0,11.1580
2708,15:19:00,15:19:00,111,10,0,0,12.6536
2708,15:22:00,15:22:00,132,11,0,0,13.9625
2708,15:26:00,15:26:00,110,12,0,0,15.6633
2708,15:32:00,15:32:00,5,13,0,0,16.9015
2708,15:35:00,15:35:00,43,14,0,0,18.0485
2708,15:39:00,15:39:00,146,15,0,0,19.1699
2708,15:42:00,15:42:00,160,16,0,0,20.8443
2708,15:52:00,15:52:00,38174,17,0,0,27.2057
2708,16:03:00,16:03:00,63,18,0,0,30.7655
2709,15:46:00,15:46:00,142,1,0,0,0.0000
2709,15:51:00,15:51:00,100,2,0,0,2.6172
2709,15:56:00,15:56:00,118,3,0,0,4.9587
2709,15:59:00,15:59:00,90,4,0,0,6.2155
2709,16:01:00,16:01:00,114,5,0,0,6.9087
2709,16:03:00,16:03:00,159,6,0,0,7.7712
2709,16:06:00,16:06:00,62,7,0,0,9.0693
2709,16:09:00,16:09:00,156,8,0,0,9.9848
2709,16:12:00,16:12:00,42,9,0,0,11.1580
2709,16:16:00,16:16:00,111,10,0,0,12.6536
2709,16:19:00,16:19:00,132,11,0,0,13.9625
2709,16:23:00,16:23:00,110,12,0,0,15.6633
2709,16:30:00,16:30:00,5,13,0,0,16.9015
2709,16:33:00,16:33:00,43,14,0,0,18.0485
2709,16:36:00,16:36:00,146,15,0,0,19.1699
2709,16:39:00,16:39:00,160,16,0,0,20.8443
2709,16:49:00,16:49:00,38174,17,0,0,27.2057
2709,17:02:00,17:02:00,63,18,0,0,30.7655
2710,21:11:00,21:11:00,142,1,0,0,0.0000
2710,21:17:00,21:17:00,100,2,0,0,2.6172
2710,21:25:00,21:25:00,118,3,0,0,4.9587
2710,21:28:00,21:28:00,90,4,0,0,6.2155
2710,21:30:00,21:30:00,114,5,0,0,6.9087
2710,21:32:00,21:32:00,159,6,0,0,7.7712
2710,21:35:00,21:35:00,62,7,0,0,9.0693
2710,21:38:00,21:38:00,156,8,0,0,9.9848
2710,21:41:00,21:41:00,42,9,0,0,11.1580
2710,21:44:00,21:44:00,111,10,0,0,12.6536
2710,21:47:00,21:47:00,132,11,0,0,13.9625
2710,21:51:00,21:51:00,110,12,0,0,15.6633
2710,21:54:00,21:54:00,5,13,0,0,16.9015
2710,21:57:00,21:57:00,43,14,0,0,18.0485
2710,22:00:00,22:00:00,146,15,0,0,19.1699
2710,22:07:00,22:07:00,160,16,0,0,20.8443
2710,22:17:00,22:17:00,38174,17,0,0,27.2057
2710,22:29:00,22:29:00,63,18,0,0,30.7655
2711,06:21:00,06:21:00,142,1,0,0,0.0000
2711,06:27:00,06:27:00,100,2,0,0,2.6172
2711,06:32:00,06:32:00,118,3,0,0,4.9587
2711,07:03:00,07:03:00,38174,4,0,0,27.1955
2711,07:17:00,07:17:00,63,5,0,0,30.7553
2712,07:59:00,07:59:00,142,1,0,0,0.0000
2712,08:05:00,08:05:00,100,2,0,0,2.6172
2712,08:10:00,08:10:00,118,3,0,0,4.9587
2712,08:44:00,08:44:00,38174,4,0,0,27.1955
2712,08:56:00,08:56:00,63,5,0,0,30.7553
2713,10:24:00,10:24:00,110,1,0,0,0.0000
2713,10:30:00,10:30:00,5,2,0,0,1.2568
2713,10:33:00,10:33:00,43,3,0,0,2.4038
2713,10:36:00,10:36:00,146,4,0,0,3.5252
2713,10:39:00,10:39:00,160,5,0,0,5.1996
2713,10:49:00,10:49:00,38174,6,0,0,11.5610
2713,11:00:00,11:00:00,63,7,0,0,15.1208
2714,24:45:00,24:45:00,63,1,0,0,0.0000
2714,24:55:00,24:55:00,38174,2,0,0,3.5600
2714,25:04:00,25:04:00,160,3,0,0,9.9299
2714,25:07:00,25:07:00,146,4,0,0,11.6110
2714,25:10:00,25:10:00,43,5,0,0,12.7343
2714,25:13:00,25:13:00,5,6,0,0,13.8812
2714,25:16:00,25:16:00,110,7,0,0,15.1008
2714,25:21:00,25:21:00,132,8,0,0,16.8203
2714,25:24:00,25:24:00,111,9,0,0,18.1292
2714,25:27:00,25:27:00,42,10,0,0,19.6248
2714,25:29:00,25:29:00,156,11,0,0,20.7915
2714,25:32:00,25:32:00,62,12,0,0,21.7070
2714,25:35:00,25:35:00,159,13,0,0,23.0051
2714,25:38:00,25:38:00,114,14,0,0,23.8676
2714,25:40:00,25:40:00,90,15,0,0,24.5419
2714,25:44:00,25:44:00,118,16,0,0,25.8176
2714,25:48:00,25:48:00,100,17,0,0,28.1591
2714,25:55:00,25:55:00,142,18,0,0,30.6949
2715,08:13:00,08:13:00,63,1,0,0,0.0000
2715,08:23:00,08:23:00,38174,2,0,0,3.5600
2715,08:33:00,08:33:00,160,3,0,0,9.9299
2715,08:38:00,08:38:00,43,4,0,0,12.7316
2715,08:41:00,08:41:00,5,5,0,0,13.8797
2715,08:45:00,08:45:00,110,6,0,0,15.0992
2715,08:49:00,08:49:00,132,7,0,0,16.8188
2715,08:52:00,08:52:00,111,8,0,0,18.1277
2715,08:56:00,08:56:00,42,9,0,0,19.6233
2715,08:58:00,08:58:00,156,10,0,0,20.7900
2715,09:02:00,09:02:00,62,11,0,0,21.7055
2715,09:06:00,09:06:00,114,12,0,0,23.8661
2715,09:08:00,09:08:00,90,13,0,0,24.5403
2715,09:12:00,09:12:00,118,14,0,0,25.8161
2715,09:16:00,09:16:00,100,15,0,0,28.1576
2715,09:22:00,09:22:00,142,16,0,0,30.6934
2716,10:13:00,10:13:00,63,1,0,0,0.0000
2716,10:23:00,10:23:00,38174,2,0,0,3.5600
2716,10:33:00,10:33:00,160,3,0,0,9.9299
2716,10:38:00,10:38:00,43,4,0,0,12.7316
2716,10:41:00,10:41:00,5,5,0,0,13.8797
2716,10:45:00,10:45:00,110,6,0,0,15.0992
2716,10:49:00,10:49:00,132,7,0,0,16.8188
2716,10:52:00,10:52:00,111,8,0,0,18.1277
2716,10:56:00,10:56:00,42,9,0,0,19.6233
2716,10:58:00,10:58:00,156,10,0,0,20.7900
2716,11:02:00,11:02:00,62,11,0,0,21.7055
2716,11:06:00,11:06:00,114,12,0,0,23.8661
2716,11:08:00,11:08:00,90,13,0,0,24.5403
2716,11:12:00,11:12:00,118,14,0,0,25.8161
2716,11:16:00,11:16:00,100,15,0,0,28.1576
2716,11:22:00,11:22:00,142,16,0,0,30.6934
2717,12:13:00,12:13:00,63,1,0,0,0.0000
2717,12:23:00,12:23:00,38174,2,0,0,3.5600
2717,12:33:00,12:33:00,160,3,0,0,9.9299
2717,12:38:00,12:38:00,43,4,0,0,12.7316
2717,12:41:00,12:41:00,5,5,0,0,13.8797
2717,12:45:00,12:45:00,110,6,0,0,15.0992
2717,12:49:00,12:49:00,132,7,0,0,16.8188
2717,12:52:00,12:52:00,111,8,0,0,18.1277
2717,12:56:00,12:56:00,42,9,0,0,19.6233
2717,12:59:00,12:59:00,156,10,0,0,20.7900
2717,13:02:00,13:02:00,62,11,0,0,21.7055
2717,13:06:00,13:06:00,114,12,0,0,23.8661
2717,13:08:00,13:08:00,90,13,0,0,24.5403
2717,13:12:00,13:12:00,118,14,0,0,25.8161
2717,13:16:00,13:16:00,100,15,0,0,28.1576
2717,13:22:00,13:22:00,142,16,0,0,30.6934
2718,14:13:00,14:13:00,63,1,0,0,0.0000
2718,14:23:00,14:23:00,38174,2,0,0,3.5600
2718,14:33:00,14:33:00,160,3,0,0,9.9299
2718,14:38:00,14:38:00,43,4,0,0,12.7316
2718,14:41:00,14:41:00,5,5,0,0,13.8797
2718,14:45:00,14:45:00,110,6,0,0,15.0992
2718,14:49:00,14:49:00,132,7,0,0,16.8188
2718,14:52:00,14:52:00,111,8,0,0,18.1277
2718,14:56:00,14:56:00,42,9,0,0,19.6233
2718,14:59:00,14:59:00,156,10,0,0,20.7900
2718,15:02:00,15:02:00,62,11,0,0,21.7055
2718,15:06:00,15:06:00,114,12,0,0,23.8661
2718,15:08:00,15:08:00,90,13,0,0,24.5403
2718,15:12:00,15:12:00,118,14,0,0,25.8161
2718,15:16:00,15:16:00,100,15,0,0,28.1576
2718,15:22:00,15:22:00,142,16,0,0,30.6934
2719,16:13:00,16:13:00,63,1,0,0,0.0000
2719,16:23:00,16:23:00,38174,2,0,0,3.5600
2719,16:33:00,16:33:00,160,3,0,0,9.9299
2719,16:38:00,16:38:00,43,4,0,0,12.7316
2719,16:41:00,16:41:00,5,5,0,0,13.8797
2719,16:48:00,16:48:00,110,6,0,0,15.0992
2719,16:53:00,16:53:00,132,7,0,0,16.8188
2719,16:56:00,16:56:00,111,8,0,0,18.1277
2719,16:59:00,16:59:00,42,9,0,0,19.6233
2719,17:02:00,17:02:00,156,10,0,0,20.7900
2719,17:05:00,17:05:00,62,11,0,0,21.7055
2719,17:10:00,17:10:00,114,12,0,0,23.8661
2719,17:12:00,17:12:00,90,13,0,0,24.5403
2719,17:15:00,17:15:00,118,14,0,0,25.8161
2719,17:20:00,17:20:00,100,15,0,0,28.1576
2719,17:26:00,17:26:00,142,16,0,0,30.6934
2720,17:13:00,17:13:00,63,1,0,0,0.0000
2720,17:23:00,17:23:00,38174,2,0,0,3.5600
2720,17:33:00,17:33:00,160,3,0,0,9.9299
2720,17:39:00,17:39:00,43,4,0,0,12.7316
2720,17:42:00,17:42:00,5,5,0,0,13.8797
2720,17:45:00,17:45:00,110,6,0,0,15.0992
2720,17:49:00,17:49:00,132,7,0,0,16.8188
2720,17:53:00,17:53:00,111,8,0,0,18.1277
2720,17:56:00,17:56:00,42,9,0,0,19.6233
2720,17:59:00,17:59:00,156,10,0,0,20.7900
2720,18:02:00,18:02:00,62,11,0,0,21.7055
2720,18:07:00,18:07:00,114,12,0,0,23.8661
2720,18:09:00,18:09:00,90,13,0,0,24.5403
2720,18:12:00,18:12:00,118,14,0,0,25.8161
2720,18:17:00,18:17:00,100,15,0,0,28.1576
2720,18:23:00,18:23:00,142,16,0,0,30.6934
2721,18:21:00,18:21:00,63,1,0,0,0.0000
2721,18:31:00,18:31:00,38174,2,0,0,3.5600
2721,18:41:00,18:41:00,160,3,0,0,9.9299
2721,18:46:00,18:46:00,43,4,0,0,12.7316
2721,18:49:00,18:49:00,5,5,0,0,13.8797
2721,18:53:00,18:53:00,110,6,0,0,15.0992
2721,18:57:00,18:57:00,132,7,0,0,16.8188
2721,19:00:00,19:00:00,111,8,0,0,18.1277
2721,19:04:00,19:04:00,42,9,0,0,19.6233
2721,19:07:00,19:07:00,156,10,0,0,20.7900
2721,19:10:00,19:10:00,62,11,0,0,21.7055
2721,19:14:00,19:14:00,114,12,0,0,23.8661
2721,19:17:00,19:17:00,90,13,0,0,24.5403
2721,19:20:00,19:20:00,118,14,0,0,25.8161
2721,19:25:00,19:25:00,100,15,0,0,28.1576
2721,19:31:00,19:31:00,142,16,0,0,30.6934
2722,21:21:00,21:21:00,63,1,0,0,0.0000
2722,21:31:00,21:31:00,38174,2,0,0,3.5600
2722,21:40:00,21:40:00,160,3,0,0,9.9299
2722,21:45:00,21:45:00,43,4,0,0,12.7316
2722,21:48:00,21:48:00,5,5,0,0,13.8797
2722,21:51:00,21:51:00,110,6,0,0,15.0992
2722,21:55:00,21:55:00,132,7,0,0,16.8188
2722,21:59:00,21:59:00,111,8,0,0,18.1277
2722,22:02:00,22:02:00,42,9,0,0,19.6233
2722,22:04:00,22:04:00,156,10,0,0,20.7900
2722,22:08:00,22:08:00,62,11,0,0,21.7055
2722,22:12:00,22:12:00,114,12,0,0,23.8661
2722,22:15:00,22:15:00,90,13,0,0,24.5403
2722,22:18:00,22:18:00,118,14,0,0,25.8161
2722,22:23:00,22:23:00,100,15,0,0,28.1576
2722,22:30:00,22:30:00,142,16,0,0,30.6934
2723,23:21:00,23:21:00,63,1,0,0,0.0000
2723,23:31:00,23:31:00,38174,2,0,0,3.5600
2723,23:40:00,23:40:00,160,3,0,0,9.9299
2723,23:45:00,23:45:00,43,4,0,0,12.7316
2723,23:48:00,23:48:00,5,5,0,0,13.8797
2723,23:51:00,23:51:00,110,6,0,0,15.0992
2723,23:55:00,23:55:00,132,7,0,0,16.8188
2723,23:59:00,23:59:00,111,8,0,0,18.1277
2723,24:02:00,24:02:00,42,9,0,0,19.6233
2723,24:04:00,24:04:00,156,10,0,0,20.7900
2723,24:08:00,24:08:00,62,11,0,0,21.7055
2723,24:12:00,24:12:00,114,12,0,0,23.8661
2723,24:15:00,24:15:00,90,13,0,0,24.5403
2723,24:18:00,24:18:00,118,14,0,0,25.8161
2723,24:23:00,24:23:00,100,15,0,0,28.1576
2723,24:30:00,24:30:00,142,16,0,0,30.6934
2724,15:29:00,15:29:00,63,1,0,0,0.0000
2724,15:39:00,15:39:00,38174,2,0,0,3.5600
2724,16:09:00,16:09:00,118,3,0,0,25.7968
2724,16:18:00,16:18:00,100,4,0,0,28.1384
2724,16:25:00,16:25:00,142,5,0,0,30.6742
2725,19:29:00,19:29:00,63,1,0,0,0.0000
2725,19:39:00,19:39:00,38174,2,0,0,3.5600
2725,20:11:00,20:11:00,118,3,0,0,25.7968
2725,20:20:00,20:20:00,100,4,0,0,28.1384
2725,20:27:00,20:27:00,142,5,0,0,30.6742
2726,14:58:00,14:58:00,63,1,0,0,0.0000
2726,15:08:00,15:08:00,38174,2,0,0,3.5600
2726,15:17:00,15:17:00,160,3,0,0,9.9299
2726,15:21:00,15:21:00,146,4,0,0,11.6110
2726,15:24:00,15:24:00,43,5,0,0,12.7343
2726,15:27:00,15:27:00,5,6,0,0,13.8812
2726,15:30:00,15:30:00,110,7,0,0,15.1008
2726,15:35:00,15:35:00,132,8,0,0,16.8203
2726,15:42:00,15:42:00,62,9,0,0,21.7070
2726,15:49:00,15:49:00,118,10,0,0,25.8178
2726,15:56:00,15:56:00,100,11,0,0,28.1593
2726,16:01:00,16:01:00,142,12,0,0,30.6951
2727,19:20:00,19:20:00,63,1,0,0,0.0000
2727,19:30:00,19:30:00,38174,2,0,0,3.5600
2727,20:02:00,20:02:00,118,3,0,0,25.7968
2727,20:08:00,20:08:00,100,4,0,0,28.1384
2727,20:13:00,20:13:00,142,5,0,0,30.6742
2728,14:58:00,14:58:00,63,1,0,0,0.0000
2728,15:08:00,15:08:00,38174,2,0,0,3.5600
2728,15:17:00,15:17:00,160,3,0,0,9.9299
2728,15:21:00,15:21:00,146,4,0,0,11.6110
2728,15:24:00,15:24:00,43,5,0,0,12.7343
2728,15:27:00,15:27:00,5,6,0,0,13.8812
2728,15:30:00,15:30:00,110,7,0,0,15.1008
2729,08:55:00,08:55:00,63,1,0,0,0.0000
2729,09:05:00,09:05:00,38174,2,0,0,3.5600
2729,09:15:00,09:15:00,160,3,0,0,9.9299
2729,09:19:00,09:19:00,43,4,0,0,12.7316
2729,09:22:00,09:22:00,5,5,0,0,13.8797
2729,09:31:00,09:31:00,110,6,0,0,15.0992
2729,09:35:00,09:35:00,132,7,0,0,16.8188
2729,09:38:00,09:38:00,111,8,0,0,18.1277
2729,09:42:00,09:42:00,42,9,0,0,19.6233
2729,09:45:00,09:45:00,156,10,0,0,20.7900
2729,09:48:00,09:48:00,62,11,0,0,21.7055
2729,09:52:00,09:52:00,114,12,0,0,23.8661
2729,09:54:00,09:54:00,90,13,0,0,24.5403
2729,09:58:00,09:58:00,118,14,0,0,25.8161
2729,10:02:00,10:02:00,100,15,0,0,28.1576
2729,10:09:00,10:09:00,142,16,0,0,30.6934
2730,11:14:00,11:14:00,63,1,0,0,0.0000
2730,11:24:00,11:24:00,38174,2,0,0,3.5600
2730,11:33:00,11:33:00,160,3,0,0,9.9299
2730,11:41:00,11:41:00,43,4,0,0,12.7316
2730,11:44:00,11:44:00,5,5,0,0,13.8797
2730,11:47:00,11:47:00,110,6,0,0,15.0992
2730,11:51:00,11:51:00,132,7,0,0,16.8188
2730,11:55:00,11:55:00,111,8,0,0,18.1277
2730,11:58:00,11:58:00,42,9,0,0,19.6233
2730,12:01:00,12:01:00,156,10,0,0,20.7900
2730,12:04:00,12:04:00,62,11,0,0,21.7055
2730,12:08:00,12:08:00,114,12,0,0,23.8661
2730,12:11:00,12:11:00,90,13,0,0,24.5403
2730,12:14:00,12:14:00,118,14,0,0,25.8161
2730,12:26:00,12:26:00,100,15,0,0,28.1576
2730,12:33:00,12:33:00,142,16,0,0,30.6934
2731,09:57:00,09:57:00,63,1,0,0,0.0000
2731,10:07:00,10:07:00,38174,2,0,0,3.5600
2731,10:17:00,10:17:00,160,3,0,0,9.9299
2731,10:20:00,10:20:00,146,4,0,0,11.6110
2731,10:23:00,10:23:00,43,5,0,0,12.7343
2731,10:26:00,10:26:00,5,6,0,0,13.8812
2731,10:29:00,10:29:00,110,7,0,0,15.1008
2731,10:33:00,10:33:00,132,8,0,0,16.8203
2731,10:37:00,10:37:00,111,9,0,0,18.1292
2731,10:40:00,10:40:00,42,10,0,0,19.6248
2731,10:43:00,10:43:00,156,11,0,0,20.7915
2731,10:46:00,10:46:00,62,12,0,0,21.7070
2731,10:50:00,10:50:00,114,13,0,0,23.8676
2731,10:53:00,10:53:00,90,14,0,0,24.5419
2731,10:56:00,10:56:00,118,15,0,0,25.8176
2731,11:00:00,11:00:00,100,16,0,0,28.1591
2731,11:06:00,11:06:00,142,17,0,0,30.6949
2732,12:34:00,12:34:00,63,1,0,0,0.0000
2732,12:45:00,12:45:00,38174,2,0,0,3.5600
2732,12:54:00,12:54:00,160,3,0,0,9.9299
2732,13:01:00,13:01:00,146,4,0,0,11.6110
2732,13:04:00,13:04:00,43,5,0,0,12.7343
2732,13:07:00,13:07:00,5,6,0,0,13.8812
2732,13:10:00,13:10:00,110,7,0,0,15.1008
2732,13:15:00,13:15:00,132,8,0,0,16.8203
2732,13:18:00,13:18:00,111,9,0,0,18.1292
2732,13:21:00,13:21:00,42,10,0,0,19.6248
2732,13:24:00,13:24:00,156,11,0,0,20.7915
2732,13:27:00,13:27:00,62,12,0,0,21.7070
2732,13:30:00,13:30:00,159,13,0,0,23.0051
2732,13:32:00,13:32:00,114,14,0,0,23.8676
2732,13:35:00,13:35:00,90,15,0,0,24.5419
2732,13:38:00,13:38:00,118,16,0,0,25.8176
2732,13:48:00,13:48:00,100,17,0,0,28.1591
2732,13:56:00,13:56:00,142,18,0,0,30.6949
2733,13:50:00,13:50:00,63,1,0,0,0.0000
2733,14:00:00,14:00:00,38174,2,0,0,3.5600
2733,14:10:00,14:10:00,160,3,0,0,9.9299
2733,14:16:00,14:16:00,146,4,0,0,11.6110
2733,14:19:00,14:19:00,43,5,0,0,12.7343
2733,14:22:00,14:22:00,5,6,0,0,13.8812
2733,14:25:00,14:25:00,110,7,0,0,15.1008
2733,14:30:00,14:30:00,132,8,0,0,16.8203
2733,14:33:00,14:33:00,111,9,0,0,18.1292
2733,14:36:00,14:36:00,42,10,0,0,19.6248
2733,14:39:00,14:39:00,156,11,0,0,20.7915
2733,14:42:00,14:42:00,62,12,0,0,21.7070
2733,14:45:00,14:45:00,159,13,0,0,23.0051
2733,14:47:00,14:47:00,114,14,0,0,23.8676
2733,14:49:00,14:49:00,90,15,0,0,24.5419
2733,14:53:00,14:53:00,118,16,0,0,25.8176
2733,14:57:00,14:57:00,100,17,0,0,28.1591
2733,15:04:00,15:04:00,142,18,0,0,30.6949
2734,15:57:00,15:57:00,63,1,0,0,0.0000
2734,16:07:00,16:07:00,38174,2,0,0,3.5600
2734,16:16:00,16:16:00,160,3,0,0,9.9299
2734,16:20:00,16:20:00,146,4,0,0,11.6110
2734,16:23:00,16:23:00,43,5,0,0,12.7343
2734,16:26:00,16:26:00,5,6,0,0,13.8812
2734,16:29:00,16:29:00,110,7,0,0,15.1008
2734,16:33:00,16:33:00,132,8,0,0,16.8203
2734,16:36:00,16:36:00,111,9,0,0,18.1292
2734,16:40:00,16:40:00,42,10,0,0,19.6248
2734,16:43:00,16:43:00,156,11,0,0,20.7915
2734,16:46:00,16:46:00,62,12,0,0,21.7070
2734,16:49:00,16:49:00,159,13,0,0,23.0051
2734,16:51:00,16:51:00,114,14,0,0,23.8676
2734,16:54:00,16:54:00,90,15,0,0,24.5419
2734,16:57:00,16:57:00,118,16,0,0,25.8176
2734,17:02:00,17:02:00,100,17,0,0,28.1591
2734,17:07:00,17:07:00,142,18,0,0,30.6949
2735,16:39:00,16:39:00,63,1,0,0,0.0000
2735,16:49:00,16:49:00,38174,2,0,0,3.5600
2735,16:59:00,16:59:00,160,3,0,0,9.9299
2735,17:02:00,17:02:00,146,4,0,0,11.6110
2735,17:05:00,17:05:00,43,5,0,0,12.7343
2735,17:08:00,17:08:00,5,6,0,0,13.8812
2735,17:12:00,17:12:00,110,7,0,0,15.1008
2735,17:16:00,17:16:00,132,8,0,0,16.8203
2735,17:20:00,17:20:00,111,9,0,0,18.1292
2735,17:23:00,17:23:00,42,10,0,0,19.6248
2735,17:27:00,17:27:00,156,11,0,0,20.7915
2735,17:30:00,17:30:00,62,12,0,0,21.7070
2735,17:33:00,17:33:00,159,13,0,0,23.0051
2735,17:35:00,17:35:00,114,14,0,0,23.8676
2735,17:38:00,17:38:00,90,15,0,0,24.5419
2735,17:41:00,17:41:00,118,16,0,0,25.8176
2735,17:46:00,17:46:00,100,17,0,0,28.1591
2735,17:51:00,17:51:00,142,18,0,0,30.6949
2736,17:02:00,17:02:00,63,1,0,0,0.0000
2736,17:12:00,17:12:00,38174,2,0,0,3.5600
2736,17:22:00,17:22:00,160,3,0,0,9.9299
2736,17:25:00,17:25:00,146,4,0,0,11.6110
2736,17:28:00,17:28:00,43,5,0,0,12.7343
2736,17:31:00,17:31:00,5,6,0,0,13.8812
2736,17:35:00,17:35:00,110,7,0,0,15.1008
2736,17:39:00,17:39:00,132,8,0,0,16.8203
2736,17:43:00,17:43:00,111,9,0,0,18.1292
2736,17:46:00,17:46:00,42,10,0,0,19.6248
2736,17:49:00,17:49:00,156,11,0,0,20.7915
2736,17:52:00,17:52:00,62,12,0,0,21.7070
2736,17:55:00,17:55:00,159,13,0,0,23.0051
2736,17:58:00,17:58:00,114,14,0,0,23.8676
2736,18:00:00,18:00:00,90,15,0,0,24.5419
2736,18:03:00,18:03:00,118,16,0,0,25.8176
2736,18:08:00,18:08:00,100,17,0,0,28.1591
2736,18:13:00,18:13:00,142,18,0,0,30.6949
2737,17:35:00,17:35:00,63,1,0,0,0.0000
2737,17:46:00,17:46:00,38174,2,0,0,3.5600
2737,17:56:00,17:56:00,160,3,0,0,9.9299
2737,18:00:00,18:00:00,146,4,0,0,11.6110
2737,18:04:00,18:04:00,43,5,0,0,12.7343
2737,18:07:00,18:07:00,5,6,0,0,13.8812
2737,18:11:00,18:11:00,110,7,0,0,15.1008
2737,18:16:00,18:16:00,132,8,0,0,16.8203
2737,18:20:00,18:20:00,111,9,0,0,18.1292
2737,18:23:00,18:23:00,42,10,0,0,19.6248
2737,18:27:00,18:27:00,156,11,0,0,20.7915
2737,18:31:00,18:31:00,62,12,0,0,21.7070
2737,18:34:00,18:34:00,159,13,0,0,23.0051
2737,18:37:00,18:37:00,114,14,0,0,23.8676
2737,18:40:00,18:40:00,90,15,0,0,24.5419
2737,18:43:00,18:43:00,118,16,0,0,25.8176
2737,18:48:00,18:48:00,100,17,0,0,28.1591
2737,18:53:00,18:53:00,142,18,0,0,30.6949
2738,17:55:00,17:55:00,63,1,0,0,0.0000
2738,18:06:00,18:06:00,38174,2,0,0,3.5600
2738,18:15:00,18:15:00,160,3,0,0,9.9299
2738,18:19:00,18:19:00,146,4,0,0,11.6110
2738,18:22:00,18:22:00,43,5,0,0,12.7343
2738,18:26:00,18:26:00,5,6,0,0,13.8812
2738,18:30:00,18:30:00,110,7,0,0,15.1008
2738,18:35:00,18:35:00,132,8,0,0,16.8203
2738,18:38:00,18:38:00,111,9,0,0,18.1292
2738,18:42:00,18:42:00,42,10,0,0,19.6248
2738,18:46:00,18:46:00,156,11,0,0,20.7915
2738,18:49:00,18:49:00,62,12,0,0,21.7070
2738,18:52:00,18:52:00,159,13,0,0,23.0051
2738,18:55:00,18:55:00,114,14,0,0,23.8676
2738,18:58:00,18:58:00,90,15,0,0,24.5419
2738,19:01:00,19:01:00,118,16,0,0,25.8176
2738,19:06:00,19:06:00,100,17,0,0,28.1591
2738,19:11:00,19:11:00,142,18,0,0,30.6949
2739,18:18:00,18:18:00,63,1,0,0,0.0000
2739,18:28:00,18:28:00,38174,2,0,0,3.5600
2739,18:38:00,18:38:00,160,3,0,0,9.9299
2739,18:42:00,18:42:00,146,4,0,0,11.6110
2739,18:45:00,18:45:00,43,5,0,0,12.7343
2739,18:49:00,18:49:00,5,6,0,0,13.8812
2739,18:53:00,18:53:00,110,7,0,0,15.1008
2739,18:58:00,18:58:00,132,8,0,0,16.8203
2739,19:01:00,19:01:00,111,9,0,0,18.1292
2739,19:05:00,19:05:00,42,10,0,0,19.6248
2739,19:09:00,19:09:00,156,11,0,0,20.7915
2739,19:12:00,19:12:00,62,12,0,0,21.7070
2739,19:15:00,19:15:00,159,13,0,0,23.0051
2739,19:18:00,19:18:00,114,14,0,0,23.8676
2739,19:21:00,19:21:00,90,15,0,0,24.5419
2739,19:24:00,19:24:00,118,16,0,0,25.8176
2739,19:29:00,19:29:00,100,17,0,0,28.1591
2739,19:34:00,19:34:00,142,18,0,0,30.6949
2740,18:48:00,18:48:00,63,1,0,0,0.0000
2740,18:58:00,18:58:00,38174,2,0,0,3.5600
2740,19:08:00,19:08:00,160,3,0,0,9.9299
2740,19:12:00,19:12:00,146,4,0,0,11.6110
2740,19:15:00,19:15:00,43,5,0,0,12.7343
2740,19:18:00,19:18:00,5,6,0,0,13.8812
2740,19:22:00,19:22:00,110,7,0,0,15.1008
2740,19:26:00,19:26:00,132,8,0,0,16.8203
2740,19:30:00,19:30:00,111,9,0,0,18.1292
2740,19:33:00,19:33:00,42,10,0,0,19.6248
2740,19:37:00,19:37:00,156,11,0,0,20.7915
2740,19:40:00,19:40:00,62,12,0,0,21.7070
2740,19:43:00,19:43:00,159,13,0,0,23.0051
2740,19:46:00,19:46:00,114,14,0,0,23.8676
2740,19:49:00,19:49:00,90,15,0,0,24.5419
2740,19:52:00,19:52:00,118,16,0,0,25.8176
2740,19:57:00,19:57:00,100,17,0,0,28.1591
2740,20:02:00,20:02:00,142,18,0,0,30.6949
2741,19:26:00,19:26:00,63,1,0,0,0.0000
2741,19:36:00,19:36:00,38174,2,0,0,3.5600
2741,19:46:00,19:46:00,160,3,0,0,9.9299
2741,19:49:00,19:49:00,146,4,0,0,11.6110
2741,19:52:00,19:52:00,43,5,0,0,12.7343
2741,19:55:00,19:55:00,5,6,0,0,13.8812
2741,19:58:00,19:58:00,110,7,0,0,15.1008
2741,20:03:00,20:03:00,132,8,0,0,16.8203
2741,20:06:00,20:06:00,111,9,0,0,18.1292
2741,20:09:00,20:09:00,42,10,0,0,19.6248
2741,20:12:00,20:12:00,156,11,0,0,20.7915
2741,20:15:00,20:15:00,62,12,0,0,21.7070
2741,20:18:00,20:18:00,159,13,0,0,23.0051
2741,20:21:00,20:21:00,114,14,0,0,23.8676
2741,20:23:00,20:23:00,90,15,0,0,24.5419
2741,20:26:00,20:26:00,118,16,0,0,25.8176
2741,20:31:00,20:31:00,100,17,0,0,28.1591
2741,20:36:00,20:36:00,142,18,0,0,30.6949
2742,20:20:00,20:20:00,63,1,0,0,0.0000
2742,20:30:00,20:30:00,38174,2,0,0,3.5600
2742,20:39:00,20:39:00,160,3,0,0,9.9299
2742,20:42:00,20:42:00,146,4,0,0,11.6110
2742,20:45:00,20:45:00,43,5,0,0,12.7343
2742,20:48:00,20:48:00,5,6,0,0,13.8812
2742,20:52:00,20:52:00,110,7,0,0,15.1008
2742,20:56:00,20:56:00,132,8,0,0,16.8203
2742,20:59:00,20:59:00,111,9,0,0,18.1292
2742,21:02:00,21:02:00,42,10,0,0,19.6248
2742,21:05:00,21:05:00,156,11,0,0,20.7915
2742,21:08:00,21:08:00,62,12,0,0,21.7070
2742,21:11:00,21:11:00,159,13,0,0,23.0051
2742,21:14:00,21:14:00,114,14,0,0,23.8676
2742,21:16:00,21:16:00,90,15,0,0,24.5419
2742,21:19:00,21:19:00,118,16,0,0,25.8176
2742,21:24:00,21:24:00,100,17,0,0,28.1591
2742,21:29:00,21:29:00,142,18,0,0,30.6949
2743,21:42:00,21:42:00,63,1,0,0,0.0000
2743,21:52:00,21:52:00,38174,2,0,0,3.5600
2743,22:02:00,22:02:00,160,3,0,0,9.9299
2743,22:05:00,22:05:00,146,4,0,0,11.6110
2743,22:08:00,22:08:00,43,5,0,0,12.7343
2743,22:11:00,22:11:00,5,6,0,0,13.8812
2743,22:14:00,22:14:00,110,7,0,0,15.1008
2743,22:18:00,22:18:00,132,8,0,0,16.8203
2743,22:22:00,22:22:00,111,9,0,0,18.1292
2743,22:25:00,22:25:00,42,10,0,0,19.6248
2743,22:28:00,22:28:00,156,11,0,0,20.7915
2743,22:31:00,22:31:00,62,12,0,0,21.7070
2743,22:34:00,22:34:00,159,13,0,0,23.0051
2743,22:36:00,22:36:00,114,14,0,0,23.8676
2743,22:39:00,22:39:00,90,15,0,0,24.5419
2743,22:42:00,22:42:00,118,16,0,0,25.8176
2743,22:47:00,22:47:00,100,17,0,0,28.1591
2743,22:52:00,22:52:00,142,18,0,0,30.6949
2744,23:13:00,23:13:00,63,1,0,0,0.0000
2744,23:23:00,23:23:00,38174,2,0,0,3.5600
2744,23:32:00,23:32:00,160,3,0,0,9.9299
2744,23:36:00,23:36:00,146,4,0,0,11.6110
2744,23:39:00,23:39:00,43,5,0,0,12.7343
2744,23:42:00,23:42:00,5,6,0,0,13.8812
2744,23:45:00,23:45:00,110,7,0,0,15.1008
2744,23:49:00,23:49:00,132,8,0,0,16.8203
2744,23:52:00,23:52:00,111,9,0,0,18.1292
2744,23:56:00,23:56:00,42,10,0,0,19.6248
2744,23:59:00,23:59:00,156,11,0,0,20.7915
2744,24:02:00,24:02:00,62,12,0,0,21.7070
2744,24:05:00,24:05:00,159,13,0,0,23.0051
2744,24:07:00,24:07:00,114,14,0,0,23.8676
2744,24:09:00,24:09:00,90,15,0,0,24.5419
2744,24:13:00,24:13:00,118,16,0,0,25.8176
2744,24:17:00,24:17:00,100,17,0,0,28.1591
2744,24:22:00,24:22:00,142,18,0,0,30.6949
2745,09:34:00,09:34:00,63,1,0,0,0.0000
2745,09:44:00,09:44:00,38174,2,0,0,3.5600
2745,09:58:00,09:58:00,5,3,0,0,13.8604
2745,10:01:00,10:01:00,110,4,0,0,15.0799
2746,17:30:00,17:30:00,63,1,0,0,0.0000
2746,17:41:00,17:41:00,38174,2,0,0,3.5600
2746,18:13:00,18:13:00,118,3,0,0,25.7968
2746,18:19:00,18:19:00,100,4,0,0,28.1384
2746,18:24:00,18:24:00,142,5,0,0,30.6742
2747,24:18:00,24:18:00,124,1,0,0,0.0000
2747,24:23:00,24:23:00,125,2,0,0,2.6284
2748,25:02:00,25:02:00,124,1,0,0,0.0000
2748,25:07:00,25:07:00,125,2,0,0,2.6284
2749,25:45:00,25:45:00,124,1,0,0,0.0000
2749,25:50:00,25:50:00,125,2,0,0,2.6284
2750,24:18:00,24:18:00,124,1,0,0,0.0000
2750,24:23:00,24:23:00,125,2,0,0,2.6284
2751,25:02:00,25:02:00,124,1,0,0,0.0000
2751,25:07:00,25:07:00,125,2,0,0,2.6284
2752,09:19:00,09:19:00,124,1,0,0,0.0000
2752,09:24:00,09:24:00,125,2,0,0,2.6284
2753,09:59:00,09:59:00,124,1,0,0,0.0000
2753,10:04:00,10:04:00,125,2,0,0,2.6284
2754,10:19:00,10:19:00,124,1,0,0,0.0000
2754,10:24:00,10:24:00,125,2,0,0,2.6284
2755,10:58:00,10:58:00,124,1,0,0,0.0000
2755,11:03:00,11:03:00,125,2,0,0,2.6284
2756,11:19:00,11:19:00,124,1,0,0,0.0000
2756,11:24:00,11:24:00,125,2,0,0,2.6284
2757,11:59:00,11:59:00,124,1,0,0,0.0000
2757,12:04:00,12:04:00,125,2,0,0,2.6284
2758,12:19:00,12:19:00,124,1,0,0,0.0000
2758,12:24:00,12:24:00,125,2,0,0,2.6284
2759,12:59:00,12:59:00,124,1,0,0,0.0000
2759,13:04:00,13:04:00,125,2,0,0,2.6284
2760,13:19:00,13:19:00,124,1,0,0,0.0000
2760,13:24:00,13:24:00,125,2,0,0,2.6284
2761,14:02:00,14:02:00,124,1,0,0,0.0000
2761,14:07:00,14:07:00,125,2,0,0,2.6284
2762,14:58:00,14:58:00,124,1,0,0,0.0000
2762,15:03:00,15:03:00,125,2,0,0,2.6284
2763,15:23:00,15:23:00,124,1,0,0,0.0000
2763,15:28:00,15:28:00,125,2,0,0,2.6284
2764,16:04:00,16:04:00,124,1,0,0,0.0000
2764,16:09:00,16:09:00,125,2,0,0,2.6284
2765,16:30:00,16:30:00,124,1,0,0,0.0000
2765,16:35:00,16:35:00,125,2,0,0,2.6284
2766,18:01:00,18:01:00,124,1,0,0,0.0000
2766,18:06:00,18:06:00,125,2,0,0,2.6284
2767,18:23:00,18:23:00,124,1,0,0,0.0000
2767,18:28:00,18:28:00,125,2,0,0,2.6284
2768,18:57:00,18:57:00,124,1,0,0,0.0000
2768,19:02:00,19:02:00,125,2,0,0,2.6284
2769,19:19:00,19:19:00,124,1,0,0,0.0000
2769,19:24:00,19:24:00,125,2,0,0,2.6284
2770,19:59:00,19:59:00,124,1,0,0,0.0000
2770,20:04:00,20:04:00,125,2,0,0,2.6284
2771,20:24:00,20:24:00,124,1,0,0,0.0000
2771,20:29:00,20:29:00,125,2,0,0,2.6284
2772,20:59:00,20:59:00,124,1,0,0,0.0000
2772,21:04:00,21:04:00,125,2,0,0,2.6284
2773,21:26:00,21:26:00,124,1,0,0,0.0000
2773,21:31:00,21:31:00,125,2,0,0,2.6284
2774,21:57:00,21:57:00,124,1,0,0,0.0000
2774,22:02:00,22:02:00,125,2,0,0,2.6284
2775,22:19:00,22:19:00,124,1,0,0,0.0000
2775,22:24:00,22:24:00,125,2,0,0,2.6284
2776,22:54:00,22:54:00,124,1,0,0,0.0000
2776,22:59:00,22:59:00,125,2,0,0,2.6284
2777,23:18:00,23:18:00,124,1,0,0,0.0000
2777,23:23:00,23:23:00,125,2,0,0,2.6284
2778,23:54:00,23:54:00,124,1,0,0,0.0000
2778,23:59:00,23:59:00,125,2,0,0,2.6284
2779,04:58:00,04:58:00,124,1,0,0,0.0000
2779,05:03:00,05:03:00,125,2,0,0,2.6284
2780,05:23:00,05:23:00,124,1,0,0,0.0000
2780,05:28:00,05:28:00,125,2,0,0,2.6284
2781,05:54:00,05:54:00,124,1,0,0,0.0000
2781,05:59:00,05:59:00,125,2,0,0,2.6284
2782,06:26:00,06:26:00,124,1,0,0,0.0000
2782,06:31:00,06:31:00,125,2,0,0,2.6284
2783,06:51:00,06:51:00,124,1,0,0,0.0000
2783,06:56:00,06:56:00,125,2,0,0,2.6284
2784,07:16:00,07:16:00,124,1,0,0,0.0000
2784,07:21:00,07:21:00,125,2,0,0,2.6284
2785,07:50:00,07:50:00,124,1,0,0,0.0000
2785,07:55:00,07:55:00,125,2,0,0,2.6284
2786,08:12:00,08:12:00,124,1,0,0,0.0000
2786,08:17:00,08:17:00,125,2,0,0,2.6284
2787,08:59:00,08:59:00,124,1,0,0,0.0000
2787,09:04:00,09:04:00,125,2,0,0,2.6284
2788,09:23:00,09:23:00,124,1,0,0,0.0000
2788,09:28:00,09:28:00,125,2,0,0,2.6284
2789,09:52:00,09:52:00,124,1,0,0,0.0000
2789,09:57:00,09:57:00,125,2,0,0,2.6284
2790,10:15:00,10:15:00,124,1,0,0,0.0000
2790,10:20:00,10:20:00,125,2,0,0,2.6284
2791,11:17:00,11:17:00,124,1,0,0,0.0000
2791,11:22:00,11:22:00,125,2,0,0,2.6284
2792,11:52:00,11:52:00,124,1,0,0,0.0000
2792,11:57:00,11:57:00,125,2,0,0,2.6284
2793,12:18:00,12:18:00,124,1,0,0,0.0000
2793,12:23:00,12:23:00,125,2,0,0,2.6284
2794,12:50:00,12:50:00,124,1,0,0,0.0000
2794,12:55:00,12:55:00,125,2,0,0,2.6284
2795,13:11:00,13:11:00,124,1,0,0,0.0000
2795,13:16:00,13:16:00,125,2,0,0,2.6284
2796,13:46:00,13:46:00,124,1,0,0,0.0000
2796,13:51:00,13:51:00,125,2,0,0,2.6284
2797,14:11:00,14:11:00,124,1,0,0,0.0000
2797,14:16:00,14:16:00,125,2,0,0,2.6284
2798,14:47:00,14:47:00,124,1,0,0,0.0000
2798,14:52:00,14:52:00,125,2,0,0,2.6284
2799,15:15:00,15:15:00,124,1,0,0,0.0000
2799,15:20:00,15:20:00,125,2,0,0,2.6284
2800,15:38:00,15:38:00,124,1,0,0,0.0000
2800,15:43:00,15:43:00,125,2,0,0,2.6284
2801,16:14:00,16:14:00,124,1,0,0,0.0000
2801,16:19:00,16:19:00,125,2,0,0,2.6284
2802,16:38:00,16:38:00,124,1,0,0,0.0000
2802,16:43:00,16:43:00,125,2,0,0,2.6284
2803,17:06:00,17:06:00,124,1,0,0,0.0000
2803,17:11:00,17:11:00,125,2,0,0,2.6284
2804,17:32:00,17:32:00,124,1,0,0,0.0000
2804,17:37:00,17:37:00,125,2,0,0,2.6284
2805,18:15:00,18:15:00,124,1,0,0,0.0000
2805,18:20:00,18:20:00,125,2,0,0,2.6284
2806,18:35:00,18:35:00,124,1,0,0,0.0000
2806,18:40:00,18:40:00,125,2,0,0,2.6284
2807,18:55:00,18:55:00,124,1,0,0,0.0000
2807,19:00:00,19:00:00,125,2,0,0,2.6284
2808,19:15:00,19:15:00,124,1,0,0,0.0000
2808,19:20:00,19:20:00,125,2,0,0,2.6284
2809,19:35:00,19:35:00,124,1,0,0,0.0000
2809,19:40:00,19:40:00,125,2,0,0,2.6284
2810,19:58:00,19:58:00,124,1,0,0,0.0000
2810,20:03:00,20:03:00,125,2,0,0,2.6284
2811,20:38:00,20:38:00,124,1,0,0,0.0000
2811,20:43:00,20:43:00,125,2,0,0,2.6284
2812,21:03:00,21:03:00,124,1,0,0,0.0000
2812,21:08:00,21:08:00,125,2,0,0,2.6284
2813,22:05:00,22:05:00,124,1,0,0,0.0000
2813,22:10:00,22:10:00,125,2,0,0,2.6284
2814,22:40:00,22:40:00,124,1,0,0,0.0000
2814,22:45:00,22:45:00,125,2,0,0,2.6284
2815,23:15:00,23:15:00,124,1,0,0,0.0000
2815,23:20:00,23:20:00,125,2,0,0,2.6284
2816,23:53:00,23:53:00,124,1,0,0,0.0000
2816,23:58:00,23:58:00,125,2,0,0,2.6284
2817,24:07:00,24:07:00,125,1,0,0,0.0000
2817,24:12:00,24:12:00,124,2,0,0,7.8261
2818,24:31:00,24:31:00,125,1,0,0,0.0000
2818,24:36:00,24:36:00,124,2,0,0,7.8261
2819,25:35:00,25:35:00,125,1,0,0,0.0000
2819,25:40:00,25:40:00,124,2,0,0,7.8261
2820,24:07:00,24:07:00,125,1,0,0,0.0000
2820,24:12:00,24:12:00,124,2,0,0,7.8261
2821,24:31:00,24:31:00,125,1,0,0,0.0000
2821,24:36:00,24:36:00,124,2,0,0,7.8261
2822,09:05:00,09:05:00,125,1,0,0,0.0000
2822,09:10:00,09:10:00,124,2,0,0,7.8261
2823,09:31:00,09:31:00,125,1,0,0,0.0000
2823,09:36:00,09:36:00,124,2,0,0,7.8261
2824,10:08:00,10:08:00,125,1,0,0,0.0000
2824,10:13:00,10:13:00,124,2,0,0,7.8261
2825,10:31:00,10:31:00,125,1,0,0,0.0000
2825,10:36:00,10:36:00,124,2,0,0,7.8261
2826,11:09:00,11:09:00,125,1,0,0,0.0000
2826,11:14:00,11:14:00,124,2,0,0,7.8261
2827,11:31:00,11:31:00,125,1,0,0,0.0000
2827,11:36:00,11:36:00,124,2,0,0,7.8261
2828,12:09:00,12:09:00,125,1,0,0,0.0000
2828,12:14:00,12:14:00,124,2,0,0,7.8261
2829,12:31:00,12:31:00,125,1,0,0,0.0000
2829,12:36:00,12:36:00,124,2,0,0,7.8261
2830,13:09:00,13:09:00,125,1,0,0,0.0000
2830,13:14:00,13:14:00,124,2,0,0,7.8261
2831,13:31:00,13:31:00,125,1,0,0,0.0000
2831,13:36:00,13:36:00,124,2,0,0,7.8261
2832,14:31:00,14:31:00,125,1,0,0,0.0000
2832,14:36:00,14:36:00,124,2,0,0,7.8261
2833,15:08:00,15:08:00,125,1,0,0,0.0000
2833,15:13:00,15:13:00,124,2,0,0,7.8261
2834,15:33:00,15:33:00,125,1,0,0,0.0000
2834,15:38:00,15:38:00,124,2,0,0,7.8261
2835,16:20:00,16:20:00,125,1,0,0,0.0000
2835,16:25:00,16:25:00,124,2,0,0,7.8261
2836,17:34:00,17:34:00,125,1,0,0,0.0000
2836,17:39:00,17:39:00,124,2,0,0,7.8261
2837,18:13:00,18:13:00,125,1,0,0,0.0000
2837,18:18:00,18:18:00,124,2,0,0,7.8261
2838,18:33:00,18:33:00,125,1,0,0,0.0000
2838,18:38:00,18:38:00,124,2,0,0,7.8261
2839,19:07:00,19:07:00,125,1,0,0,0.0000
2839,19:12:00,19:12:00,124,2,0,0,7.8261
2840,19:31:00,19:31:00,125,1,0,0,0.0000
2840,19:36:00,19:36:00,124,2,0,0,7.8261
2841,20:14:00,20:14:00,125,1,0,0,0.0000
2841,20:19:00,20:19:00,124,2,0,0,7.8261
2842,20:34:00,20:34:00,125,1,0,0,0.0000
2842,20:39:00,20:39:00,124,2,0,0,7.8261
2843,21:16:00,21:16:00,125,1,0,0,0.0000
2843,21:21:00,21:21:00,124,2,0,0,7.8261
2844,21:36:00,21:36:00,125,1,0,0,0.0000
2844,21:41:00,21:41:00,124,2,0,0,7.8261
2845,22:09:00,22:09:00,125,1,0,0,0.0000
2845,22:14:00,22:14:00,124,2,0,0,7.8261
2846,22:31:00,22:31:00,125,1,0,0,0.0000
2846,22:36:00,22:36:00,124,2,0,0,7.8261
2847,23:06:00,23:06:00,125,1,0,0,0.0000
2847,23:11:00,23:11:00,124,2,0,0,7.8261
2848,23:31:00,23:31:00,125,1,0,0,0.0000
2848,23:36:00,23:36:00,124,2,0,0,7.8261
2849,04:46:00,04:46:00,125,1,0,0,0.0000
2849,04:51:00,04:51:00,124,2,0,0,7.8261
2850,05:11:00,05:11:00,125,1,0,0,0.0000
2850,05:16:00,05:16:00,124,2,0,0,7.8261
2851,05:40:00,05:40:00,125,1,0,0,0.0000
2851,05:45:00,05:45:00,124,2,0,0,7.8261
2852,06:09:00,06:09:00,125,1,0,0,0.0000
2852,06:14:00,06:14:00,124,2,0,0,7.8261
2853,06:38:00,06:38:00,125,1,0,0,0.0000
2853,06:43:00,06:43:00,124,2,0,0,7.8261
2854,07:05:00,07:05:00,125,1,0,0,0.0000
2854,07:10:00,07:10:00,124,2,0,0,7.8261
