966,08:25:00,08:25:00,37378,2,0,0,0.8826
966,08:29:00,08:29:00,37376,3,0,0,1.5225
966,08:31:00,08:31:00,36994,4,0,0,1.7718
966,08:33:00,08:33:00,36995,5,0,0,2.0663
966,08:38:00,08:38:00,36998,6,0,0,3.4328
966,08:43:00,08:43:00,37004,7,0,0,6.7131
966,08:45:00,08:45:00,37005,8,0,0,7.2754
966,08:47:00,08:47:00,38229,9,0,0,8.1356
966,08:50:00,08:50:00,42673,10,0,0,9.0371
967,16:10:00,16:10:00,39348,1,0,0,0.0000
967,16:13:00,16:13:00,37378,2,0,0,0.8826
967,16:17:00,16:17:00,37376,3,0,0,1.5225
967,16:19:00,16:19:00,36994,4,0,0,1.7718
967,16:21:00,16:21:00,36995,5,0,0,2.0663
967,16:26:00,16:26:00,36998,6,0,0,3.4328
967,16:31:00,16:31:00,37004,7,0,0,6.7131
967,16:33:00,16:33:00,37005,8,0,0,7.2754
967,16:35:00,16:35:00,38229,9,0,0,8.1356
967,16:38:00,16:38:00,42673,10,0,0,9.0371
968,16:36:00,16:36:00,39348,1,0,0,0.0000
968,16:39:00,16:39:00,37378,2,0,0,0.8826
968,16:43:00,16:43:00,37376,3,0,0,1.5225
968,16:45:00,16:45:00,36994,4,0,0,1.7718
968,16:47:00,16:47:00,36995,5,0,0,2.0663
968,16:52:00,16:52:00,36998,6,0,0,3.4328
968,16:57:00,16:57:00,37004,7,0,0,6.7131
968,16:59:00,16:59:00,37005,8,0,0,7.2754
968,17:01:00,17:01:00,38229,9,0,0,8.1356
968,17:04:00,17:04:00,42673,10,0,0,9.0371
969,17:06:00,17:06:00,39348,1,0,0,0.0000
969,17:09:00,17:09:00,37378,2,0,0,0.8826
969,17:13:00,17:13:00,37376,3,0,0,1.5225
969,17:15:00,17:15:00,36994,4,0,0,1.7718
969,17:17:00,17:17:00,36995,5,0,0,2.0663
969,17:22:00,17:22:00,36998,6,0,0,3.4328
969,17:27:00,17:27:00,37004,7,0,0,6.7131
969,17:29:00,17:29:00,37005,8,0,0,7.2754
969,17:31:00,17:31:00,38229,9,0,0,8.1356
969,17:34:00,17:34:00,42673,10,0,0,9.0371
970,17:24:00,17:24:00,39348,1,0,0,0.0000
970,17:27:00,17:27:00,37378,2,0,0,0.8826
970,17:31:00,17:31:00,37376,3,0,0,1.5225
970,17:33:00,17:33:00,36994,4,0,0,1.7718
970,17:35:00,17:35:00,36995,5,0,0,2.0663
970,17:40:00,17:40:00,36998,6,0,0,3.4328
970,17:45:00,17:45:00,37004,7,0,0,6.7131
970,17:47:00,17:47:00,37005,8,0,0,7.2754
970,17:49:00,17:49:00,38229,9,0,0,8.1356
970,17:52:00,17:52:00,42673,10,0,0,9.0371
971,17:46:00,17:46:00,39348,1,0,0,0.0000
971,17:49:00,17:49:00,37378,2,0,0,0.8826
971,17:53:00,17:53:00,37376,3,0,0,1.5225
971,17:55:00,17:55:00,36994,4,0,0,1.7718
971,17:57:00,17:57:00,36995,5,0,0,2.0663
971,18:02:00,18:02:00,36998,6,0,0,3.4328
971,18:07:00,18:07:00,37004,7,0,0,6.7131
971,18:09:00,18:09:00,37005,8,0,0,7.2754
971,18:11:00,18:11:00,38229,9,0,0,8.1356
971,18:14:00,18:14:00,42673,10,0,0,9.0371
972,18:12:00,18:12:00,39348,1,0,0,0.0000
972,18:15:00,18:15:00,37378,2,0,0,0.8826
972,18:19:00,18:19:00,37376,3,0,0,1.5225
972,18:21:00,18:21:00,36994,4,0,0,1.7718
972,18:23:00,18:23:00,36995,5,0,0,2.0663
972,18:28:00,18:28:00,36998,6,0,0,3.4328
972,18:33:00,18:33:00,37004,7,0,0,6.7131
972,18:35:00,18:35:00,37005,8,0,0,7.2754
972,18:37:00,18:37:00,38229,9,0,0,8.1356
972,18:40:00,18:40:00,42673,10,0,0,9.0371
973,18:30:00,18:30:00,39348,1,0,0,0.0000
973,18:33:00,18:33:00,37378,2,0,0,0.8826
973,18:37:00,18:37:00,37376,3,0,0,1.5225
973,18:39:00,18:39:00,36994,4,0,0,1.7718
973,18:41:00,18:41:00,36995,5,0,0,2.0663
973,18:46:00,18:46:00,36998,6,0,0,3.4328
973,18:51:00,18:51:00,37004,7,0,0,6.7131
973,18:53:00,18:53:00,37005,8,0,0,7.2754
973,18:55:00,18:55:00,38229,9,0,0,8.1356
973,18:58:00,18:58:00,42673,10,0,0,9.0371
974,19:07:00,19:07:00,39348,1,0,0,0.0000
974,19:10:00,19:10:00,37378,2,0,0,0.8826
974,19:14:00,19:14:00,37376,3,0,0,1.5225
974,19:16:00,19:16:00,36994,4,0,0,1.7718
974,19:18:00,19:18:00,36995,5,0,0,2.0663
974,19:23:00,19:23:00,36998,6,0,0,3.4328
974,19:28:00,19:28:00,37004,7,0,0,6.7131
974,19:30:00,19:30:00,37005,8,0,0,7.2754
974,19:32:00,19:32:00,38229,9,0,0,8.1356
974,19:35:00,19:35:00,42673,10,0,0,9.0371
975,04:44:00,04:44:00,38579,1,0,0,0.0000
975,04:46:00,04:46:00,38578,2,0,0,0.6375
975,04:48:00,04:48:00,9878,3,0,0,1.2936
975,04:51:00,04:51:00,17699,4,0,0,2.4536
975,04:54:00,04:54:00,38442,5,0,0,3.7356
975,04:55:00,04:55:00,38441,6,0,0,4.2864
975,05:00:00,05:00:00,39348,7,0,0,5.6225
976,04:59:00,04:59:00,38579,1,0,0,0.0000
976,05:01:00,05:01:00,38578,2,0,0,0.6375
976,05:03:00,05:03:00,9878,3,0,0,1.2936
976,05:06:00,05:06:00,17699,4,0,0,2.4536
976,05:09:00,05:09:00,38442,5,0,0,3.7356
976,05:10:00,05:10:00,38441,6,0,0,4.2864
976,05:15:00,05:15:00,39348,7,0,0,5.6225
977,05:14:00,05:14:00,38579,1,0,0,0.0000
977,05:16:00,05:16:00,38578,2,0,0,0.6375
977,05:18:00,05:18:00,9878,3,0,0,1.2936
977,05:21:00,05:21:00,17699,4,0,0,2.4536
977,05:24:00,05:24:00,38442,5,0,0,3.7356
977,05:25:00,05:25:00,38441,6,0,0,4.2864
977,05:30:00,05:30:00,39348,7,0,0,5.6225
978,05:29:00,05:29:00,38579,1,0,0,0.0000
978,05:31:00,05:31:00,38578,2,0,0,0.6375
978,05:33:00,05:33:00,9878,3,0,0,1.2936
978,05:36:00,05:36:00,17699,4,0,0,2.4536
978,05:39:00,05:39:00,38442,5,0,0,3.7356
978,05:40:00,05:40:00,38441,6,0,0,4.2864
978,05:45:00,05:45:00,39348,7,0,0,5.6225
979,05:43:00,05:43:00,38579,1,0,0,0.0000
979,05:45:00,05:45:00,38578,2,0,0,0.6375
979,05:47:00,05:47:00,9878,3,0,0,1.2936
979,05:50:00,05:50:00,17699,4,0,0,2.4536
979,05:53:00,05:53:00,38442,5,0,0,3.7356
979,05:54:00,05:54:00,38441,6,0,0,4.2864
979,05:59:00,05:59:00,39348,7,0,0,5.6225
980,05:57:00,05:57:00,38579,1,0,0,0.0000
980,05:59:00,05:59:00,38578,2,0,0,0.6375
980,06:01:00,06:01:00,9878,3,0,0,1.2936
980,06:04:00,06:04:00,17699,4,0,0,2.4536
980,06:07:00,06:07:00,38442,5,0,0,3.7356
980,06:08:00,06:08:00,38441,6,0,0,4.2864
980,06:13:00,06:13:00,39348,7,0,0,5.6225
981,06:11:00,06:11:00,38579,1,0,0,0.0000
981,06:13:00,06:13:00,38578,2,0,0,0.6375
981,06:15:00,06:15:00,9878,3,0,0,1.2936
981,06:18:00,06:18:00,17699,4,0,0,2.4536
981,06:21:00,06:21:00,38442,5,0,0,3.7356
981,06:22:00,06:22:00,38441,6,0,0,4.2864
981,06:27:00,06:27:00,39348,7,0,0,5.6225
982,06:23:00,06:23:00,38579,1,0,0,0.0000
982,06:25:00,06:25:00,38578,2,0,0,0.6375
982,06:27:00,06:27:00,9878,3,0,0,1.2936
982,06:30:00,06:30:00,17699,4,0,0,2.4536
982,06:33:00,06:33:00,38442,5,0,0,3.7356
982,06:34:00,06:34:00,38441,6,0,0,4.2864
982,06:39:00,06:39:00,39348,7,0,0,5.6225
983,06:38:00,06:38:00,38579,1,0,0,0.0000
983,06:40:00,06:40:00,38578,2,0,0,0.6375
983,06:42:00,06:42:00,9878,3,0,0,1.2936
983,06:45:00,06:45:00,17699,4,0,0,2.4536
983,06:48:00,06:48:00,38442,5,0,0,3.7356
983,06:49:00,06:49:00,38441,6,0,0,4.2864
983,06:54:00,06:54:00,39348,7,0,0,5.6225
984,06:53:00,06:53:00,38579,1,0,0,0.0000
984,06:55:00,06:55:00,38578,2,0,0,0.6375
984,06:57:00,06:57:00,9878,3,0,0,1.2936
984,07:00:00,07:00:00,17699,4,0,0,2.4536
984,07:03:00,07:03:00,38442,5,0,0,3.7356
984,07:04:00,07:04:00,38441,6,0,0,4.2864
984,07:09:00,07:09:00,39348,7,0,0,5.6225
985,07:04:00,07:04:00,38579,1,0,0,0.0000
985,07:06:00,07:06:00,38578,2,0,0,0.6375
985,07:08:00,07:08:00,9878,3,0,0,1.2936
985,07:11:00,07:11:00,17699,4,0,0,2.4536
985,07:14:00,07:14:00,38442,5,0,0,3.7356
985,07:15:00,07:15:00,38441,6,0,0,4.2864
985,07:20:00,07:20:00,39348,7,0,0,5.6225
986,07:21:00,07:21:00,38579,1,0,0,0.0000
986,07:23:00,07:23:00,38578,2,0,0,0.6375
986,07:25:00,07:25:00,9878,3,0,0,1.2936
986,07:28:00,07:28:00,17699,4,0,0,2.4536
986,07:31:00,07:31:00,38442,5,0,0,3.7356
986,07:32:00,07:32:00,38441,6,0,0,4.2864
986,07:37:00,07:37:00,39348,7,0,0,5.6225
987,07:34:00,07:34:00,38579,1,0,0,0.0000
987,07:36:00,07:36:00,38578,2,0,0,0.6375
987,07:38:00,07:38:00,9878,3,0,0,1.2936
987,07:41:00,07:41:00,17699,4,0,0,2.4536
987,07:44:00,07:44:00,38442,5,0,0,3.7356
987,07:45:00,07:45:00,38441,6,0,0,4.2864
987,07:50:00,07:50:00,39348,7,0,0,5.6225
988,07:52:00,07:52:00,38579,1,0,0,0.0000
988,07:54:00,07:54:00,38578,2,0,0,0.6375
988,07:56:00,07:56:00,9878,3,0,0,1.2936
988,07:59:00,07:59:00,17699,4,0,0,2.4536
988,08:02:00,08:02:00,38442,5,0,0,3.7356
988,08:03:00,08:03:00,38441,6,0,0,4.2864
988,08:08:00,08:08:00,39348,7,0,0,5.6225
989,08:04:00,08:04:00,38579,1,0,0,0.0000
989,08:06:00,08:06:00,38578,2,0,0,0.6375
989,08:08:00,08:08:00,9878,3,0,0,1.2936
989,08:11:00,08:11:00,17699,4,0,0,2.4536
989,08:14:00,08:14:00,38442,5,0,0,3.7356
989,08:15:00,08:15:00,38441,6,0,0,4.2864
989,08:20:00,08:20:00,39348,7,0,0,5.6225
990,08:20:00,08:20:00,38579,1,0,0,0.0000
990,08:22:00,08:22:00,38578,2,0,0,0.6375
990,08:24:00,08:24:00,9878,3,0,0,1.2936
990,08:27:00,08:27:00,17699,4,0,0,2.4536
990,08:30:00,08:30:00,38442,5,0,0,3.7356
990,08:31:00,08:31:00,38441,6,0,0,4.2864
990,08:36:00,08:36:00,39348,7,0,0,5.6225
991,08:33:00,08:33:00,38579,1,0,0,0.0000
991,08:35:00,08:35:00,38578,2,0,0,0.6375
991,08:37:00,08:37:00,9878,3,0,0,1.2936
991,08:40:00,08:40:00,17699,4,0,0,2.4536
991,08:43:00,08:43:00,38442,5,0,0,3.7356
991,08:44:00,08:44:00,38441,6,0,0,4.2864
991,08:49:00,08:49:00,39348,7,0,0,5.6225
992,08:47:00,08:47:00,38579,1,0,0,0.0000
992,08:49:00,08:49:00,38578,2,0,0,0.6375
992,08:51:00,08:51:00,9878,3,0,0,1.2936
992,08:54:00,08:54:00,17699,4,0,0,2.4536
992,08:57:00,08:57:00,38442,5,0,0,3.7356
992,08:58:00,08:58:00,38441,6,0,0,4.2864
992,09:03:00,09:03:00,39348,7,0,0,5.6225
993,09:03:00,09:03:00,38579,1,0,0,0.0000
993,09:05:00,09:05:00,38578,2,0,0,0.6375
993,09:07:00,09:07:00,9878,3,0,0,1.2936
993,09:10:00,09:10:00,17699,4,0,0,2.4536
993,09:13:00,09:13:00,38442,5,0,0,3.7356
993,09:14:00,09:14:00,38441,6,0,0,4.2864
993,09:19:00,09:19:00,39348,7,0,0,5.6225
994,09:19:00,09:19:00,38579,1,0,0,0.0000
994,09:21:00,09:21:00,38578,2,0,0,0.6375
994,09:23:00,09:23:00,9878,3,0,0,1.2936
994,09:26:00,09:26:00,17699,4,0,0,2.4536
994,09:29:00,09:29:00,38442,5,0,0,3.7356
994,09:30:00,09:30:00,38441,6,0,0,4.2864
994,09:35:00,09:35:00,39348,7,0,0,5.6225
995,09:32:00,09:32:00,38579,1,0,0,0.0000
995,09:34:00,09:34:00,38578,2,0,0,0.6375
995,09:36:00,09:36:00,9878,3,0,0,1.2936
995,09:39:00,09:39:00,17699,4,0,0,2.4536
995,09:42:00,09:42:00,38442,5,0,0,3.7356
995,09:43:00,09:43:00,38441,6,0,0,4.2864
995,09:48:00,09:48:00,39348,7,0,0,5.6225
996,09:43:00,09:43:00,38579,1,0,0,0.0000
996,09:45:00,09:45:00,38578,2,0,0,0.6375
996,09:47:00,09:47:00,9878,3,0,0,1.2936
996,09:50:00,09:50:00,17699,4,0,0,2.4536
996,09:53:00,09:53:00,38442,5,0,0,3.7356
996,09:54:00,09:54:00,38441,6,0,0,4.2864
996,09:59:00,09:59:00,39348,7,0,0,5.6225
997,10:02:00,10:02:00,38579,1,0,0,0.0000
997,10:04:00,10:04:00,38578,2,0,0,0.6375
997,10:06:00,10:06:00,9878,3,0,0,1.2936
997,10:09:00,10:09:00,17699,4,0,0,2.4536
997,10:12:00,10:12:00,38442,5,0,0,3.7356
997,10:13:00,10:13:00,38441,6,0,0,4.2864
997,10:18:00,10:18:00,39348,7,0,0,5.6225
998,10:24:00,10:24:00,38579,1,0,0,0.0000
998,10:26:00,10:26:00,38578,2,0,0,0.6375
998,10:28:00,10:28:00,9878,3,0,0,1.2936
998,10:31:00,10:31:00,17699,4,0,0,2.4536
998,10:34:00,10:34:00,38442,5,0,0,3.7356
998,10:35:00,10:35:00,38441,6,0,0,4.2864
998,10:40:00,10:40:00,39348,7,0,0,5.6225
999,10:44:00,10:44:00,38579,1,0,0,0.0000
999,10:46:00,10:46:00,38578,2,0,0,0.6375
999,10:48:00,10:48:00,9878,3,0,0,1.2936
999,10:51:00,10:51:00,17699,4,0,0,2.4536
999,10:54:00,10:54:00,38442,5,0,0,3.7356
999,10:55:00,10:55:00,38441,6,0,0,4.2864
999,11:00:00,11:00:00,39348,7,0,0,5.6225
1000,11:04:00,11:04:00,38579,1,0,0,0.0000
1000,11:06:00,11:06:00,38578,2,0,0,0.6375
1000,11:08:00,11:08:00,9878,3,0,0,1.2936
1000,11:11:00,11:11:00,17699,4,0,0,2.4536
1000,11:14:00,11:14:00,38442,5,0,0,3.7356
1000,11:15:00,11:15:00,38441,6,0,0,4.2864
1000,11:20:00,11:20:00,39348,7,0,0,5.6225
1001,11:24:00,11:24:00,38579,1,0,0,0.0000
1001,11:26:00,11:26:00,38578,2,0,0,0.6375
1001,11:28:00,11:28:00,9878,3,0,0,1.2936
1001,11:31:00,11:31:00,17699,4,0,0,2.4536
1001,11:34:00,11:34:00,38442,5,0,0,3.7356
1001,11:35:00,11:35:00,38441,6,0,0,4.2864
1001,11:40:00,11:40:00,39348,7,0,0,5.6225
1002,11:44:00,11:44:00,38579,1,0,0,0.0000
1002,11:46:00,11:46:00,38578,2,0,0,0.6375
1002,11:48:00,11:48:00,9878,3,0,0,1.2936
1002,11:51:00,11:51:00,17699,4,0,0,2.4536
1002,11:54:00,11:54:00,38442,5,0,0,3.7356
1002,11:55:00,11:55:00,38441,6,0,0,4.2864
1002,12:00:00,12:00:00,39348,7,0,0,5.6225
1003,12:04:00,12:04:00,38579,1,0,0,0.0000
1003,12:06:00,12:06:00,38578,2,0,0,0.6375
1003,12:08:00,12:08:00,9878,3,0,0,1.2936
1003,12:11:00,12:11:00,17699,4,0,0,2.4536
1003,12:14:00,12:14:00,38442,5,0,0,3.7356
1003,12:15:00,12:15:00,38441,6,0,0,4.2864
1003,12:20:00,12:20:00,39348,7,0,0,5.6225
1004,12:24:00,12:24:00,38579,1,0,0,0.0000
1004,12:26:00,12:26:00,38578,2,0,0,0.6375
1004,12:28:00,12:28:00,9878,3,0,0,1.2936
1004,12:31:00,12:31:00,17699,4,0,0,2.4536
1004,12:34:00,12:34:00,38442,5,0,0,3.7356
1004,12:35:00,12:35:00,38441,6,0,0,4.2864
1004,12:40:00,12:40:00,39348,7,0,0,5.6225
1005,12:44:00,12:44:00,38579,1,0,0,0.0000
1005,12:46:00,12:46:00,38578,2,0,0,0.6375
1005,12:48:00,12:48:00,9878,3,0,0,1.2936
1005,12:51:00,12:51:00,17699,4,0,0,2.4536
1005,12:54:00,12:54:00,38442,5,0,0,3.7356
1005,12:55:00,12:55:00,38441,6,0,0,4.2864
1005,13:00:00,13:00:00,39348,7,0,0,5.6225
1006,13:04:00,13:04:00,38579,1,0,0,0.0000
1006,13:06:00,13:06:00,38578,2,0,0,0.6375
1006,13:08:00,13:08:00,9878,3,0,0,1.2936
1006,13:11:00,13:11:00,17699,4,0,0,2.4536
1006,13:14:00,13:14:00,38442,5,0,0,3.7356
1006,13:15:00,13:15:00,38441,6,0,0,4.2864
1006,13:20:00,13:20:00,39348,7,0,0,5.6225
1007,13:24:00,13:24:00,38579,1,0,0,0.0000
1007,13:26:00,13:26:00,38578,2,0,0,0.6375
1007,13:28:00,13:28:00,9878,3,0,0,1.2936
1007,13:31:00,13:31:00,17699,4,0,0,2.4536
1007,13:34:00,13:34:00,38442,5,0,0,3.7356
1007,13:35:00,13:35:00,38441,6,0,0,4.2864
1007,13:40:00,13:40:00,39348,7,0,0,5.6225
1008,13:44:00,13:44:00,38579,1,0,0,0.0000
1008,13:46:00,13:46:00,38578,2,0,0,0.6375
1008,13:48:00,13:48:00,9878,3,0,0,1.2936
1008,13:51:00,13:51:00,17699,4,0,0,2.4536
1008,13:54:00,13:54:00,38442,5,0,0,3.7356
1008,13:55:00,13:55:00,38441,6,0,0,4.2864
1008,14:00:00,14:00:00,39348,7,0,0,5.6225
1009,14:04:00,14:04:00,38579,1,0,0,0.0000
1009,14:06:00,14:06:00,38578,2,0,0,0.6375
1009,14:08:00,14:08:00,9878,3,0,0,1.2936
1009,14:11:00,14:11:00,17699,4,0,0,2.4536
1009,14:14:00,14:14:00,38442,5,0,0,3.7356
1009,14:15:00,14:15:00,38441,6,0,0,4.2864
1009,14:20:00,14:20:00,39348,7,0,0,5.6225
1010,14:24:00,14:24:00,38579,1,0,0,0.0000
1010,14:26:00,14:26:00,38578,2,0,0,0.6375
1010,14:28:00,14:28:00,9878,3,0,0,1.2936
1010,14:31:00,14:31:00,17699,4,0,0,2.4536
1010,14:34:00,14:34:00,38442,5,0,0,3.7356
1010,14:35:00,14:35:00,38441,6,0,0,4.2864
1010,14:40:00,14:40:00,39348,7,0,0,5.6225
1011,14:44:00,14:44:00,38579,1,0,0,0.0000
1011,14:46:00,14:46:00,38578,2,0,0,0.6375
1011,14:48:00,14:48:00,9878,3,0,0,1.2936
1011,14:51:00,14:51:00,17699,4,0,0,2.4536
1011,14:54:00,14:54:00,38442,5,0,0,3.7356
1011,14:55:00,14:55:00,38441,6,0,0,4.2864
1011,15:00:00,15:00:00,39348,7,0,0,5.6225
1012,14:58:00,14:58:00,38579,1,0,0,0.0000
1012,15:00:00,15:00:00,38578,2,0,0,0.6375
1012,15:02:00,15:02:00,9878,3,0,0,1.2936
1012,15:05:00,15:05:00,17699,4,0,0,2.4536
1012,15:08:00,15:08:00,38442,5,0,0,3.7356
1012,15:09:00,15:09:00,38441,6,0,0,4.2864
1012,15:14:00,15:14:00,39348,7,0,0,5.6225
1013,15:12:00,15:12:00,38579,1,0,0,0.0000
1013,15:14:00,15:14:00,38578,2,0,0,0.6375
1013,15:16:00,15:16:00,9878,3,0,0,1.2936
1013,15:19:00,15:19:00,17699,4,0,0,2.4536
1013,15:22:00,15:22:00,38442,5,0,0,3.7356
1013,15:23:00,15:23:00,38441,6,0,0,4.2864
1013,15:28:00,15:28:00,39348,7,0,0,5.6225
1014,15:26:00,15:26:00,38579,1,0,0,0.0000
1014,15:28:00,15:28:00,38578,2,0,0,0.6375
1014,15:30:00,15:30:00,9878,3,0,0,1.2936
1014,15:33:00,15:33:00,17699,4,0,0,2.4536
1014,15:36:00,15:36:00,38442,5,0,0,3.7356
1014,15:37:00,15:37:00,38441,6,0,0,4.2864
1014,15:42:00,15:42:00,39348,7,0,0,5.6225
1015,15:41:00,15:41:00,38579,1,0,0,0.0000
1015,15:43:00,15:43:00,38578,2,0,0,0.6375
1015,15:45:00,15:45:00,9878,3,0,0,1.2936
1015,15:48:00,15:48:00,17699,4,0,0,2.4536
1015,15:51:00,15:51:00,38442,5,0,0,3.7356
1015,15:52:00,15:52:00,38441,6,0,0,4.2864
1015,15:57:00,15:57:00,39348,7,0,0,5.6225
1016,15:52:00,15:52:00,38579,1,0,0,0.0000
1016,15:54:00,15:54:00,38578,2,0,0,0.6375
1016,15:56:00,15:56:00,9878,3,0,0,1.2936
1016,15:59:00,15:59:00,17699,4,0,0,2.4536
1016,16:02:00,16:02:00,38442,5,0,0,3.7356
1016,16:03:00,16:03:00,38441,6,0,0,4.2864
1016,16:08:00,16:08:00,39348,7,0,0,5.6225
1017,16:07:00,16:07:00,38579,1,0,0,0.0000
1017,16:09:00,16:09:00,38578,2,0,0,0.6375
1017,16:11:00,16:11:00,9878,3,0,0,1.2936
1017,16:14:00,16:14:00,17699,4,0,0,2.4536
1017,16:17:00,16:17:00,38442,5,0,0,3.7356
1017,16:18:00,16:18:00,38441,6,0,0,4.2864
1017,16:23:00,16:23:00,39348,7,0,0,5.6225
1018,16:25:00,16:25:00,38579,1,0,0,0.0000
1018,16:27:00,16:27:00,38578,2,0,0,0.6375
1018,16:29:00,16:29:00,9878,3,0,0,1.2936
1018,16:32:00,16:32:00,17699,4,0,0,2.4536
1018,16:35:00,16:35:00,38442,5,0,0,3.7356
1018,16:36:00,16:36:00,38441,6,0,0,4.2864
1018,16:41:00,16:41:00,39348,7,0,0,5.6225
1019,16:36:00,16:36:00,38579,1,0,0,0.0000
1019,16:38:00,16:38:00,38578,2,0,0,0.6375
1019,16:40:00,16:40:00,9878,3,0,0,1.2936
1019,16:43:00,16:43:00,17699,4,0,0,2.4536
1019,16:46:00,16:46:00,38442,5,0,0,3.7356
1019,16:47:00,16:47:00,38441,6,0,0,4.2864
1019,16:52:00,16:52:00,39348,7,0,0,5.6225
1020,16:49:00,16:49:00,38579,1,0,0,0.0000
1020,16:51:00,16:51:00,38578,2,0,0,0.6375
1020,16:53:00,16:53:00,9878,3,0,0,1.2936
1020,16:56:00,16:56:00,17699,4,0,0,2.4536
1020,16:59:00,16:59:00,38442,5,0,0,3.7356
1020,17:00:00,17:00:00,38441,6,0,0,4.2864
1020,17:05:00,17:05:00,39348,7,0,0,5.6225
1021,17:07:00,17:07:00,38579,1,0,0,0.0000
1021,17:09:00,17:09:00,38578,2,0,0,0.6375
1021,17:11:00,17:11:00,9878,3,0,0,1.2936
1021,17:14:00,17:14:00,17699,4,0,0,2.4536
1021,17:17:00,17:17:00,38442,5,0,0,3.7356
1021,17:18:00,17:18:00,38441,6,0,0,4.2864
1021,17:23:00,17:23:00,39348,7,0,0,5.6225
1022,17:21:00,17:21:00,38579,1,0,0,0.0000
1022,17:23:00,17:23:00,38578,2,0,0,0.6375
1022,17:25:00,17:25:00,9878,3,0,0,1.2936
1022,17:28:00,17:28:00,17699,4,0,0,2.4536
1022,17:31:00,17:31:00,38442,5,0,0,3.7356
1022,17:32:00,17:32:00,38441,6,0,0,4.2864
1022,17:37:00,17:37:00,39348,7,0,0,5.6225
1023,17:39:00,17:39:00,38579,1,0,0,0.0000
1023,17:41:00,17:41:00,38578,2,0,0,0.6375
1023,17:43:00,17:43:00,9878,3,0,0,1.2936
1023,17:46:00,17:46:00,17699,4,0,0,2.4536
1023,17:49:00,17:49:00,38442,5,0,0,3.7356
1023,17:50:00,17:50:00,38441,6,0,0,4.2864
1023,17:55:00,17:55:00,39348,7,0,0,5.6225
1024,17:52:00,17:52:00,38579,1,0,0,0.0000
1024,17:54:00,17:54:00,38578,2,0,0,0.6375
1024,17:56:00,17:56:00,9878,3,0,0,1.2936
1024,17:59:00,17:59:00,17699,4,0,0,2.4536
1024,18:02:00,18:02:00,38442,5,0,0,3.7356
1024,18:03:00,18:03:00,38441,6,0,0,4.2864
1024,18:08:00,18:08:00,39348,7,0,0,5.6225
1025,18:08:00,18:08:00,38579,1,0,0,0.0000
1025,18:10:00,18:10:00,38578,2,0,0,0.6375
1025,18:12:00,18:12:00,9878,3,0,0,1.2936
1025,18:15:00,18:15:00,17699,4,0,0,2.4536
1025,18:18:00,18:18:00,38442,5,0,0,3.7356
1025,18:19:00,18:19:00,38441,6,0,0,4.2864
1025,18:24:00,18:24:00,39348,7,0,0,5.6225
1026,18:25:00,18:25:00,38579,1,0,0,0.0000
1026,18:27:00,18:27:00,38578,2,0,0,0.6375
1026,18:29:00,18:29:00,9878,3,0,0,1.2936
1026,18:32:00,18:32:00,17699,4,0,0,2.4536
1026,18:35:00,18:35:00,38442,5,0,0,3.7356
1026,18:36:00,18:36:00,38441,6,0,0,4.2864
1026,18:41:00,18:41:00,39348,7,0,0,5.6225
1027,18:36:00,18:36:00,38579,1,0,0,0.0000
1027,18:38:00,18:38:00,38578,2,0,0,0.6375
1027,18:40:00,18:40:00,9878,3,0,0,1.2936
1027,18:43:00,18:43:00,17699,4,0,0,2.4536
1027,18:46:00,18:46:00,38442,5,0,0,3.7356
1027,18:47:00,18:47:00,38441,6,0,0,4.2864
1027,18:52:00,18:52:00,39348,7,0,0,5.6225
1028,18:52:00,18:52:00,38579,1,0,0,0.0000
1028,18:54:00,18:54:00,38578,2,0,0,0.6375
1028,18:56:00,18:56:00,9878,3,0,0,1.2936
1028,18:59:00,18:59:00,17699,4,0,0,2.4536
1028,19:02:00,19:02:00,38442,5,0,0,3.7356
1028,19:03:00,19:03:00,38441,6,0,0,4.2864
1028,19:08:00,19:08:00,39348,7,0,0,5.6225
1029,19:08:00,19:08:00,38579,1,0,0,0.0000
1029,19:10:00,19:10:00,38578,2,0,0,0.6375
1029,19:12:00,19:12:00,9878,3,0,0,1.2936
1029,19:15:00,19:15:00,17699,4,0,0,2.4536
1029,19:18:00,19:18:00,38442,5,0,0,3.7356
1029,19:19:00,19:19:00,38441,6,0,0,4.2864
1029,19:24:00,19:24:00,39348,7,0,0,5.6225
1030,19:34:00,19:34:00,38579,1,0,0,0.0000
1030,19:36:00,19:36:00,38578,2,0,0,0.6375
1030,19:38:00,19:38:00,9878,3,0,0,1.2936
1030,19:41:00,19:41:00,17699,4,0,0,2.4536
1030,19:44:00,19:44:00,38442,5,0,0,3.7356
1030,19:45:00,19:45:00,38441,6,0,0,4.2864
1030,19:50:00,19:50:00,39348,7,0,0,5.6225
1031,19:58:00,19:58:00,38579,1,0,0,0.0000
1031,20:00:00,20:00:00,38578,2,0,0,0.6375
1031,20:02:00,20:02:00,9878,3,0,0,1.2936
1031,20:05:00,20:05:00,17699,4,0,0,2.4536
1031,20:08:00,20:08:00,38442,5,0,0,3.7356
1031,20:09:00,20:09:00,38441,6,0,0,4.2864
1031,20:14:00,20:14:00,39348,7,0,0,5.6225
1032,20:28:00,20:28:00,38579,1,0,0,0.0000
1032,20:30:00,20:30:00,38578,2,0,0,0.6375
1032,20:32:00,20:32:00,9878,3,0,0,1.2936
1032,20:35:00,20:35:00,17699,4,0,0,2.4536
1032,20:38:00,20:38:00,38442,5,0,0,3.7356
1032,20:39:00,20:39:00,38441,6,0,0,4.2864
1032,20:44:00,20:44:00,39348,7,0,0,5.6225
1033,20:58:00,20:58:00,38579,1,0,0,0.0000
1033,21:00:00,21:00:00,38578,2,0,0,0.6375
1033,21:02:00,21:02:00,9878,3,0,0,1.2936
1033,21:05:00,21:05:00,17699,4,0,0,2.4536
1033,21:08:00,21:08:00,38442,5,0,0,3.7356
1033,21:09:00,21:09:00,38441,6,0,0,4.2864
1033,21:14:00,21:14:00,39348,7,0,0,5.6225
1034,21:28:00,21:28:00,38579,1,0,0,0.0000
1034,21:30:00,21:30:00,38578,2,0,0,0.6375
1034,21:32:00,21:32:00,9878,3,0,0,1.2936
1034,21:35:00,21:35:00,17699,4,0,0,2.4536
1034,21:38:00,21:38:00,38442,5,0,0,3.7356
1034,21:39:00,21:39:00,38441,6,0,0,4.2864
1034,21:44:00,21:44:00,39348,7,0,0,5.6225
1035,21:58:00,21:58:00,38579,1,0,0,0.0000
1035,22:00:00,22:00:00,38578,2,0,0,0.6375
1035,22:02:00,22:02:00,9878,3,0,0,1.2936
1035,22:05:00,22:05:00,17699,4,0,0,2.4536
1035,22:08:00,22:08:00,38442,5,0,0,3.7356
1035,22:09:00,22:09:00,38441,6,0,0,4.2864
1035,22:14:00,22:14:00,39348,7,0,0,5.6225
1036,22:28:00,22:28:00,38579,1,0,0,0.0000
1036,22:30:00,22:30:00,38578,2,0,0,0.6375
1036,22:32:00,22:32:00,9878,3,0,0,1.2936
1036,22:35:00,22:35:00,17699,4,0,0,2.4536
1036,22:38:00,22:38:00,38442,5,0,0,3.7356
1036,22:39:00,22:39:00,38441,6,0,0,4.2864
1036,22:44:00,22:44:00,39348,7,0,0,5.6225
1037,22:58:00,22:58:00,38579,1,0,0,0.0000
1037,23:00:00,23:00:00,38578,2,0,0,0.6375
1037,23:02:00,23:02:00,9878,3,0,0,1.2936
1037,23:05:00,23:05:00,17699,4,0,0,2.4536
1037,23:08:00,23:08:00,38442,5,0,0,3.7356
1037,23:09:00,23:09:00,38441,6,0,0,4.2864
1037,23:14:00,23:14:00,39348,7,0,0,5.6225
1038,23:28:00,23:28:00,38579,1,0,0,0.0000
1038,23:30:00,23:30:00,38578,2,0,0,0.6375
1038,23:32:00,23:32:00,9878,3,0,0,1.2936
1038,23:35:00,23:35:00,17699,4,0,0,2.4536
1038,23:38:00,23:38:00,38442,5,0,0,3.7356
1038,23:39:00,23:39:00,38441,6,0,0,4.2864
1038,23:44:00,23:44:00,39348,7,0,0,5.6225
1039,23:59:00,23:59:00,38579,1,0,0,0.0000
1039,24:01:00,24:01:00,38578,2,0,0,0.6375
1039,24:03:00,24:03:00,9878,3,0,0,1.2936
1039,24:06:00,24:06:00,17699,4,0,0,2.4536
1039,24:09:00,24:09:00,38442,5,0,0,3.7356
1039,24:10:00,24:10:00,38441,6,0,0,4.2864
1039,24:15:00,24:15:00,39348,7,0,0,5.6225
1040,24:28:00,24:28:00,38579,1,0,0,0.0000
1040,24:30:00,24:30:00,38578,2,0,0,0.6375
1040,24:32:00,24:32:00,9878,3,0,0,1.2936
1040,24:35:00,24:35:00,17699,4,0,0,2.4536
1040,24:38:00,24:38:00,38442,5,0,0,3.7356
1040,24:39:00,24:39:00,38441,6,0,0,4.2864
1040,24:44:00,24:44:00,39348,7,0,0,5.6225
1041,24:58:00,24:58:00,38579,1,0,0,0.0000
1041,25:00:00,25:00:00,38578,2,0,0,0.6375
1041,25:02:00,25:02:00,9878,3,0,0,1.2936
1041,25:05:00,25:05:00,17699,4,0,0,2.4536
1041,25:08:00,25:08:00,38442,5,0,0,3.7356
1041,25:09:00,25:09:00,38441,6,0,0,4.2864
1041,25:14:00,25:14:00,39348,7,0,0,5.6225
1042,05:11:00,05:11:00,36999,1,0,0,0.0000
1042,05:13:00,05:13:00,37000,2,0,0,0.3419
1042,05:15:00,05:15:00,37001,3,0,0,0.9091
1043,06:06:00,06:06:00,36999,1,0,0,0.0000
1043,06:08:00,06:08:00,37000,2,0,0,0.3419
1043,06:10:00,06:10:00,37001,3,0,0,0.9091
1044,07:16:00,07:16:00,36999,1,0,0,0.0000
1044,07:18:00,07:18:00,37000,2,0,0,0.3419
1044,07:20:00,07:20:00,37001,3,0,0,0.9091
1045,15:18:00,15:18:00,36999,1,0,0,0.0000
1045,15:20:00,15:20:00,37000,2,0,0,0.3419
1045,15:22:00,15:22:00,37001,3,0,0,0.9091
1046,15:40:00,15:40:00,36999,1,0,0,0.0000
1046,15:42:00,15:42:00,37000,2,0,0,0.3419
1046,15:44:00,15:44:00,37001,3,0,0,0.9091
1047,05:06:00,05:06:00,39348,1,0,0,0.0000
1047,05:09:00,05:09:00,37378,2,0,0,0.8826
1047,05:11:00,05:11:00,37377,3,0,0,1.1758
1047,05:13:00,05:13:00,37376,4,0,0,1.5225
1047,05:15:00,05:15:00,36994,5,0,0,1.7718
1047,05:17:00,05:17:00,36995,6,0,0,2.0663
1047,05:19:00,05:19:00,36996,7,0,0,2.4741
1047,05:20:00,05:20:00,36997,8,0,0,2.7515
1047,05:23:00,05:23:00,36998,9,0,0,3.4328
1047,05:26:00,05:26:00,37002,10,0,0,4.8545
1047,05:27:00,05:27:00,37003,11,0,0,5.5027
1047,05:29:00,05:29:00,37004,12,0,0,6.7131
1047,05:31:00,05:31:00,37005,13,0,0,7.2754
1047,05:33:00,05:33:00,38229,14,0,0,8.1356
1047,05:36:00,05:36:00,42673,15,0,0,9.0371
1048,05:21:00,05:21:00,39348,1,0,0,0.0000
1048,05:24:00,05:24:00,37378,2,0,0,0.8826
1048,05:26:00,05:26:00,37377,3,0,0,1.1758
1048,05:28:00,05:28:00,37376,4,0,0,1.5225
1048,05:30:00,05:30:00,36994,5,0,0,1.7718
1048,05:32:00,05:32:00,36995,6,0,0,2.0663
1048,05:34:00,05:34:00,36996,7,0,0,2.4741
1048,05:35:00,05:35:00,36997,8,0,0,2.7515
1048,05:38:00,05:38:00,36998,9,0,0,3.4328
1048,05:41:00,05:41:00,37002,10,0,0,4.8545
1048,05:42:00,05:42:00,37003,11,0,0,5.5027
1048,05:44:00,05:44:00,37004,12,0,0,6.7131
1048,05:46:00,05:46:00,37005,13,0,0,7.2754
1048,05:48:00,05:48:00,38229,14,0,0,8.1356
1048,05:51:00,05:51:00,42673,15,0,0,9.0371
1049,05:34:00,05:34:00,39348,1,0,0,0.0000
1049,05:37:00,05:37:00,37378,2,0,0,0.8826
1049,05:39:00,05:39:00,37377,3,0,0,1.1758
1049,05:41:00,05:41:00,37376,4,0,0,1.5225
1049,05:43:00,05:43:00,36994,5,0,0,1.7718
1049,05:45:00,05:45:00,36995,6,0,0,2.0663
1049,05:47:00,05:47:00,36996,7,0,0,2.4741
1049,05:48:00,05:48:00,36997,8,0,0,2.7515
1049,05:51:00,05:51:00,36998,9,0,0,3.4328
1049,05:54:00,05:54:00,37002,10,0,0,4.8545
1049,05:55:00,05:55:00,37003,11,0,0,5.5027
1049,05:57:00,05:57:00,37004,12,0,0,6.7131
1049,05:59:00,05:59:00,37005,13,0,0,7.2754
1049,06:01:00,06:01:00,38229,14,0,0,8.1356
1049,06:04:00,06:04:00,42673,15,0,0,9.0371
1050,05:46:00,05:46:00,39348,1,0,0,0.0000
1050,05:49:00,05:49:00,37378,2,0,0,0.8826
1050,05:51:00,05:51:00,37377,3,0,0,1.1758
1050,05:53:00,05:53:00,37376,4,0,0,1.5225
1050,05:55:00,05:55:00,36994,5,0,0,1.7718
1050,05:57:00,05:57:00,36995,6,0,0,2.0663
1050,05:59:00,05:59:00,36996,7,0,0,2.4741
1050,06:00:00,06:00:00,36997,8,0,0,2.7515
1050,06:03:00,06:03:00,36998,9,0,0,3.4328
1050,06:06:00,06:06:00,37002,10,0,0,4.8545
1050,06:07:00,06:07:00,37003,11,0,0,5.5027
1050,06:09:00,06:09:00,37004,12,0,0,6.7131
1050,06:11:00,06:11:00,37005,13,0,0,7.2754
1050,06:13:00,06:13:00,38229,14,0,0,8.1356
1050,06:16:00,06:16:00,42673,15,0,0,9.0371
1051,06:01:00,06:01:00,39348,1,0,0,0.0000
1051,06:04:00,06:04:00,37378,2,0,0,0.8826
1051,06:06:00,06:06:00,37377,3,0,0,1.1758
1051,06:08:00,06:08:00,37376,4,0,0,1.5225
1051,06:10:00,06:10:00,36994,5,0,0,1.7718
1051,06:12:00,06:12:00,36995,6,0,0,2.0663
1051,06:14:00,06:14:00,36996,7,0,0,2.4741
1051,06:15:00,06:15:00,36997,8,0,0,2.7515
1051,06:18:00,06:18:00,36998,9,0,0,3.4328
1051,06:21:00,06:21:00,37002,10,0,0,4.8545
1051,06:22:00,06:22:00,37003,11,0,0,5.5027
1051,06:24:00,06:24:00,37004,12,0,0,6.7131
1051,06:26:00,06:26:00,37005,13,0,0,7.2754
1051,06:28:00,06:28:00,38229,14,0,0,8.1356
1051,06:31:00,06:31:00,42673,15,0,0,9.0371
1052,06:15:00,06:15:00,39348,1,0,0,0.0000
1052,06:18:00,06:18:00,37378,2,0,0,0.8826
1052,06:20:00,06:20:00,37377,3,0,0,1.1758
1052,06:22:00,06:22:00,37376,4,0,0,1.5225
1052,06:24:00,06:24:00,36994,5,0,0,1.7718
1052,06:26:00,06:26:00,36995,6,0,0,2.0663
1052,06:28:00,06:28:00,36996,7,0,0,2.4741
1052,06:29:00,06:29:00,36997,8,0,0,2.7515
1052,06:32:00,06:32:00,36998,9,0,0,3.4328
1052,06:35:00,06:35:00,37002,10,0,0,4.8545
1052,06:36:00,06:36:00,37003,11,0,0,5.5027
1052,06:38:00,06:38:00,37004,12,0,0,6.7131
1052,06:40:00,06:40:00,37005,13,0,0,7.2754
1052,06:42:00,06:42:00,38229,14,0,0,8.1356
1052,06:45:00,06:45:00,42673,15,0,0,9.0371
1053,06:41:00,06:41:00,39348,1,0,0,0.0000
1053,06:44:00,06:44:00,37378,2,0,0,0.8826
1053,06:46:00,06:46:00,37377,3,0,0,1.1758
1053,06:48:00,06:48:00,37376,4,0,0,1.5225
1053,06:50:00,06:50:00,36994,5,0,0,1.7718
1053,06:52:00,06:52:00,36995,6,0,0,2.0663
1053,06:54:00,06:54:00,36996,7,0,0,2.4741
1053,06:55:00,06:55:00,36997,8,0,0,2.7515
1053,06:58:00,06:58:00,36998,9,0,0,3.4328
1053,07:01:00,07:01:00,37002,10,0,0,4.8545
1053,07:02:00,07:02:00,37003,11,0,0,5.5027
1053,07:04:00,07:04:00,37004,12,0,0,6.7131
1053,07:06:00,07:06:00,37005,13,0,0,7.2754
1053,07:08:00,07:08:00,38229,14,0,0,8.1356
1053,07:11:00,07:11:00,42673,15,0,0,9.0371
1054,06:53:00,06:53:00,39348,1,0,0,0.0000
1054,06:56:00,06:56:00,37378,2,0,0,0.8826
1054,06:58:00,06:58:00,37377,3,0,0,1.1758
1054,07:00:00,07:00:00,37376,4,0,0,1.5225
1054,07:02:00,07:02:00,36994,5,0,0,1.7718
1054,07:04:00,07:04:00,36995,6,0,0,2.0663
1054,07:06:00,07:06:00,36996,7,0,0,2.4741
1054,07:07:00,07:07:00,36997,8,0,0,2.7515
1054,07:10:00,07:10:00,36998,9,0,0,3.4328
1054,07:13:00,07:13:00,37002,10,0,0,4.8545
1054,07:14:00,07:14:00,37003,11,0,0,5.5027
1054,07:16:00,07:16:00,37004,12,0,0,6.7131
1054,07:18:00,07:18:00,37005,13,0,0,7.2754
1054,07:20:00,07:20:00,38229,14,0,0,8.1356
1054,07:23:00,07:23:00,42673,15,0,0,9.0371
1055,07:03:00,07:03:00,39348,1,0,0,0.0000
1055,07:06:00,07:06:00,37378,2,0,0,0.8826
1055,07:08:00,07:08:00,37377,3,0,0,1.1758
1055,07:10:00,07:10:00,37376,4,0,0,1.5225
1055,07:12:00,07:12:00,36994,5,0,0,1.7718
1055,07:14:00,07:14:00,36995,6,0,0,2.0663
1055,07:16:00,07:16:00,36996,7,0,0,2.4741
1055,07:17:00,07:17:00,36997,8,0,0,2.7515
1055,07:20:00,07:20:00,36998,9,0,0,3.4328
1055,07:23:00,07:23:00,37002,10,0,0,4.8545
1055,07:24:00,07:24:00,37003,11,0,0,5.5027
1055,07:26:00,07:26:00,37004,12,0,0,6.7131
1055,07:28:00,07:28:00,37005,13,0,0,7.2754
1055,07:30:00,07:30:00,38229,14,0,0,8.1356
1055,07:33:00,07:33:00,42673,15,0,0,9.0371
1056,07:36:00,07:36:00,39348,1,0,0,0.0000
1056,07:39:00,07:39:00,37378,2,0,0,0.8826
1056,07:41:00,07:41:00,37377,3,0,0,1.1758
1056,07:43:00,07:43:00,37376,4,0,0,1.5225
1056,07:45:00,07:45:00,36994,5,0,0,1.7718
1056,07:47:00,07:47:00,36995,6,0,0,2.0663
1056,07:49:00,07:49:00,36996,7,0,0,2.4741
1056,07:50:00,07:50:00,36997,8,0,0,2.7515
1056,07:53:00,07:53:00,36998,9,0,0,3.4328
1056,07:56:00,07:56:00,37002,10,0,0,4.8545
1056,07:57:00,07:57:00,37003,11,0,0,5.5027
1056,07:59:00,07:59:00,37004,12,0,0,6.7131
1056,08:01:00,08:01:00,37005,13,0,0,7.2754
1056,08:03:00,08:03:00,38229,14,0,0,8.1356
1056,08:06:00,08:06:00,42673,15,0,0,9.0371
1057,07:45:00,07:45:00,39348,1,0,0,0.0000
1057,07:48:00,07:48:00,37378,2,0,0,0.8826
1057,07:50:00,07:50:00,37377,3,0,0,1.1758
1057,07:52:00,07:52:00,37376,4,0,0,1.5225
1057,07:54:00,07:54:00,36994,5,0,0,1.7718
1057,07:56:00,07:56:00,36995,6,0,0,2.0663
1057,07:58:00,07:58:00,36996,7,0,0,2.4741
1057,07:59:00,07:59:00,36997,8,0,0,2.7515
1057,08:02:00,08:02:00,36998,9,0,0,3.4328
1057,08:05:00,08:05:00,37002,10,0,0,4.8545
1057,08:06:00,08:06:00,37003,11,0,0,5.5027
1057,08:08:00,08:08:00,37004,12,0,0,6.7131
1057,08:10:00,08:10:00,37005,13,0,0,7.2754
1057,08:12:00,08:12:00,38229,14,0,0,8.1356
1057,08:15:00,08:15:00,42673,15,0,0,9.0371
1058,07:54:00,07:54:00,39348,1,0,0,0.0000
1058,07:57:00,07:57:00,37378,2,0,0,0.8826
1058,07:59:00,07:59:00,37377,3,0,0,1.1758
1058,08:01:00,08:01:00,37376,4,0,0,1.5225
1058,08:03:00,08:03:00,36994,5,0,0,1.7718
1058,08:05:00,08:05:00,36995,6,0,0,2.0663
1058,08:07:00,08:07:00,36996,7,0,0,2.4741
1058,08:08:00,08:08:00,36997,8,0,0,2.7515
1058,08:11:00,08:11:00,36998,9,0,0,3.4328
1058,08:14:00,08:14:00,37002,10,0,0,4.8545
1058,08:15:00,08:15:00,37003,11,0,0,5.5027
1058,08:17:00,08:17:00,37004,12,0,0,6.7131
1058,08:19:00,08:19:00,37005,13,0,0,7.2754
1058,08:21:00,08:21:00,38229,14,0,0,8.1356
1058,08:24:00,08:24:00,42673,15,0,0,9.0371
1059,08:37:00,08:37:00,39348,1,0,0,0.0000
1059,08:40:00,08:40:00,37378,2,0,0,0.8826
1059,08:42:00,08:42:00,37377,3,0,0,1.1758
1059,08:44:00,08:44:00,37376,4,0,0,1.5225
1059,08:46:00,08:46:00,36994,5,0,0,1.7718
1059,08:48:00,08:48:00,36995,6,0,0,2.0663
1059,08:50:00,08:50:00,36996,7,0,0,2.4741
1059,08:51:00,08:51:00,36997,8,0,0,2.7515
1059,08:54:00,08:54:00,36998,9,0,0,3.4328
1059,08:57:00,08:57:00,37002,10,0,0,4.8545
1059,08:58:00,08:58:00,37003,11,0,0,5.5027
1059,09:00:00,09:00:00,37004,12,0,0,6.7131
1059,09:02:00,09:02:00,37005,13,0,0,7.2754
1059,09:04:00,09:04:00,38229,14,0,0,8.1356
1059,09:07:00,09:07:00,42673,15,0,0,9.0371
1060,08:39:00,08:39:00,39348,1,0,0,0.0000
1060,08:42:00,08:42:00,37378,2,0,0,0.8826
1060,08:44:00,08:44:00,37377,3,0,0,1.1758
1060,08:46:00,08:46:00,37376,4,0,0,1.5225
1060,08:48:00,08:48:00,36994,5,0,0,1.7718
1060,08:50:00,08:50:00,36995,6,0,0,2.0663
1060,08:52:00,08:52:00,36996,7,0,0,2.4741
1060,08:53:00,08:53:00,36997,8,0,0,2.7515
1060,08:56:00,08:56:00,36998,9,0,0,3.4328
1060,08:59:00,08:59:00,37002,10,0,0,4.8545
1060,09:00:00,09:00:00,37003,11,0,0,5.5027
1060,09:02:00,09:02:00,37004,12,0,0,6.7131
1060,09:04:00,09:04:00,37005,13,0,0,7.2754
1060,09:06:00,09:06:00,38229,14,0,0,8.1356
1060,09:09:00,09:09:00,42673,15,0,0,9.0371
1061,08:50:00,08:50:00,39348,1,0,0,0.0000
1061,08:53:00,08:53:00,37378,2,0,0,0.8826
1061,08:55:00,08:55:00,37377,3,0,0,1.1758
1061,08:57:00,08:57:00,37376,4,0,0,1.5225
1061,08:59:00,08:59:00,36994,5,0,0,1.7718
1061,09:01:00,09:01:00,36995,6,0,0,2.0663
1061,09:03:00,09:03:00,36996,7,0,0,2.4741
1061,09:04:00,09:04:00,36997,8,0,0,2.7515
1061,09:07:00,09:07:00,36998,9,0,0,3.4328
1061,09:10:00,09:10:00,37002,10,0,0,4.8545
1061,09:11:00,09:11:00,37003,11,0,0,5.5027
1061,09:13:00,09:13:00,37004,12,0,0,6.7131
1061,09:15:00,09:15:00,37005,13,0,0,7.2754
1061,09:17:00,09:17:00,38229,14,0,0,8.1356
1061,09:20:00,09:20:00,42673,15,0,0,9.0371
1062,09:10:00,09:10:00,39348,1,0,0,0.0000
1062,09:13:00,09:13:00,37378,2,0,0,0.8826
1062,09:15:00,09:15:00,37377,3,0,0,1.1758
1062,09:17:00,09:17:00,37376,4,0,0,1.5225
1062,09:19:00,09:19:00,36994,5,0,0,1.7718
1062,09:21:00,09:21:00,36995,6,0,0,2.0663
1062,09:23:00,09:23:00,36996,7,0,0,2.4741
1062,09:24:00,09:24:00,36997,8,0,0,2.7515
1062,09:27:00,09:27:00,36998,9,0,0,3.4328
1062,09:30:00,09:30:00,37002,10,0,0,4.8545
1062,09:31:00,09:31:00,37003,11,0,0,5.5027
1062,09:33:00,09:33:00,37004,12,0,0,6.7131
1062,09:35:00,09:35:00,37005,13,0,0,7.2754
1062,09:37:00,09:37:00,38229,14,0,0,8.1356
1062,09:40:00,09:40:00,42673,15,0,0,9.0371
1063,09:18:00,09:18:00,39348,1,0,0,0.0000
1063,09:21:00,09:21:00,37378,2,0,0,0.8826
1063,09:23:00,09:23:00,37377,3,0,0,1.1758
1063,09:25:00,09:25:00,37376,4,0,0,1.5225
1063,09:27:00,09:27:00,36994,5,0,0,1.7718
1063,09:29:00,09:29:00,36995,6,0,0,2.0663
1063,09:31:00,09:31:00,36996,7,0,0,2.4741
1063,09:32:00,09:32:00,36997,8,0,0,2.7515
1063,09:35:00,09:35:00,36998,9,0,0,3.4328
1063,09:38:00,09:38:00,37002,10,0,0,4.8545
1063,09:39:00,09:39:00,37003,11,0,0,5.5027
1063,09:41:00,09:41:00,37004,12,0,0,6.7131
1063,09:43:00,09:43:00,37005,13,0,0,7.2754
1063,09:45:00,09:45:00,38229,14,0,0,8.1356
1063,09:48:00,09:48:00,42673,15,0,0,9.0371
1064,09:29:00,09:29:00,39348,1,0,0,0.0000
1064,09:32:00,09:32:00,37378,2,0,0,0.8826
1064,09:34:00,09:34:00,37377,3,0,0,1.1758
1064,09:36:00,09:36:00,37376,4,0,0,1.5225
1064,09:38:00,09:38:00,36994,5,0,0,1.7718
1064,09:40:00,09:40:00,36995,6,0,0,2.0663
1064,09:42:00,09:42:00,36996,7,0,0,2.4741
1064,09:43:00,09:43:00,36997,8,0,0,2.7515
1064,09:46:00,09:46:00,36998,9,0,0,3.4328
1064,09:49:00,09:49:00,37002,10,0,0,4.8545
1064,09:50:00,09:50:00,37003,11,0,0,5.5027
1064,09:52:00,09:52:00,37004,12,0,0,6.7131
1064,09:54:00,09:54:00,37005,13,0,0,7.2754
1064,09:56:00,09:56:00,38229,14,0,0,8.1356
1064,09:59:00,09:59:00,42673,15,0,0,9.0371
1065,09:50:00,09:50:00,39348,1,0,0,0.0000
1065,09:53:00,09:53:00,37378,2,0,0,0.8826
1065,09:55:00,09:55:00,37377,3,0,0,1.1758
1065,09:57:00,09:57:00,37376,4,0,0,1.5225
1065,09:59:00,09:59:00,36994,5,0,0,1.7718
1065,10:01:00,10:01:00,36995,6,0,0,2.0663
1065,10:03:00,10:03:00,36996,7,0,0,2.4741
1065,10:04:00,10:04:00,36997,8,0,0,2.7515
1065,10:07:00,10:07:00,36998,9,0,0,3.4328
1065,10:10:00,10:10:00,37002,10,0,0,4.8545
1065,10:11:00,10:11:00,37003,11,0,0,5.5027
1065,10:13:00,10:13:00,37004,12,0,0,6.7131
1065,10:15:00,10:15:00,37005,13,0,0,7.2754
1065,10:17:00,10:17:00,38229,14,0,0,8.1356
1065,10:20:00,10:20:00,42673,15,0,0,9.0371
1066,10:00:00,10:00:00,39348,1,0,0,0.0000
1066,10:03:00,10:03:00,37378,2,0,0,0.8826
1066,10:05:00,10:05:00,37377,3,0,0,1.1758
1066,10:07:00,10:07:00,37376,4,0,0,1.5225
1066,10:09:00,10:09:00,36994,5,0,0,1.7718
1066,10:11:00,10:11:00,36995,6,0,0,2.0663
1066,10:13:00,10:13:00,36996,7,0,0,2.4741
1066,10:14:00,10:14:00,36997,8,0,0,2.7515
1066,10:17:00,10:17:00,36998,9,0,0,3.4328
1066,10:20:00,10:20:00,37002,10,0,0,4.8545
1066,10:21:00,10:21:00,37003,11,0,0,5.5027
1066,10:23:00,10:23:00,37004,12,0,0,6.7131
1066,10:25:00,10:25:00,37005,13,0,0,7.2754
1066,10:27:00,10:27:00,38229,14,0,0,8.1356
1066,10:30:00,10:30:00,42673,15,0,0,9.0371
1067,10:10:00,10:10:00,39348,1,0,0,0.0000
1067,10:13:00,10:13:00,37378,2,0,0,0.8826
1067,10:15:00,10:15:00,37377,3,0,0,1.1758
1067,10:17:00,10:17:00,37376,4,0,0,1.5225
1067,10:19:00,10:19:00,36994,5,0,0,1.7718
1067,10:21:00,10:21:00,36995,6,0,0,2.0663
1067,10:23:00,10:23:00,36996,7,0,0,2.4741
1067,10:24:00,10:24:00,36997,8,0,0,2.7515
1067,10:27:00,10:27:00,36998,9,0,0,3.4328
1067,10:30:00,10:30:00,37002,10,0,0,4.8545
1067,10:31:00,10:31:00,37003,11,0,0,5.5027
1067,10:33:00,10:33:00,37004,12,0,0,6.7131
1067,10:35:00,10:35:00,37005,13,0,0,7.2754
1067,10:37:00,10:37:00,38229,14,0,0,8.1356
1067,10:40:00,10:40:00,42673,15,0,0,9.0371
1068,10:31:00,10:31:00,39348,1,0,0,0.0000
1068,10:34:00,10:34:00,37378,2,0,0,0.8826
1068,10:36:00,10:36:00,37377,3,0,0,1.1758
1068,10:38:00,10:38:00,37376,4,0,0,1.5225
1068,10:40:00,10:40:00,36994,5,0,0,1.7718
1068,10:42:00,10:42:00,36995,6,0,0,2.0663
1068,10:44:00,10:44:00,36996,7,0,0,2.4741
1068,10:45:00,10:45:00,36997,8,0,0,2.7515
1068,10:48:00,10:48:00,36998,9,0,0,3.4328
1068,10:51:00,10:51:00,37002,10,0,0,4.8545
1068,10:52:00,10:52:00,37003,11,0,0,5.5027
1068,10:54:00,10:54:00,37004,12,0,0,6.7131
1068,10:56:00,10:56:00,37005,13,0,0,7.2754
1068,10:58:00,10:58:00,38229,14,0,0,8.1356
1068,11:01:00,11:01:00,42673,15,0,0,9.0371
1069,10:40:00,10:40:00,39348,1,0,0,0.0000
1069,10:43:00,10:43:00,37378,2,0,0,0.8826
1069,10:45:00,10:45:00,37377,3,0,0,1.1758
1069,10:47:00,10:47:00,37376,4,0,0,1.5225
1069,10:49:00,10:49:00,36994,5,0,0,1.7718
1069,10:51:00,10:51:00,36995,6,0,0,2.0663
1069,10:53:00,10:53:00,36996,7,0,0,2.4741
1069,10:54:00,10:54:00,36997,8,0,0,2.7515
1069,10:57:00,10:57:00,36998,9,0,0,3.4328
1069,11:00:00,11:00:00,37002,10,0,0,4.8545
1069,11:01:00,11:01:00,37003,11,0,0,5.5027
1069,11:03:00,11:03:00,37004,12,0,0,6.7131
1069,11:05:00,11:05:00,37005,13,0,0,7.2754
1069,11:07:00,11:07:00,38229,14,0,0,8.1356
1069,11:10:00,11:10:00,42673,15,0,0,9.0371
1070,10:55:00,10:55:00,39348,1,0,0,0.0000
1070,10:58:00,10:58:00,37378,2,0,0,0.8826
1070,11:00:00,11:00:00,37377,3,0,0,1.1758
1070,11:02:00,11:02:00,37376,4,0,0,1.5225
1070,11:04:00,11:04:00,36994,5,0,0,1.7718
1070,11:06:00,11:06:00,36995,6,0,0,2.0663
1070,11:08:00,11:08:00,36996,7,0,0,2.4741
1070,11:09:00,11:09:00,36997,8,0,0,2.7515
1070,11:12:00,11:12:00,36998,9,0,0,3.4328
1070,11:15:00,11:15:00,37002,10,0,0,4.8545
1070,11:16:00,11:16:00,37003,11,0,0,5.5027
1070,11:18:00,11:18:00,37004,12,0,0,6.7131
1070,11:20:00,11:20:00,37005,13,0,0,7.2754
1070,11:22:00,11:22:00,38229,14,0,0,8.1356
1070,11:25:00,11:25:00,42673,15,0,0,9.0371
1071,11:15:00,11:15:00,39348,1,0,0,0.0000
1071,11:18:00,11:18:00,37378,2,0,0,0.8826
1071,11:20:00,11:20:00,37377,3,0,0,1.1758
1071,11:22:00,11:22:00,37376,4,0,0,1.5225
1071,11:24:00,11:24:00,36994,5,0,0,1.7718
1071,11:26:00,11:26:00,36995,6,0,0,2.0663
1071,11:28:00,11:28:00,36996,7,0,0,2.4741
1071,11:29:00,11:29:00,36997,8,0,0,2.7515
1071,11:32:00,11:32:00,36998,9,0,0,3.4328
1071,11:35:00,11:35:00,37002,10,0,0,4.8545
1071,11:36:00,11:36:00,37003,11,0,0,5.5027
1071,11:38:00,11:38:00,37004,12,0,0,6.7131
1071,11:40:00,11:40:00,37005,13,0,0,7.2754
1071,11:42:00,11:42:00,38229,14,0,0,8.1356
1071,11:45:00,11:45:00,42673,15,0,0,9.0371
1072,11:35:00,11:35:00,39348,1,0,0,0.0000
1072,11:38:00,11:38:00,37378,2,0,0,0.8826
1072,11:40:00,11:40:00,37377,3,0,0,1.1758
1072,11:42:00,11:42:00,37376,4,0,0,1.5225
1072,11:44:00,11:44:00,36994,5,0,0,1.7718
1072,11:46:00,11:46:00,36995,6,0,0,2.0663
1072,11:48:00,11:48:00,36996,7,0,0,2.4741
1072,11:49:00,11:49:00,36997,8,0,0,2.7515
1072,11:52:00,11:52:00,36998,9,0,0,3.4328
1072,11:55:00,11:55:00,37002,10,0,0,4.8545
1072,11:56:00,11:56:00,37003,11,0,0,5.5027
1072,11:58:00,11:58:00,37004,12,0,0,6.7131
1072,12:00:00,12:00:00,37005,13,0,0,7.2754
1072,12:02:00,12:02:00,38229,14,0,0,8.1356
1072,12:05:00,12:05:00,42673,15,0,0,9.0371
1073,11:55:00,11:55:00,39348,1,0,0,0.0000
1073,11:58:00,11:58:00,37378,2,0,0,0.8826
1073,12:00:00,12:00:00,37377,3,0,0,1.1758
1073,12:02:00,12:02:00,37376,4,0,0,1.5225
1073,12:04:00,12:04:00,36994,5,0,0,1.7718
1073,12:06:00,12:06:00,36995,6,0,0,2.0663
1073,12:08:00,12:08:00,36996,7,0,0,2.4741
1073,12:09:00,12:09:00,36997,8,0,0,2.7515
1073,12:12:00,12:12:00,36998,9,0,0,3.4328
1073,12:15:00,12:15:00,37002,10,0,0,4.8545
1073,12:16:00,12:16:00,37003,11,0,0,5.5027
1073,12:18:00,12:18:00,37004,12,0,0,6.7131
1073,12:20:00,12:20:00,37005,13,0,0,7.2754
1073,12:22:00,12:22:00,38229,14,0,0,8.1356
1073,12:25:00,12:25:00,42673,15,0,0,9.0371
1074,12:15:00,12:15:00,39348,1,0,0,0.0000
1074,12:18:00,12:18:00,37378,2,0,0,0.8826
1074,12:20:00,12:20:00,37377,3,0,0,1.1758
1074,12:22:00,12:22:00,37376,4,0,0,1.5225
1074,12:24:00,12:24:00,36994,5,0,0,1.7718
1074,12:26:00,12:26:00,36995,6,0,0,2.0663
1074,12:28:00,12:28:00,36996,7,0,0,2.4741
1074,12:29:00,12:29:00,36997,8,0,0,2.7515
1074,12:32:00,12:32:00,36998,9,0,0,3.4328
1074,12:35:00,12:35:00,37002,10,0,0,4.8545
1074,12:36:00,12:36:00,37003,11,0,0,5.5027
1074,12:38:00,12:38:00,37004,12,0,0,6.7131
1074,12:40:00,12:40:00,37005,13,0,0,7.2754
1074,12:42:00,12:42:00,38229,14,0,0,8.1356
1074,12:45:00,12:45:00,42673,15,0,0,9.0371
1075,12:35:00,12:35:00,39348,1,0,0,0.0000
1075,12:38:00,12:38:00,37378,2,0,0,0.8826
1075,12:40:00,12:40:00,37377,3,0,0,1.1758
1075,12:42:00,12:42:00,37376,4,0,0,1.5225
1075,12:44:00,12:44:00,36994,5,0,0,1.7718
1075,12:46:00,12:46:00,36995,6,0,0,2.0663
1075,12:48:00,12:48:00,36996,7,0,0,2.4741
