2568,22:46:00,22:46:00,14986,6,0,0,1.8616
2568,22:48:00,22:48:00,6966,7,0,0,2.4350
2568,22:50:00,22:50:00,14984,8,0,0,2.9845
2568,22:52:00,22:52:00,6907,9,0,0,3.4960
2568,22:54:00,22:54:00,26316,10,0,0,4.0411
2568,22:58:00,22:58:00,38064,11,0,0,4.4657
2568,23:00:00,23:00:00,38065,12,0,0,4.8619
2569,23:01:00,23:01:00,26326,1,0,0,0.0000
2569,23:02:00,23:02:00,6900,2,0,0,0.4277
2569,23:03:00,23:03:00,6997,3,0,0,0.6081
2569,23:05:00,23:05:00,6995,4,0,0,1.1328
2569,23:06:00,23:06:00,6957,5,0,0,1.3932
2569,23:07:00,23:07:00,14986,6,0,0,1.8616
2569,23:09:00,23:09:00,6966,7,0,0,2.4350
2569,23:11:00,23:11:00,14984,8,0,0,2.9845
2569,23:13:00,23:13:00,6907,9,0,0,3.4960
2569,23:15:00,23:15:00,26316,10,0,0,4.0411
2569,23:19:00,23:19:00,38064,11,0,0,4.4657
2569,23:21:00,23:21:00,38065,12,0,0,4.8619
2570,23:30:00,23:30:00,26326,1,0,0,0.0000
2570,23:31:00,23:31:00,6900,2,0,0,0.4277
2570,23:32:00,23:32:00,6997,3,0,0,0.6081
2570,23:34:00,23:34:00,6995,4,0,0,1.1328
2570,23:35:00,23:35:00,6957,5,0,0,1.3932
2570,23:36:00,23:36:00,14986,6,0,0,1.8616
2570,23:38:00,23:38:00,6966,7,0,0,2.4350
2570,23:40:00,23:40:00,14984,8,0,0,2.9845
2570,23:42:00,23:42:00,6907,9,0,0,3.4960
2570,23:44:00,23:44:00,26316,10,0,0,4.0411
2570,23:48:00,23:48:00,38064,11,0,0,4.4657
2570,23:50:00,23:50:00,38065,12,0,0,4.8619
2571,23:56:00,23:56:00,26326,1,0,0,0.0000
2571,23:57:00,23:57:00,6900,2,0,0,0.4277
2571,23:58:00,23:58:00,6997,3,0,0,0.6081
2571,24:00:00,24:00:00,6995,4,0,0,1.1328
2571,24:01:00,24:01:00,6957,5,0,0,1.3932
2571,24:02:00,24:02:00,14986,6,0,0,1.8616
2571,24:04:00,24:04:00,6966,7,0,0,2.4350
2571,24:06:00,24:06:00,14984,8,0,0,2.9845
2571,24:08:00,24:08:00,6907,9,0,0,3.4960
2571,24:10:00,24:10:00,26316,10,0,0,4.0411
2571,24:14:00,24:14:00,38064,11,0,0,4.4657
2571,24:16:00,24:16:00,38065,12,0,0,4.8619
2572,24:20:00,24:20:00,26326,1,0,0,0.0000
2572,24:21:00,24:21:00,6900,2,0,0,0.4277
2572,24:22:00,24:22:00,6997,3,0,0,0.6081
2572,24:24:00,24:24:00,6995,4,0,0,1.1328
2572,24:25:00,24:25:00,6957,5,0,0,1.3932
2572,24:26:00,24:26:00,14986,6,0,0,1.8616
2572,24:28:00,24:28:00,6966,7,0,0,2.4350
2572,24:30:00,24:30:00,14984,8,0,0,2.9845
2572,24:32:00,24:32:00,6907,9,0,0,3.4960
2572,24:34:00,24:34:00,26316,10,0,0,4.0411
2572,24:38:00,24:38:00,38064,11,0,0,4.4657
2572,24:40:00,24:40:00,38065,12,0,0,4.8619
2573,25:15:00,25:15:00,26326,1,0,0,0.0000
2573,25:16:00,25:16:00,6900,2,0,0,0.4277
2573,25:17:00,25:17:00,6997,3,0,0,0.6081
2573,25:19:00,25:19:00,6995,4,0,0,1.1328
2573,25:20:00,25:20:00,6957,5,0,0,1.3932
2573,25:21:00,25:21:00,14986,6,0,0,1.8616
2573,25:23:00,25:23:00,6966,7,0,0,2.4350
2573,25:25:00,25:25:00,14984,8,0,0,2.9845
2573,25:27:00,25:27:00,6907,9,0,0,3.4960
2573,25:29:00,25:29:00,26316,10,0,0,4.0411
2573,25:33:00,25:33:00,38064,11,0,0,4.4657
2573,25:35:00,25:35:00,38065,12,0,0,4.8619
2574,09:14:00,09:14:00,26326,1,0,0,0.0000
2574,09:15:00,09:15:00,6900,2,0,0,0.4277
2574,09:16:00,09:16:00,6997,3,0,0,0.6081
2574,09:18:00,09:18:00,6995,4,0,0,1.1328
2574,09:19:00,09:19:00,6957,5,0,0,1.3932
2574,09:20:00,09:20:00,14986,6,0,0,1.8616
2574,09:22:00,09:22:00,6966,7,0,0,2.4350
2574,09:24:00,09:24:00,14984,8,0,0,2.9845
2574,09:26:00,09:26:00,6907,9,0,0,3.4960
2574,09:28:00,09:28:00,26316,10,0,0,4.0411
2574,09:32:00,09:32:00,38064,11,0,0,4.4657
2575,09:19:00,09:19:00,26326,1,0,0,0.0000
2575,09:20:00,09:20:00,6900,2,0,0,0.4277
2575,09:21:00,09:21:00,6997,3,0,0,0.6081
2575,09:23:00,09:23:00,6995,4,0,0,1.1328
2575,09:24:00,09:24:00,6957,5,0,0,1.3932
2575,09:25:00,09:25:00,14986,6,0,0,1.8616
2575,09:27:00,09:27:00,6966,7,0,0,2.4350
2575,09:29:00,09:29:00,14984,8,0,0,2.9845
2575,09:31:00,09:31:00,6907,9,0,0,3.4960
2575,09:33:00,09:33:00,26316,10,0,0,4.0411
2575,09:37:00,09:37:00,38064,11,0,0,4.4657
2576,05:58:00,05:58:00,26326,1,0,0,0.0000
2576,05:59:00,05:59:00,6900,2,0,0,0.4277
2576,06:00:00,06:00:00,6997,3,0,0,0.6081
2576,06:02:00,06:02:00,6995,4,0,0,1.1328
2576,06:03:00,06:03:00,6957,5,0,0,1.3932
2576,06:04:00,06:04:00,14986,6,0,0,1.8616
2576,06:06:00,06:06:00,6966,7,0,0,2.4350
2576,06:08:00,06:08:00,14984,8,0,0,2.9845
2576,06:10:00,06:10:00,6907,9,0,0,3.4960
2576,06:12:00,06:12:00,26316,10,0,0,4.0411
2577,06:19:00,06:19:00,26326,1,0,0,0.0000
2577,06:20:00,06:20:00,6900,2,0,0,0.4277
2577,06:21:00,06:21:00,6997,3,0,0,0.6081
2577,06:23:00,06:23:00,6995,4,0,0,1.1328
2577,06:24:00,06:24:00,6957,5,0,0,1.3932
2577,06:25:00,06:25:00,14986,6,0,0,1.8616
2577,06:27:00,06:27:00,6966,7,0,0,2.4350
2577,06:29:00,06:29:00,14984,8,0,0,2.9845
2577,06:31:00,06:31:00,6907,9,0,0,3.4960
2577,06:33:00,06:33:00,26316,10,0,0,4.0411
2578,06:24:00,06:24:00,26326,1,0,0,0.0000
2578,06:25:00,06:25:00,6900,2,0,0,0.4277
2578,06:26:00,06:26:00,6997,3,0,0,0.6081
2578,06:28:00,06:28:00,6995,4,0,0,1.1328
2578,06:29:00,06:29:00,6957,5,0,0,1.3932
2578,06:30:00,06:30:00,14986,6,0,0,1.8616
2578,06:32:00,06:32:00,6966,7,0,0,2.4350
2578,06:34:00,06:34:00,14984,8,0,0,2.9845
2578,06:36:00,06:36:00,6907,9,0,0,3.4960
2578,06:38:00,06:38:00,26316,10,0,0,4.0411
2579,06:32:00,06:32:00,26326,1,0,0,0.0000
2579,06:33:00,06:33:00,6900,2,0,0,0.4277
2579,06:34:00,06:34:00,6997,3,0,0,0.6081
2579,06:36:00,06:36:00,6995,4,0,0,1.1328
2579,06:37:00,06:37:00,6957,5,0,0,1.3932
2579,06:38:00,06:38:00,14986,6,0,0,1.8616
2579,06:40:00,06:40:00,6966,7,0,0,2.4350
2579,06:42:00,06:42:00,14984,8,0,0,2.9845
2579,06:44:00,06:44:00,6907,9,0,0,3.4960
2579,06:46:00,06:46:00,26316,10,0,0,4.0411
2580,06:40:00,06:40:00,26326,1,0,0,0.0000
2580,06:41:00,06:41:00,6900,2,0,0,0.4277
2580,06:42:00,06:42:00,6997,3,0,0,0.6081
2580,06:44:00,06:44:00,6995,4,0,0,1.1328
2580,06:45:00,06:45:00,6957,5,0,0,1.3932
2580,06:46:00,06:46:00,14986,6,0,0,1.8616
2580,06:48:00,06:48:00,6966,7,0,0,2.4350
2580,06:50:00,06:50:00,14984,8,0,0,2.9845
2580,06:52:00,06:52:00,6907,9,0,0,3.4960
2580,06:54:00,06:54:00,26316,10,0,0,4.0411
2581,06:52:00,06:52:00,26326,1,0,0,0.0000
2581,06:53:00,06:53:00,6900,2,0,0,0.4277
2581,06:54:00,06:54:00,6997,3,0,0,0.6081
2581,06:56:00,06:56:00,6995,4,0,0,1.1328
2581,06:57:00,06:57:00,6957,5,0,0,1.3932
2581,06:58:00,06:58:00,14986,6,0,0,1.8616
2581,07:00:00,07:00:00,6966,7,0,0,2.4350
2581,07:02:00,07:02:00,14984,8,0,0,2.9845
2581,07:04:00,07:04:00,6907,9,0,0,3.4960
2581,07:06:00,07:06:00,26316,10,0,0,4.0411
2582,07:00:00,07:00:00,26326,1,0,0,0.0000
2582,07:01:00,07:01:00,6900,2,0,0,0.4277
2582,07:02:00,07:02:00,6997,3,0,0,0.6081
2582,07:04:00,07:04:00,6995,4,0,0,1.1328
2582,07:05:00,07:05:00,6957,5,0,0,1.3932
2582,07:06:00,07:06:00,14986,6,0,0,1.8616
2582,07:08:00,07:08:00,6966,7,0,0,2.4350
2582,07:10:00,07:10:00,14984,8,0,0,2.9845
2582,07:12:00,07:12:00,6907,9,0,0,3.4960
2582,07:14:00,07:14:00,26316,10,0,0,4.0411
2583,07:14:00,07:14:00,26326,1,0,0,0.0000
2583,07:15:00,07:15:00,6900,2,0,0,0.4277
2583,07:16:00,07:16:00,6997,3,0,0,0.6081
2583,07:18:00,07:18:00,6995,4,0,0,1.1328
2583,07:19:00,07:19:00,6957,5,0,0,1.3932
2583,07:20:00,07:20:00,14986,6,0,0,1.8616
2583,07:22:00,07:22:00,6966,7,0,0,2.4350
2583,07:24:00,07:24:00,14984,8,0,0,2.9845
2583,07:26:00,07:26:00,6907,9,0,0,3.4960
2583,07:28:00,07:28:00,26316,10,0,0,4.0411
2584,07:21:00,07:21:00,26326,1,0,0,0.0000
2584,07:22:00,07:22:00,6900,2,0,0,0.4277
2584,07:23:00,07:23:00,6997,3,0,0,0.6081
2584,07:25:00,07:25:00,6995,4,0,0,1.1328
2584,07:26:00,07:26:00,6957,5,0,0,1.3932
2584,07:27:00,07:27:00,14986,6,0,0,1.8616
2584,07:29:00,07:29:00,6966,7,0,0,2.4350
2584,07:31:00,07:31:00,14984,8,0,0,2.9845
2584,07:33:00,07:33:00,6907,9,0,0,3.4960
2584,07:35:00,07:35:00,26316,10,0,0,4.0411
2585,07:28:00,07:28:00,26326,1,0,0,0.0000
2585,07:29:00,07:29:00,6900,2,0,0,0.4277
2585,07:30:00,07:30:00,6997,3,0,0,0.6081
2585,07:32:00,07:32:00,6995,4,0,0,1.1328
2585,07:33:00,07:33:00,6957,5,0,0,1.3932
2585,07:34:00,07:34:00,14986,6,0,0,1.8616
2585,07:36:00,07:36:00,6966,7,0,0,2.4350
2585,07:38:00,07:38:00,14984,8,0,0,2.9845
2585,07:40:00,07:40:00,6907,9,0,0,3.4960
2585,07:42:00,07:42:00,26316,10,0,0,4.0411
2586,07:35:00,07:35:00,26326,1,0,0,0.0000
2586,07:36:00,07:36:00,6900,2,0,0,0.4277
2586,07:37:00,07:37:00,6997,3,0,0,0.6081
2586,07:39:00,07:39:00,6995,4,0,0,1.1328
2586,07:40:00,07:40:00,6957,5,0,0,1.3932
2586,07:41:00,07:41:00,14986,6,0,0,1.8616
2586,07:43:00,07:43:00,6966,7,0,0,2.4350
2586,07:45:00,07:45:00,14984,8,0,0,2.9845
2586,07:47:00,07:47:00,6907,9,0,0,3.4960
2586,07:49:00,07:49:00,26316,10,0,0,4.0411
2587,07:43:00,07:43:00,26326,1,0,0,0.0000
2587,07:44:00,07:44:00,6900,2,0,0,0.4277
2587,07:45:00,07:45:00,6997,3,0,0,0.6081
2587,07:47:00,07:47:00,6995,4,0,0,1.1328
2587,07:48:00,07:48:00,6957,5,0,0,1.3932
2587,07:49:00,07:49:00,14986,6,0,0,1.8616
2587,07:51:00,07:51:00,6966,7,0,0,2.4350
2587,07:53:00,07:53:00,14984,8,0,0,2.9845
2587,07:55:00,07:55:00,6907,9,0,0,3.4960
2587,07:57:00,07:57:00,26316,10,0,0,4.0411
2588,07:48:00,07:48:00,26326,1,0,0,0.0000
2588,07:49:00,07:49:00,6900,2,0,0,0.4277
2588,07:50:00,07:50:00,6997,3,0,0,0.6081
2588,07:52:00,07:52:00,6995,4,0,0,1.1328
2588,07:53:00,07:53:00,6957,5,0,0,1.3932
2588,07:54:00,07:54:00,14986,6,0,0,1.8616
2588,07:56:00,07:56:00,6966,7,0,0,2.4350
2588,07:58:00,07:58:00,14984,8,0,0,2.9845
2588,08:00:00,08:00:00,6907,9,0,0,3.4960
2588,08:02:00,08:02:00,26316,10,0,0,4.0411
2589,07:56:00,07:56:00,26326,1,0,0,0.0000
2589,07:57:00,07:57:00,6900,2,0,0,0.4277
2589,07:58:00,07:58:00,6997,3,0,0,0.6081
2589,08:00:00,08:00:00,6995,4,0,0,1.1328
2589,08:01:00,08:01:00,6957,5,0,0,1.3932
2589,08:02:00,08:02:00,14986,6,0,0,1.8616
2589,08:04:00,08:04:00,6966,7,0,0,2.4350
2589,08:06:00,08:06:00,14984,8,0,0,2.9845
2589,08:08:00,08:08:00,6907,9,0,0,3.4960
2589,08:10:00,08:10:00,26316,10,0,0,4.0411
2590,08:03:00,08:03:00,26326,1,0,0,0.0000
2590,08:04:00,08:04:00,6900,2,0,0,0.4277
2590,08:05:00,08:05:00,6997,3,0,0,0.6081
2590,08:07:00,08:07:00,6995,4,0,0,1.1328
2590,08:08:00,08:08:00,6957,5,0,0,1.3932
2590,08:09:00,08:09:00,14986,6,0,0,1.8616
2590,08:11:00,08:11:00,6966,7,0,0,2.4350
2590,08:13:00,08:13:00,14984,8,0,0,2.9845
2590,08:15:00,08:15:00,6907,9,0,0,3.4960
2590,08:17:00,08:17:00,26316,10,0,0,4.0411
2591,08:10:00,08:10:00,26326,1,0,0,0.0000
2591,08:11:00,08:11:00,6900,2,0,0,0.4277
2591,08:12:00,08:12:00,6997,3,0,0,0.6081
2591,08:14:00,08:14:00,6995,4,0,0,1.1328
2591,08:15:00,08:15:00,6957,5,0,0,1.3932
2591,08:16:00,08:16:00,14986,6,0,0,1.8616
2591,08:18:00,08:18:00,6966,7,0,0,2.4350
2591,08:20:00,08:20:00,14984,8,0,0,2.9845
2591,08:22:00,08:22:00,6907,9,0,0,3.4960
2591,08:24:00,08:24:00,26316,10,0,0,4.0411
2592,08:16:00,08:16:00,26326,1,0,0,0.0000
2592,08:17:00,08:17:00,6900,2,0,0,0.4277
2592,08:18:00,08:18:00,6997,3,0,0,0.6081
2592,08:20:00,08:20:00,6995,4,0,0,1.1328
2592,08:21:00,08:21:00,6957,5,0,0,1.3932
2592,08:22:00,08:22:00,14986,6,0,0,1.8616
2592,08:24:00,08:24:00,6966,7,0,0,2.4350
2592,08:26:00,08:26:00,14984,8,0,0,2.9845
2592,08:28:00,08:28:00,6907,9,0,0,3.4960
2592,08:30:00,08:30:00,26316,10,0,0,4.0411
2593,08:24:00,08:24:00,26326,1,0,0,0.0000
2593,08:25:00,08:25:00,6900,2,0,0,0.4277
2593,08:26:00,08:26:00,6997,3,0,0,0.6081
2593,08:28:00,08:28:00,6995,4,0,0,1.1328
2593,08:29:00,08:29:00,6957,5,0,0,1.3932
2593,08:30:00,08:30:00,14986,6,0,0,1.8616
2593,08:32:00,08:32:00,6966,7,0,0,2.4350
2593,08:34:00,08:34:00,14984,8,0,0,2.9845
2593,08:36:00,08:36:00,6907,9,0,0,3.4960
2593,08:38:00,08:38:00,26316,10,0,0,4.0411
2594,08:31:00,08:31:00,26326,1,0,0,0.0000
2594,08:32:00,08:32:00,6900,2,0,0,0.4277
2594,08:33:00,08:33:00,6997,3,0,0,0.6081
2594,08:35:00,08:35:00,6995,4,0,0,1.1328
2594,08:36:00,08:36:00,6957,5,0,0,1.3932
2594,08:37:00,08:37:00,14986,6,0,0,1.8616
2594,08:39:00,08:39:00,6966,7,0,0,2.4350
2594,08:41:00,08:41:00,14984,8,0,0,2.9845
2594,08:43:00,08:43:00,6907,9,0,0,3.4960
2594,08:45:00,08:45:00,26316,10,0,0,4.0411
2595,08:45:00,08:45:00,26326,1,0,0,0.0000
2595,08:46:00,08:46:00,6900,2,0,0,0.4277
2595,08:47:00,08:47:00,6997,3,0,0,0.6081
2595,08:49:00,08:49:00,6995,4,0,0,1.1328
2595,08:50:00,08:50:00,6957,5,0,0,1.3932
2595,08:51:00,08:51:00,14986,6,0,0,1.8616
2595,08:53:00,08:53:00,6966,7,0,0,2.4350
2595,08:55:00,08:55:00,14984,8,0,0,2.9845
2595,08:57:00,08:57:00,6907,9,0,0,3.4960
2595,08:59:00,08:59:00,26316,10,0,0,4.0411
2596,08:52:00,08:52:00,26326,1,0,0,0.0000
2596,08:53:00,08:53:00,6900,2,0,0,0.4277
2596,08:54:00,08:54:00,6997,3,0,0,0.6081
2596,08:56:00,08:56:00,6995,4,0,0,1.1328
2596,08:57:00,08:57:00,6957,5,0,0,1.3932
2596,08:58:00,08:58:00,14986,6,0,0,1.8616
2596,09:00:00,09:00:00,6966,7,0,0,2.4350
2596,09:02:00,09:02:00,14984,8,0,0,2.9845
2596,09:04:00,09:04:00,6907,9,0,0,3.4960
2596,09:06:00,09:06:00,26316,10,0,0,4.0411
2597,08:59:00,08:59:00,26326,1,0,0,0.0000
2597,09:00:00,09:00:00,6900,2,0,0,0.4277
2597,09:01:00,09:01:00,6997,3,0,0,0.6081
2597,09:03:00,09:03:00,6995,4,0,0,1.1328
2597,09:04:00,09:04:00,6957,5,0,0,1.3932
2597,09:05:00,09:05:00,14986,6,0,0,1.8616
2597,09:07:00,09:07:00,6966,7,0,0,2.4350
2597,09:09:00,09:09:00,14984,8,0,0,2.9845
2597,09:11:00,09:11:00,6907,9,0,0,3.4960
2597,09:13:00,09:13:00,26316,10,0,0,4.0411
2598,14:58:00,14:58:00,26326,1,0,0,0.0000
2598,14:59:00,14:59:00,6900,2,0,0,0.4277
2598,15:00:00,15:00:00,6997,3,0,0,0.6081
2598,15:02:00,15:02:00,6995,4,0,0,1.1328
2598,15:03:00,15:03:00,6957,5,0,0,1.3932
2598,15:04:00,15:04:00,14986,6,0,0,1.8616
2598,15:06:00,15:06:00,6966,7,0,0,2.4350
2598,15:08:00,15:08:00,14984,8,0,0,2.9845
2598,15:10:00,15:10:00,6907,9,0,0,3.4960
2598,15:12:00,15:12:00,26316,10,0,0,4.0411
2599,15:17:00,15:17:00,26326,1,0,0,0.0000
2599,15:18:00,15:18:00,6900,2,0,0,0.4277
2599,15:19:00,15:19:00,6997,3,0,0,0.6081
2599,15:21:00,15:21:00,6995,4,0,0,1.1328
2599,15:22:00,15:22:00,6957,5,0,0,1.3932
2599,15:23:00,15:23:00,14986,6,0,0,1.8616
2599,15:25:00,15:25:00,6966,7,0,0,2.4350
2599,15:27:00,15:27:00,14984,8,0,0,2.9845
2599,15:29:00,15:29:00,6907,9,0,0,3.4960
2599,15:31:00,15:31:00,26316,10,0,0,4.0411
2600,15:24:00,15:24:00,26326,1,0,0,0.0000
2600,15:25:00,15:25:00,6900,2,0,0,0.4277
2600,15:26:00,15:26:00,6997,3,0,0,0.6081
2600,15:28:00,15:28:00,6995,4,0,0,1.1328
2600,15:29:00,15:29:00,6957,5,0,0,1.3932
2600,15:30:00,15:30:00,14986,6,0,0,1.8616
2600,15:32:00,15:32:00,6966,7,0,0,2.4350
2600,15:34:00,15:34:00,14984,8,0,0,2.9845
2600,15:36:00,15:36:00,6907,9,0,0,3.4960
2600,15:38:00,15:38:00,26316,10,0,0,4.0411
2601,15:36:00,15:36:00,26326,1,0,0,0.0000
2601,15:37:00,15:37:00,6900,2,0,0,0.4277
2601,15:38:00,15:38:00,6997,3,0,0,0.6081
2601,15:40:00,15:40:00,6995,4,0,0,1.1328
2601,15:41:00,15:41:00,6957,5,0,0,1.3932
2601,15:42:00,15:42:00,14986,6,0,0,1.8616
2601,15:44:00,15:44:00,6966,7,0,0,2.4350
2601,15:46:00,15:46:00,14984,8,0,0,2.9845
2601,15:48:00,15:48:00,6907,9,0,0,3.4960
2601,15:50:00,15:50:00,26316,10,0,0,4.0411
2602,15:47:00,15:47:00,26326,1,0,0,0.0000
2602,15:48:00,15:48:00,6900,2,0,0,0.4277
2602,15:49:00,15:49:00,6997,3,0,0,0.6081
2602,15:51:00,15:51:00,6995,4,0,0,1.1328
2602,15:52:00,15:52:00,6957,5,0,0,1.3932
2602,15:53:00,15:53:00,14986,6,0,0,1.8616
2602,15:55:00,15:55:00,6966,7,0,0,2.4350
2602,15:57:00,15:57:00,14984,8,0,0,2.9845
2602,15:59:00,15:59:00,6907,9,0,0,3.4960
2602,16:01:00,16:01:00,26316,10,0,0,4.0411
2603,15:53:00,15:53:00,26326,1,0,0,0.0000
2603,15:54:00,15:54:00,6900,2,0,0,0.4277
2603,15:55:00,15:55:00,6997,3,0,0,0.6081
2603,15:57:00,15:57:00,6995,4,0,0,1.1328
2603,15:58:00,15:58:00,6957,5,0,0,1.3932
2603,15:59:00,15:59:00,14986,6,0,0,1.8616
2603,16:01:00,16:01:00,6966,7,0,0,2.4350
2603,16:03:00,16:03:00,14984,8,0,0,2.9845
2603,16:05:00,16:05:00,6907,9,0,0,3.4960
2603,16:07:00,16:07:00,26316,10,0,0,4.0411
2604,16:00:00,16:00:00,26326,1,0,0,0.0000
2604,16:01:00,16:01:00,6900,2,0,0,0.4277
2604,16:02:00,16:02:00,6997,3,0,0,0.6081
2604,16:04:00,16:04:00,6995,4,0,0,1.1328
2604,16:05:00,16:05:00,6957,5,0,0,1.3932
2604,16:06:00,16:06:00,14986,6,0,0,1.8616
2604,16:08:00,16:08:00,6966,7,0,0,2.4350
2604,16:10:00,16:10:00,14984,8,0,0,2.9845
2604,16:12:00,16:12:00,6907,9,0,0,3.4960
2604,16:14:00,16:14:00,26316,10,0,0,4.0411
2605,16:07:00,16:07:00,26326,1,0,0,0.0000
2605,16:08:00,16:08:00,6900,2,0,0,0.4277
2605,16:09:00,16:09:00,6997,3,0,0,0.6081
2605,16:11:00,16:11:00,6995,4,0,0,1.1328
2605,16:12:00,16:12:00,6957,5,0,0,1.3932
2605,16:13:00,16:13:00,14986,6,0,0,1.8616
2605,16:15:00,16:15:00,6966,7,0,0,2.4350
2605,16:17:00,16:17:00,14984,8,0,0,2.9845
2605,16:19:00,16:19:00,6907,9,0,0,3.4960
2605,16:21:00,16:21:00,26316,10,0,0,4.0411
2606,16:21:00,16:21:00,26326,1,0,0,0.0000
2606,16:22:00,16:22:00,6900,2,0,0,0.4277
2606,16:23:00,16:23:00,6997,3,0,0,0.6081
2606,16:25:00,16:25:00,6995,4,0,0,1.1328
2606,16:26:00,16:26:00,6957,5,0,0,1.3932
2606,16:27:00,16:27:00,14986,6,0,0,1.8616
2606,16:29:00,16:29:00,6966,7,0,0,2.4350
2606,16:31:00,16:31:00,14984,8,0,0,2.9845
2606,16:33:00,16:33:00,6907,9,0,0,3.4960
2606,16:35:00,16:35:00,26316,10,0,0,4.0411
2607,16:28:00,16:28:00,26326,1,0,0,0.0000
2607,16:29:00,16:29:00,6900,2,0,0,0.4277
2607,16:30:00,16:30:00,6997,3,0,0,0.6081
2607,16:32:00,16:32:00,6995,4,0,0,1.1328
2607,16:33:00,16:33:00,6957,5,0,0,1.3932
2607,16:34:00,16:34:00,14986,6,0,0,1.8616
2607,16:36:00,16:36:00,6966,7,0,0,2.4350
2607,16:38:00,16:38:00,14984,8,0,0,2.9845
2607,16:40:00,16:40:00,6907,9,0,0,3.4960
2607,16:42:00,16:42:00,26316,10,0,0,4.0411
2608,16:35:00,16:35:00,26326,1,0,0,0.0000
2608,16:36:00,16:36:00,6900,2,0,0,0.4277
2608,16:37:00,16:37:00,6997,3,0,0,0.6081
2608,16:39:00,16:39:00,6995,4,0,0,1.1328
2608,16:40:00,16:40:00,6957,5,0,0,1.3932
2608,16:41:00,16:41:00,14986,6,0,0,1.8616
2608,16:43:00,16:43:00,6966,7,0,0,2.4350
2608,16:45:00,16:45:00,14984,8,0,0,2.9845
2608,16:47:00,16:47:00,6907,9,0,0,3.4960
2608,16:49:00,16:49:00,26316,10,0,0,4.0411
2609,16:44:00,16:44:00,26326,1,0,0,0.0000
2609,16:45:00,16:45:00,6900,2,0,0,0.4277
2609,16:46:00,16:46:00,6997,3,0,0,0.6081
2609,16:48:00,16:48:00,6995,4,0,0,1.1328
2609,16:49:00,16:49:00,6957,5,0,0,1.3932
2609,16:50:00,16:50:00,14986,6,0,0,1.8616
2609,16:52:00,16:52:00,6966,7,0,0,2.4350
2609,16:54:00,16:54:00,14984,8,0,0,2.9845
2609,16:56:00,16:56:00,6907,9,0,0,3.4960
2609,16:58:00,16:58:00,26316,10,0,0,4.0411
2610,16:50:00,16:50:00,26326,1,0,0,0.0000
2610,16:51:00,16:51:00,6900,2,0,0,0.4277
2610,16:52:00,16:52:00,6997,3,0,0,0.6081
2610,16:54:00,16:54:00,6995,4,0,0,1.1328
2610,16:55:00,16:55:00,6957,5,0,0,1.3932
2610,16:56:00,16:56:00,14986,6,0,0,1.8616
2610,16:58:00,16:58:00,6966,7,0,0,2.4350
2610,17:00:00,17:00:00,14984,8,0,0,2.9845
2610,17:02:00,17:02:00,6907,9,0,0,3.4960
2610,17:04:00,17:04:00,26316,10,0,0,4.0411
2611,16:55:00,16:55:00,26326,1,0,0,0.0000
2611,16:56:00,16:56:00,6900,2,0,0,0.4277
2611,16:57:00,16:57:00,6997,3,0,0,0.6081
2611,16:59:00,16:59:00,6995,4,0,0,1.1328
2611,17:00:00,17:00:00,6957,5,0,0,1.3932
2611,17:01:00,17:01:00,14986,6,0,0,1.8616
2611,17:03:00,17:03:00,6966,7,0,0,2.4350
2611,17:05:00,17:05:00,14984,8,0,0,2.9845
2611,17:07:00,17:07:00,6907,9,0,0,3.4960
2611,17:09:00,17:09:00,26316,10,0,0,4.0411
2612,17:03:00,17:03:00,26326,1,0,0,0.0000
2612,17:04:00,17:04:00,6900,2,0,0,0.4277
2612,17:05:00,17:05:00,6997,3,0,0,0.6081
2612,17:07:00,17:07:00,6995,4,0,0,1.1328
2612,17:08:00,17:08:00,6957,5,0,0,1.3932
2612,17:09:00,17:09:00,14986,6,0,0,1.8616
2612,17:11:00,17:11:00,6966,7,0,0,2.4350
2612,17:13:00,17:13:00,14984,8,0,0,2.9845
2612,17:15:00,17:15:00,6907,9,0,0,3.4960
2612,17:17:00,17:17:00,26316,10,0,0,4.0411
2613,17:10:00,17:10:00,26326,1,0,0,0.0000
2613,17:11:00,17:11:00,6900,2,0,0,0.4277
2613,17:12:00,17:12:00,6997,3,0,0,0.6081
2613,17:14:00,17:14:00,6995,4,0,0,1.1328
2613,17:15:00,17:15:00,6957,5,0,0,1.3932
2613,17:16:00,17:16:00,14986,6,0,0,1.8616
2613,17:18:00,17:18:00,6966,7,0,0,2.4350
2613,17:20:00,17:20:00,14984,8,0,0,2.9845
2613,17:22:00,17:22:00,6907,9,0,0,3.4960
2613,17:24:00,17:24:00,26316,10,0,0,4.0411
2614,17:17:00,17:17:00,26326,1,0,0,0.0000
2614,17:18:00,17:18:00,6900,2,0,0,0.4277
2614,17:19:00,17:19:00,6997,3,0,0,0.6081
2614,17:21:00,17:21:00,6995,4,0,0,1.1328
2614,17:22:00,17:22:00,6957,5,0,0,1.3932
2614,17:23:00,17:23:00,14986,6,0,0,1.8616
2614,17:25:00,17:25:00,6966,7,0,0,2.4350
2614,17:27:00,17:27:00,14984,8,0,0,2.9845
2614,17:29:00,17:29:00,6907,9,0,0,3.4960
2614,17:31:00,17:31:00,26316,10,0,0,4.0411
2615,17:24:00,17:24:00,26326,1,0,0,0.0000
2615,17:25:00,17:25:00,6900,2,0,0,0.4277
2615,17:26:00,17:26:00,6997,3,0,0,0.6081
2615,17:28:00,17:28:00,6995,4,0,0,1.1328
2615,17:29:00,17:29:00,6957,5,0,0,1.3932
2615,17:30:00,17:30:00,14986,6,0,0,1.8616
2615,17:32:00,17:32:00,6966,7,0,0,2.4350
2615,17:34:00,17:34:00,14984,8,0,0,2.9845
2615,17:36:00,17:36:00,6907,9,0,0,3.4960
2615,17:38:00,17:38:00,26316,10,0,0,4.0411
2616,17:31:00,17:31:00,26326,1,0,0,0.0000
2616,17:32:00,17:32:00,6900,2,0,0,0.4277
2616,17:33:00,17:33:00,6997,3,0,0,0.6081
2616,17:35:00,17:35:00,6995,4,0,0,1.1328
2616,17:36:00,17:36:00,6957,5,0,0,1.3932
2616,17:37:00,17:37:00,14986,6,0,0,1.8616
2616,17:39:00,17:39:00,6966,7,0,0,2.4350
2616,17:41:00,17:41:00,14984,8,0,0,2.9845
2616,17:43:00,17:43:00,6907,9,0,0,3.4960
2616,17:45:00,17:45:00,26316,10,0,0,4.0411
2617,17:38:00,17:38:00,26326,1,0,0,0.0000
2617,17:39:00,17:39:00,6900,2,0,0,0.4277
2617,17:40:00,17:40:00,6997,3,0,0,0.6081
2617,17:42:00,17:42:00,6995,4,0,0,1.1328
2617,17:43:00,17:43:00,6957,5,0,0,1.3932
2617,17:44:00,17:44:00,14986,6,0,0,1.8616
2617,17:46:00,17:46:00,6966,7,0,0,2.4350
2617,17:48:00,17:48:00,14984,8,0,0,2.9845
2617,17:50:00,17:50:00,6907,9,0,0,3.4960
2617,17:52:00,17:52:00,26316,10,0,0,4.0411
2618,17:52:00,17:52:00,26326,1,0,0,0.0000
2618,17:53:00,17:53:00,6900,2,0,0,0.4277
2618,17:54:00,17:54:00,6997,3,0,0,0.6081
2618,17:56:00,17:56:00,6995,4,0,0,1.1328
2618,17:57:00,17:57:00,6957,5,0,0,1.3932
2618,17:58:00,17:58:00,14986,6,0,0,1.8616
2618,18:00:00,18:00:00,6966,7,0,0,2.4350
2618,18:02:00,18:02:00,14984,8,0,0,2.9845
2618,18:04:00,18:04:00,6907,9,0,0,3.4960
2618,18:06:00,18:06:00,26316,10,0,0,4.0411
2619,17:59:00,17:59:00,26326,1,0,0,0.0000
2619,18:00:00,18:00:00,6900,2,0,0,0.4277
2619,18:01:00,18:01:00,6997,3,0,0,0.6081
2619,18:03:00,18:03:00,6995,4,0,0,1.1328
2619,18:04:00,18:04:00,6957,5,0,0,1.3932
2619,18:05:00,18:05:00,14986,6,0,0,1.8616
2619,18:07:00,18:07:00,6966,7,0,0,2.4350
2619,18:09:00,18:09:00,14984,8,0,0,2.9845
2619,18:11:00,18:11:00,6907,9,0,0,3.4960
2619,18:13:00,18:13:00,26316,10,0,0,4.0411
2620,18:06:00,18:06:00,26326,1,0,0,0.0000
2620,18:07:00,18:07:00,6900,2,0,0,0.4277
2620,18:08:00,18:08:00,6997,3,0,0,0.6081
2620,18:10:00,18:10:00,6995,4,0,0,1.1328
2620,18:11:00,18:11:00,6957,5,0,0,1.3932
2620,18:12:00,18:12:00,14986,6,0,0,1.8616
2620,18:14:00,18:14:00,6966,7,0,0,2.4350
2620,18:16:00,18:16:00,14984,8,0,0,2.9845
2620,18:18:00,18:18:00,6907,9,0,0,3.4960
2620,18:20:00,18:20:00,26316,10,0,0,4.0411
2621,18:14:00,18:14:00,26326,1,0,0,0.0000
2621,18:15:00,18:15:00,6900,2,0,0,0.4277
2621,18:16:00,18:16:00,6997,3,0,0,0.6081
2621,18:18:00,18:18:00,6995,4,0,0,1.1328
2621,18:19:00,18:19:00,6957,5,0,0,1.3932
2621,18:20:00,18:20:00,14986,6,0,0,1.8616
2621,18:22:00,18:22:00,6966,7,0,0,2.4350
2621,18:24:00,18:24:00,14984,8,0,0,2.9845
2621,18:26:00,18:26:00,6907,9,0,0,3.4960
2621,18:28:00,18:28:00,26316,10,0,0,4.0411
2622,18:21:00,18:21:00,26326,1,0,0,0.0000
2622,18:22:00,18:22:00,6900,2,0,0,0.4277
2622,18:23:00,18:23:00,6997,3,0,0,0.6081
2622,18:25:00,18:25:00,6995,4,0,0,1.1328
2622,18:26:00,18:26:00,6957,5,0,0,1.3932
2622,18:27:00,18:27:00,14986,6,0,0,1.8616
2622,18:29:00,18:29:00,6966,7,0,0,2.4350
2622,18:31:00,18:31:00,14984,8,0,0,2.9845
2622,18:33:00,18:33:00,6907,9,0,0,3.4960
2622,18:35:00,18:35:00,26316,10,0,0,4.0411
2623,18:26:00,18:26:00,26326,1,0,0,0.0000
2623,18:27:00,18:27:00,6900,2,0,0,0.4277
2623,18:28:00,18:28:00,6997,3,0,0,0.6081
2623,18:30:00,18:30:00,6995,4,0,0,1.1328
2623,18:31:00,18:31:00,6957,5,0,0,1.3932
2623,18:32:00,18:32:00,14986,6,0,0,1.8616
2623,18:34:00,18:34:00,6966,7,0,0,2.4350
2623,18:36:00,18:36:00,14984,8,0,0,2.9845
2623,18:38:00,18:38:00,6907,9,0,0,3.4960
2623,18:40:00,18:40:00,26316,10,0,0,4.0411
2624,18:34:00,18:34:00,26326,1,0,0,0.0000
2624,18:35:00,18:35:00,6900,2,0,0,0.4277
2624,18:36:00,18:36:00,6997,3,0,0,0.6081
2624,18:38:00,18:38:00,6995,4,0,0,1.1328
2624,18:39:00,18:39:00,6957,5,0,0,1.3932
2624,18:40:00,18:40:00,14986,6,0,0,1.8616
2624,18:42:00,18:42:00,6966,7,0,0,2.4350
2624,18:44:00,18:44:00,14984,8,0,0,2.9845
2624,18:46:00,18:46:00,6907,9,0,0,3.4960
2624,18:48:00,18:48:00,26316,10,0,0,4.0411
2625,18:48:00,18:48:00,26326,1,0,0,0.0000
2625,18:49:00,18:49:00,6900,2,0,0,0.4277
2625,18:50:00,18:50:00,6997,3,0,0,0.6081
2625,18:52:00,18:52:00,6995,4,0,0,1.1328
2625,18:53:00,18:53:00,6957,5,0,0,1.3932
2625,18:54:00,18:54:00,14986,6,0,0,1.8616
2625,18:56:00,18:56:00,6966,7,0,0,2.4350
2625,18:58:00,18:58:00,14984,8,0,0,2.9845
2625,19:00:00,19:00:00,6907,9,0,0,3.4960
2625,19:02:00,19:02:00,26316,10,0,0,4.0411
2626,19:06:00,19:06:00,26326,1,0,0,0.0000
2626,19:07:00,19:07:00,6900,2,0,0,0.4277
2626,19:08:00,19:08:00,6997,3,0,0,0.6081
2626,19:10:00,19:10:00,6995,4,0,0,1.1328
2626,19:11:00,19:11:00,6957,5,0,0,1.3932
2626,19:12:00,19:12:00,14986,6,0,0,1.8616
2626,19:14:00,19:14:00,6966,7,0,0,2.4350
2626,19:16:00,19:16:00,14984,8,0,0,2.9845
2626,19:18:00,19:18:00,6907,9,0,0,3.4960
2626,19:20:00,19:20:00,26316,10,0,0,4.0411
2627,19:16:00,19:16:00,26326,1,0,0,0.0000
2627,19:17:00,19:17:00,6900,2,0,0,0.4277
2627,19:18:00,19:18:00,6997,3,0,0,0.6081
2627,19:20:00,19:20:00,6995,4,0,0,1.1328
2627,19:21:00,19:21:00,6957,5,0,0,1.3932
2627,19:22:00,19:22:00,14986,6,0,0,1.8616
2627,19:24:00,19:24:00,6966,7,0,0,2.4350
2627,19:26:00,19:26:00,14984,8,0,0,2.9845
2627,19:28:00,19:28:00,6907,9,0,0,3.4960
2627,19:30:00,19:30:00,26316,10,0,0,4.0411
2628,19:28:00,19:28:00,26326,1,0,0,0.0000
2628,19:29:00,19:29:00,6900,2,0,0,0.4277
2628,19:30:00,19:30:00,6997,3,0,0,0.6081
2628,19:32:00,19:32:00,6995,4,0,0,1.1328
2628,19:33:00,19:33:00,6957,5,0,0,1.3932
2628,19:34:00,19:34:00,14986,6,0,0,1.8616
2628,19:36:00,19:36:00,6966,7,0,0,2.4350
2628,19:38:00,19:38:00,14984,8,0,0,2.9845
2628,19:40:00,19:40:00,6907,9,0,0,3.4960
2628,19:42:00,19:42:00,26316,10,0,0,4.0411
2629,19:56:00,19:56:00,26326,1,0,0,0.0000
2629,19:57:00,19:57:00,6900,2,0,0,0.4277
2629,19:58:00,19:58:00,6997,3,0,0,0.6081
2629,20:00:00,20:00:00,6995,4,0,0,1.1328
2629,20:01:00,20:01:00,6957,5,0,0,1.3932
2629,20:02:00,20:02:00,14986,6,0,0,1.8616
2629,20:04:00,20:04:00,6966,7,0,0,2.4350
2629,20:06:00,20:06:00,14984,8,0,0,2.9845
2629,20:08:00,20:08:00,6907,9,0,0,3.4960
2629,20:10:00,20:10:00,26316,10,0,0,4.0411
2630,05:30:00,05:30:00,39130,1,0,0,0.0000
2630,05:33:00,05:33:00,39132,2,0,0,0.2799
2630,05:36:00,05:36:00,39134,3,0,0,0.7195
2630,05:39:00,05:39:00,42545,4,0,0,1.2129
2631,05:55:00,05:55:00,39130,1,0,0,0.0000
2631,05:58:00,05:58:00,39132,2,0,0,0.2799
2631,06:01:00,06:01:00,39134,3,0,0,0.7195
2631,06:04:00,06:04:00,42545,4,0,0,1.2129
2632,06:20:00,06:20:00,39130,1,0,0,0.0000
2632,06:23:00,06:23:00,39132,2,0,0,0.2799
2632,06:26:00,06:26:00,39134,3,0,0,0.7195
2632,06:29:00,06:29:00,42545,4,0,0,1.2129
2633,06:47:00,06:47:00,39130,1,0,0,0.0000
2633,06:50:00,06:50:00,39132,2,0,0,0.2799
2633,06:53:00,06:53:00,39134,3,0,0,0.7195
2633,06:56:00,06:56:00,42545,4,0,0,1.2129
2634,07:01:00,07:01:00,39130,1,0,0,0.0000
2634,07:04:00,07:04:00,39132,2,0,0,0.2799
2634,07:07:00,07:07:00,39134,3,0,0,0.7195
2634,07:10:00,07:10:00,42545,4,0,0,1.2129
2635,07:16:00,07:16:00,39130,1,0,0,0.0000
2635,07:19:00,07:19:00,39132,2,0,0,0.2799
2635,07:22:00,07:22:00,39134,3,0,0,0.7195
2635,07:25:00,07:25:00,42545,4,0,0,1.2129
2636,07:34:00,07:34:00,39130,1,0,0,0.0000
2636,07:37:00,07:37:00,39132,2,0,0,0.2799
2636,07:40:00,07:40:00,39134,3,0,0,0.7195
2636,07:43:00,07:43:00,42545,4,0,0,1.2129
2637,07:46:00,07:46:00,39130,1,0,0,0.0000
2637,07:49:00,07:49:00,39132,2,0,0,0.2799
2637,07:52:00,07:52:00,39134,3,0,0,0.7195
2637,07:55:00,07:55:00,42545,4,0,0,1.2129
2638,08:03:00,08:03:00,39130,1,0,0,0.0000
2638,08:06:00,08:06:00,39132,2,0,0,0.2799
2638,08:09:00,08:09:00,39134,3,0,0,0.7195
2638,08:12:00,08:12:00,42545,4,0,0,1.2129
2639,08:21:00,08:21:00,39130,1,0,0,0.0000
2639,08:24:00,08:24:00,39132,2,0,0,0.2799
2639,08:27:00,08:27:00,39134,3,0,0,0.7195
2639,08:30:00,08:30:00,42545,4,0,0,1.2129
2640,08:32:00,08:32:00,39130,1,0,0,0.0000
2640,08:35:00,08:35:00,39132,2,0,0,0.2799
2640,08:38:00,08:38:00,39134,3,0,0,0.7195
2640,08:41:00,08:41:00,42545,4,0,0,1.2129
2641,08:48:00,08:48:00,39130,1,0,0,0.0000
2641,08:51:00,08:51:00,39132,2,0,0,0.2799
2641,08:54:00,08:54:00,39134,3,0,0,0.7195
2641,08:57:00,08:57:00,42545,4,0,0,1.2129
2642,09:04:00,09:04:00,39130,1,0,0,0.0000
2642,09:07:00,09:07:00,39132,2,0,0,0.2799
2642,09:10:00,09:10:00,39134,3,0,0,0.7195
2642,09:13:00,09:13:00,42545,4,0,0,1.2129
2643,09:15:00,09:15:00,39130,1,0,0,0.0000
2643,09:18:00,09:18:00,39132,2,0,0,0.2799
2643,09:21:00,09:21:00,39134,3,0,0,0.7195
2643,09:24:00,09:24:00,42545,4,0,0,1.2129
2644,09:32:00,09:32:00,39130,1,0,0,0.0000
2644,09:35:00,09:35:00,39132,2,0,0,0.2799
2644,09:38:00,09:38:00,39134,3,0,0,0.7195
2644,09:41:00,09:41:00,42545,4,0,0,1.2129
2645,09:49:00,09:49:00,39130,1,0,0,0.0000
2645,09:52:00,09:52:00,39132,2,0,0,0.2799
2645,09:55:00,09:55:00,39134,3,0,0,0.7195
2645,09:58:00,09:58:00,42545,4,0,0,1.2129
2646,10:23:00,10:23:00,39130,1,0,0,0.0000
2646,10:26:00,10:26:00,39132,2,0,0,0.2799
2646,10:29:00,10:29:00,39134,3,0,0,0.7195
2646,10:32:00,10:32:00,42545,4,0,0,1.2129
2647,10:51:00,10:51:00,39130,1,0,0,0.0000
2647,10:54:00,10:54:00,39132,2,0,0,0.2799
2647,10:57:00,10:57:00,39134,3,0,0,0.7195
2647,11:00:00,11:00:00,42545,4,0,0,1.2129
2648,11:21:00,11:21:00,39130,1,0,0,0.0000
2648,11:24:00,11:24:00,39132,2,0,0,0.2799
2648,11:27:00,11:27:00,39134,3,0,0,0.7195
2648,11:30:00,11:30:00,42545,4,0,0,1.2129
2649,11:51:00,11:51:00,39130,1,0,0,0.0000
2649,11:54:00,11:54:00,39132,2,0,0,0.2799
2649,11:57:00,11:57:00,39134,3,0,0,0.7195
2649,12:00:00,12:00:00,42545,4,0,0,1.2129
2650,12:21:00,12:21:00,39130,1,0,0,0.0000
2650,12:24:00,12:24:00,39132,2,0,0,0.2799
2650,12:27:00,12:27:00,39134,3,0,0,0.7195
2650,12:30:00,12:30:00,42545,4,0,0,1.2129
2651,12:51:00,12:51:00,39130,1,0,0,0.0000
2651,12:54:00,12:54:00,39132,2,0,0,0.2799
2651,12:57:00,12:57:00,39134,3,0,0,0.7195
2651,13:00:00,13:00:00,42545,4,0,0,1.2129
2652,13:21:00,13:21:00,39130,1,0,0,0.0000
2652,13:24:00,13:24:00,39132,2,0,0,0.2799
2652,13:27:00,13:27:00,39134,3,0,0,0.7195
2652,13:30:00,13:30:00,42545,4,0,0,1.2129
2653,13:51:00,13:51:00,39130,1,0,0,0.0000
2653,13:54:00,13:54:00,39132,2,0,0,0.2799
2653,13:57:00,13:57:00,39134,3,0,0,0.7195
2653,14:00:00,14:00:00,42545,4,0,0,1.2129
2654,14:21:00,14:21:00,39130,1,0,0,0.0000
2654,14:24:00,14:24:00,39132,2,0,0,0.2799
2654,14:27:00,14:27:00,39134,3,0,0,0.7195
2654,14:30:00,14:30:00,42545,4,0,0,1.2129
2655,14:51:00,14:51:00,39130,1,0,0,0.0000
2655,14:54:00,14:54:00,39132,2,0,0,0.2799
2655,14:57:00,14:57:00,39134,3,0,0,0.7195
2655,15:00:00,15:00:00,42545,4,0,0,1.2129
2656,15:16:00,15:16:00,39130,1,0,0,0.0000
2656,15:19:00,15:19:00,39132,2,0,0,0.2799
2656,15:22:00,15:22:00,39134,3,0,0,0.7195
2656,15:25:00,15:25:00,42545,4,0,0,1.2129
2657,15:41:00,15:41:00,39130,1,0,0,0.0000
2657,15:44:00,15:44:00,39132,2,0,0,0.2799
2657,15:47:00,15:47:00,39134,3,0,0,0.7195
2657,15:50:00,15:50:00,42545,4,0,0,1.2129
2658,15:55:00,15:55:00,39130,1,0,0,0.0000
2658,15:58:00,15:58:00,39132,2,0,0,0.2799
2658,16:01:00,16:01:00,39134,3,0,0,0.7195
2658,16:04:00,16:04:00,42545,4,0,0,1.2129
2659,16:10:00,16:10:00,39130,1,0,0,0.0000
2659,16:13:00,16:13:00,39132,2,0,0,0.2799
2659,16:16:00,16:16:00,39134,3,0,0,0.7195
2659,16:19:00,16:19:00,42545,4,0,0,1.2129
2660,16:25:00,16:25:00,39130,1,0,0,0.0000
2660,16:28:00,16:28:00,39132,2,0,0,0.2799
2660,16:31:00,16:31:00,39134,3,0,0,0.7195
2660,16:34:00,16:34:00,42545,4,0,0,1.2129
2661,16:40:00,16:40:00,39130,1,0,0,0.0000
2661,16:43:00,16:43:00,39132,2,0,0,0.2799
2661,16:46:00,16:46:00,39134,3,0,0,0.7195
2661,16:49:00,16:49:00,42545,4,0,0,1.2129
2662,16:54:00,16:54:00,39130,1,0,0,0.0000
2662,16:57:00,16:57:00,39132,2,0,0,0.2799
2662,17:00:00,17:00:00,39134,3,0,0,0.7195
2662,17:03:00,17:03:00,42545,4,0,0,1.2129
2663,17:10:00,17:10:00,39130,1,0,0,0.0000
2663,17:13:00,17:13:00,39132,2,0,0,0.2799
2663,17:16:00,17:16:00,39134,3,0,0,0.7195
2663,17:19:00,17:19:00,42545,4,0,0,1.2129
2664,17:25:00,17:25:00,39130,1,0,0,0.0000
2664,17:28:00,17:28:00,39132,2,0,0,0.2799
2664,17:31:00,17:31:00,39134,3,0,0,0.7195
2664,17:34:00,17:34:00,42545,4,0,0,1.2129
2665,17:40:00,17:40:00,39130,1,0,0,0.0000
2665,17:43:00,17:43:00,39132,2,0,0,0.2799
2665,17:46:00,17:46:00,39134,3,0,0,0.7195
2665,17:49:00,17:49:00,42545,4,0,0,1.2129
2666,17:55:00,17:55:00,39130,1,0,0,0.0000
2666,17:58:00,17:58:00,39132,2,0,0,0.2799
2666,18:01:00,18:01:00,39134,3,0,0,0.7195
2666,18:04:00,18:04:00,42545,4,0,0,1.2129
2667,18:15:00,18:15:00,39130,1,0,0,0.0000
2667,18:18:00,18:18:00,39132,2,0,0,0.2799
2667,18:21:00,18:21:00,39134,3,0,0,0.7195
2667,18:24:00,18:24:00,42545,4,0,0,1.2129
2668,18:30:00,18:30:00,39130,1,0,0,0.0000
2668,18:33:00,18:33:00,39132,2,0,0,0.2799
2668,18:36:00,18:36:00,39134,3,0,0,0.7195
2668,18:39:00,18:39:00,42545,4,0,0,1.2129
2669,18:40:00,18:40:00,39130,1,0,0,0.0000
2669,18:43:00,18:43:00,39132,2,0,0,0.2799
2669,18:46:00,18:46:00,39134,3,0,0,0.7195
2669,18:49:00,18:49:00,42545,4,0,0,1.2129
2670,18:56:00,18:56:00,39130,1,0,0,0.0000
2670,18:59:00,18:59:00,39132,2,0,0,0.2799
2670,19:02:00,19:02:00,39134,3,0,0,0.7195
2670,19:05:00,19:05:00,42545,4,0,0,1.2129
2671,19:09:00,19:09:00,39130,1,0,0,0.0000
2671,19:12:00,19:12:00,39132,2,0,0,0.2799
2671,19:15:00,19:15:00,39134,3,0,0,0.7195
2671,19:18:00,19:18:00,42545,4,0,0,1.2129
2672,19:26:00,19:26:00,39130,1,0,0,0.0000
2672,19:29:00,19:29:00,39132,2,0,0,0.2799
2672,19:32:00,19:32:00,39134,3,0,0,0.7195
2672,19:35:00,19:35:00,42545,4,0,0,1.2129
2673,19:35:00,19:35:00,39130,1,0,0,0.0000
2673,19:38:00,19:38:00,39132,2,0,0,0.2799
2673,19:41:00,19:41:00,39134,3,0,0,0.7195
2673,19:44:00,19:44:00,42545,4,0,0,1.2129
2674,19:52:00,19:52:00,39130,1,0,0,0.0000
2674,19:55:00,19:55:00,39132,2,0,0,0.2799
2674,19:58:00,19:58:00,39134,3,0,0,0.7195
2674,20:01:00,20:01:00,42545,4,0,0,1.2129
2675,20:12:00,20:12:00,39130,1,0,0,0.0000
2675,20:15:00,20:15:00,39132,2,0,0,0.2799
2675,20:18:00,20:18:00,39134,3,0,0,0.7195
2675,20:21:00,20:21:00,42545,4,0,0,1.2129
2676,20:45:00,20:45:00,39130,1,0,0,0.0000
2676,20:48:00,20:48:00,39132,2,0,0,0.2799
2676,20:51:00,20:51:00,39134,3,0,0,0.7195
2676,20:54:00,20:54:00,42545,4,0,0,1.2129
2677,21:15:00,21:15:00,39130,1,0,0,0.0000
2677,21:18:00,21:18:00,39132,2,0,0,0.2799
2677,21:21:00,21:21:00,39134,3,0,0,0.7195
2677,21:24:00,21:24:00,42545,4,0,0,1.2129
2678,21:46:00,21:46:00,39130,1,0,0,0.0000
2678,21:49:00,21:49:00,39132,2,0,0,0.2799
2678,21:52:00,21:52:00,39134,3,0,0,0.7195
2678,21:55:00,21:55:00,42545,4,0,0,1.2129
2679,22:14:00,22:14:00,39130,1,0,0,0.0000
2679,22:17:00,22:17:00,39132,2,0,0,0.2799
2679,22:20:00,22:20:00,39134,3,0,0,0.7195
2679,22:23:00,22:23:00,42545,4,0,0,1.2129
2680,22:46:00,22:46:00,39130,1,0,0,0.0000
2680,22:49:00,22:49:00,39132,2,0,0,0.2799
2680,22:52:00,22:52:00,39134,3,0,0,0.7195
2680,22:55:00,22:55:00,42545,4,0,0,1.2129
2681,23:14:00,23:14:00,39130,1,0,0,0.0000
2681,23:17:00,23:17:00,39132,2,0,0,0.2799
2681,23:20:00,23:20:00,39134,3,0,0,0.7195
2681,23:23:00,23:23:00,42545,4,0,0,1.2129
2682,23:44:00,23:44:00,39130,1,0,0,0.0000
2682,23:47:00,23:47:00,39132,2,0,0,0.2799
2682,23:50:00,23:50:00,39134,3,0,0,0.7195
2682,23:53:00,23:53:00,42545,4,0,0,1.2129
2683,06:05:00,06:05:00,142,1,0,0,0.0000
2683,06:10:00,06:10:00,100,2,0,0,2.6172
2683,06:14:00,06:14:00,118,3,0,0,4.9587
2683,06:18:00,06:18:00,90,4,0,0,6.2155
2683,06:20:00,06:20:00,114,5,0,0,6.9087
2683,06:24:00,06:24:00,62,6,0,0,9.0693
2683,06:27:00,06:27:00,156,7,0,0,9.9848
2683,06:30:00,06:30:00,42,8,0,0,11.1580
2683,06:33:00,06:33:00,111,9,0,0,12.6536
2683,06:37:00,06:37:00,132,10,0,0,13.9625
2683,06:41:00,06:41:00,110,11,0,0,15.6633
2683,06:45:00,06:45:00,5,12,0,0,16.9015
2683,06:48:00,06:48:00,43,13,0,0,18.0485
2683,06:53:00,06:53:00,160,14,0,0,20.8428
2683,07:03:00,07:03:00,38174,15,0,0,27.2042
2683,07:15:00,07:15:00,63,16,0,0,30.7640
2684,07:05:00,07:05:00,142,1,0,0,0.0000
2684,07:10:00,07:10:00,100,2,0,0,2.6172
2684,07:14:00,07:14:00,118,3,0,0,4.9587
2684,07:18:00,07:18:00,90,4,0,0,6.2155
2684,07:20:00,07:20:00,114,5,0,0,6.9087
2684,07:24:00,07:24:00,62,6,0,0,9.0693
2684,07:27:00,07:27:00,156,7,0,0,9.9848
2684,07:30:00,07:30:00,42,8,0,0,11.1580
2684,07:33:00,07:33:00,111,9,0,0,12.6536
2684,07:37:00,07:37:00,132,10,0,0,13.9625
2684,07:41:00,07:41:00,110,11,0,0,15.6633
2684,07:45:00,07:45:00,5,12,0,0,16.9015
2684,07:48:00,07:48:00,43,13,0,0,18.0485
2684,07:53:00,07:53:00,160,14,0,0,20.8428
2684,08:03:00,08:03:00,38174,15,0,0,27.2042
2684,08:15:00,08:15:00,63,16,0,0,30.7640
2685,08:03:00,08:03:00,142,1,0,0,0.0000
2685,08:08:00,08:08:00,100,2,0,0,2.6172
2685,08:13:00,08:13:00,118,3,0,0,4.9587
2685,08:16:00,08:16:00,90,4,0,0,6.2155
2685,08:18:00,08:18:00,114,5,0,0,6.9087
2685,08:22:00,08:22:00,62,6,0,0,9.0693
2685,08:25:00,08:25:00,156,7,0,0,9.9848
2685,08:28:00,08:28:00,42,8,0,0,11.1580
2685,08:32:00,08:32:00,111,9,0,0,12.6536
2685,08:35:00,08:35:00,132,10,0,0,13.9625
2685,08:40:00,08:40:00,110,11,0,0,15.6633
2685,08:47:00,08:47:00,5,12,0,0,16.9015
2685,08:50:00,08:50:00,43,13,0,0,18.0485
2685,08:55:00,08:55:00,160,14,0,0,20.8428
2685,09:05:00,09:05:00,38174,15,0,0,27.2042
2685,09:17:00,09:17:00,63,16,0,0,30.7640
2686,10:03:00,10:03:00,142,1,0,0,0.0000
2686,10:08:00,10:08:00,100,2,0,0,2.6172
2686,10:13:00,10:13:00,118,3,0,0,4.9587
2686,10:16:00,10:16:00,90,4,0,0,6.2155
2686,10:18:00,10:18:00,114,5,0,0,6.9087
2686,10:22:00,10:22:00,62,6,0,0,9.0693
2686,10:25:00,10:25:00,156,7,0,0,9.9848
2686,10:28:00,10:28:00,42,8,0,0,11.1580
2686,10:32:00,10:32:00,111,9,0,0,12.6536
2686,10:35:00,10:35:00,132,10,0,0,13.9625
2686,10:40:00,10:40:00,110,11,0,0,15.6633
2686,10:47:00,10:47:00,5,12,0,0,16.9015
2686,10:50:00,10:50:00,43,13,0,0,18.0485
2686,10:55:00,10:55:00,160,14,0,0,20.8428
2686,11:05:00,11:05:00,38174,15,0,0,27.2042
2686,11:17:00,11:17:00,63,16,0,0,30.7640
2687,12:03:00,12:03:00,142,1,0,0,0.0000
2687,12:08:00,12:08:00,100,2,0,0,2.6172
2687,12:13:00,12:13:00,118,3,0,0,4.9587
2687,12:16:00,12:16:00,90,4,0,0,6.2155
2687,12:18:00,12:18:00,114,5,0,0,6.9087
2687,12:22:00,12:22:00,62,6,0,0,9.0693
2687,12:25:00,12:25:00,156,7,0,0,9.9848
2687,12:28:00,12:28:00,42,8,0,0,11.1580
2687,12:32:00,12:32:00,111,9,0,0,12.6536
2687,12:35:00,12:35:00,132,10,0,0,13.9625
2687,12:40:00,12:40:00,110,11,0,0,15.6633
2687,12:47:00,12:47:00,5,12,0,0,16.9015
2687,12:50:00,12:50:00,43,13,0,0,18.0485
2687,12:55:00,12:55:00,160,14,0,0,20.8428
2687,13:05:00,13:05:00,38174,15,0,0,27.2042
2687,13:17:00,13:17:00,63,16,0,0,30.7640
2688,14:03:00,14:03:00,142,1,0,0,0.0000
2688,14:08:00,14:08:00,100,2,0,0,2.6172
2688,14:13:00,14:13:00,118,3,0,0,4.9587
2688,14:16:00,14:16:00,90,4,0,0,6.2155
2688,14:18:00,14:18:00,114,5,0,0,6.9087
2688,14:22:00,14:22:00,62,6,0,0,9.0693
2688,14:25:00,14:25:00,156,7,0,0,9.9848
2688,14:28:00,14:28:00,42,8,0,0,11.1580
2688,14:32:00,14:32:00,111,9,0,0,12.6536
2688,14:35:00,14:35:00,132,10,0,0,13.9625
2688,14:40:00,14:40:00,110,11,0,0,15.6633
2688,14:47:00,14:47:00,5,12,0,0,16.9015
2688,14:50:00,14:50:00,43,13,0,0,18.0485
2688,14:55:00,14:55:00,160,14,0,0,20.8428
2688,15:05:00,15:05:00,38174,15,0,0,27.2042
2688,15:17:00,15:17:00,63,16,0,0,30.7640
2689,16:08:00,16:08:00,142,1,0,0,0.0000
2689,16:13:00,16:13:00,100,2,0,0,2.6172
2689,16:17:00,16:17:00,118,3,0,0,4.9587
2689,16:21:00,16:21:00,90,4,0,0,6.2155
2689,16:23:00,16:23:00,114,5,0,0,6.9087
2689,16:27:00,16:27:00,62,6,0,0,9.0693
2689,16:30:00,16:30:00,156,7,0,0,9.9848
2689,16:33:00,16:33:00,42,8,0,0,11.1580
2689,16:36:00,16:36:00,111,9,0,0,12.6536
2689,16:40:00,16:40:00,132,10,0,0,13.9625
2689,16:44:00,16:44:00,110,11,0,0,15.6633
2689,16:48:00,16:48:00,5,12,0,0,16.9015
2689,16:51:00,16:51:00,43,13,0,0,18.0485
2689,16:56:00,16:56:00,160,14,0,0,20.8428
2689,17:06:00,17:06:00,38174,15,0,0,27.2042
2689,17:18:00,17:18:00,63,16,0,0,30.7640
2690,18:06:00,18:06:00,142,1,0,0,0.0000
2690,18:11:00,18:11:00,100,2,0,0,2.6172
2690,18:20:00,18:20:00,118,3,0,0,4.9587
2690,18:24:00,18:24:00,90,4,0,0,6.2155
2690,18:26:00,18:26:00,114,5,0,0,6.9087
2690,18:30:00,18:30:00,62,6,0,0,9.0693
2690,18:33:00,18:33:00,156,7,0,0,9.9848
2690,18:36:00,18:36:00,42,8,0,0,11.1580
2690,18:39:00,18:39:00,111,9,0,0,12.6536
2690,18:42:00,18:42:00,132,10,0,0,13.9625
2690,18:47:00,18:47:00,110,11,0,0,15.6633
2690,18:54:00,18:54:00,5,12,0,0,16.9015
2690,18:57:00,18:57:00,43,13,0,0,18.0485
2690,19:02:00,19:02:00,160,14,0,0,20.8428
2690,19:12:00,19:12:00,38174,15,0,0,27.2042
2690,19:24:00,19:24:00,63,16,0,0,30.7640
2691,19:13:00,19:13:00,142,1,0,0,0.0000
2691,19:18:00,19:18:00,100,2,0,0,2.6172
2691,19:26:00,19:26:00,118,3,0,0,4.9587
2691,19:30:00,19:30:00,90,4,0,0,6.2155
2691,19:32:00,19:32:00,114,5,0,0,6.9087
2691,19:36:00,19:36:00,62,6,0,0,9.0693
2691,19:39:00,19:39:00,156,7,0,0,9.9848
2691,19:42:00,19:42:00,42,8,0,0,11.1580
2691,19:45:00,19:45:00,111,9,0,0,12.6536
2691,19:48:00,19:48:00,132,10,0,0,13.9625
2691,19:53:00,19:53:00,110,11,0,0,15.6633
2691,20:00:00,20:00:00,5,12,0,0,16.9015
2691,20:03:00,20:03:00,43,13,0,0,18.0485
2691,20:08:00,20:08:00,160,14,0,0,20.8428
2691,20:19:00,20:19:00,38174,15,0,0,27.2042
2691,20:31:00,20:31:00,63,16,0,0,30.7640
2692,20:11:00,20:11:00,142,1,0,0,0.0000
2692,20:16:00,20:16:00,100,2,0,0,2.6172
2692,20:20:00,20:20:00,118,3,0,0,4.9587
2692,20:23:00,20:23:00,90,4,0,0,6.2155
2692,20:26:00,20:26:00,114,5,0,0,6.9087
2692,20:30:00,20:30:00,62,6,0,0,9.0693
2692,20:32:00,20:32:00,156,7,0,0,9.9848
2692,20:36:00,20:36:00,42,8,0,0,11.1580
2692,20:39:00,20:39:00,111,9,0,0,12.6536
2692,20:43:00,20:43:00,132,10,0,0,13.9625
2692,20:47:00,20:47:00,110,11,0,0,15.6633
2692,20:51:00,20:51:00,5,12,0,0,16.9015
2692,20:54:00,20:54:00,43,13,0,0,18.0485
2692,20:59:00,20:59:00,160,14,0,0,20.8428
2692,21:11:00,21:11:00,38174,15,0,0,27.2042
