1854,07:30:00,07:30:00,37953,4,0,0,12.5354
1854,07:35:00,07:35:00,41,5,0,0,15.3610
1854,07:40:00,07:40:00,70,6,0,0,18.6447
1854,07:44:00,07:44:00,127,7,0,0,20.7032
1854,07:52:00,07:52:00,158,8,0,0,24.4371
1854,07:58:00,07:58:00,119,9,0,0,27.8553
1854,08:02:00,08:02:00,139,10,0,0,29.7294
1854,08:11:00,08:11:00,37169,11,0,0,35.1134
1854,08:15:00,08:15:00,59,12,0,0,36.9008
1854,08:21:00,08:21:00,85,13,0,0,41.3178
1854,08:27:00,08:27:00,130,14,0,0,44.9403
1854,08:31:00,08:31:00,73,15,0,0,47.2877
1854,08:43:00,08:43:00,74,16,0,0,50.8055
1855,09:07:00,09:07:00,105,1,0,0,0.0000
1855,09:16:00,09:16:00,38187,2,0,0,4.9884
1855,09:25:00,09:25:00,107,3,0,0,10.0572
1855,09:30:00,09:30:00,37953,4,0,0,12.5354
1855,09:35:00,09:35:00,41,5,0,0,15.3610
1855,09:40:00,09:40:00,70,6,0,0,18.6447
1855,09:44:00,09:44:00,127,7,0,0,20.7032
1855,09:52:00,09:52:00,158,8,0,0,24.4371
1855,09:58:00,09:58:00,119,9,0,0,27.8553
1855,10:02:00,10:02:00,139,10,0,0,29.7294
1855,10:11:00,10:11:00,37169,11,0,0,35.1134
1855,10:15:00,10:15:00,59,12,0,0,36.9008
1855,10:21:00,10:21:00,85,13,0,0,41.3178
1855,10:27:00,10:27:00,130,14,0,0,44.9403
1855,10:31:00,10:31:00,73,15,0,0,47.2877
1855,10:43:00,10:43:00,74,16,0,0,50.8055
1856,11:07:00,11:07:00,105,1,0,0,0.0000
1856,11:16:00,11:16:00,38187,2,0,0,4.9884
1856,11:25:00,11:25:00,107,3,0,0,10.0572
1856,11:30:00,11:30:00,37953,4,0,0,12.5354
1856,11:35:00,11:35:00,41,5,0,0,15.3610
1856,11:40:00,11:40:00,70,6,0,0,18.6447
1856,11:44:00,11:44:00,127,7,0,0,20.7032
1856,11:52:00,11:52:00,158,8,0,0,24.4371
1856,11:58:00,11:58:00,119,9,0,0,27.8553
1856,12:02:00,12:02:00,139,10,0,0,29.7294
1856,12:11:00,12:11:00,37169,11,0,0,35.1134
1856,12:15:00,12:15:00,59,12,0,0,36.9008
1856,12:21:00,12:21:00,85,13,0,0,41.3178
1856,12:27:00,12:27:00,130,14,0,0,44.9403
1856,12:31:00,12:31:00,73,15,0,0,47.2877
1856,12:43:00,12:43:00,74,16,0,0,50.8055
1857,16:07:00,16:07:00,105,1,0,0,0.0000
1857,16:16:00,16:16:00,38187,2,0,0,4.9884
1857,16:25:00,16:25:00,107,3,0,0,10.0572
1857,16:30:00,16:30:00,37953,4,0,0,12.5354
1857,16:35:00,16:35:00,41,5,0,0,15.3610
1857,16:40:00,16:40:00,70,6,0,0,18.6447
1857,16:44:00,16:44:00,127,7,0,0,20.7032
1857,16:52:00,16:52:00,158,8,0,0,24.4371
1857,16:58:00,16:58:00,119,9,0,0,27.8553
1857,17:02:00,17:02:00,139,10,0,0,29.7294
1857,17:11:00,17:11:00,37169,11,0,0,35.1134
1857,17:15:00,17:15:00,59,12,0,0,36.9008
1857,17:21:00,17:21:00,85,13,0,0,41.3178
1857,17:27:00,17:27:00,130,14,0,0,44.9403
1857,17:31:00,17:31:00,73,15,0,0,47.2877
1857,17:43:00,17:43:00,74,16,0,0,50.8055
1858,17:07:00,17:07:00,105,1,0,0,0.0000
1858,17:16:00,17:16:00,38187,2,0,0,4.9884
1858,17:25:00,17:25:00,107,3,0,0,10.0572
1858,17:30:00,17:30:00,37953,4,0,0,12.5354
1858,17:35:00,17:35:00,41,5,0,0,15.3610
1858,17:40:00,17:40:00,70,6,0,0,18.6447
1858,17:44:00,17:44:00,127,7,0,0,20.7032
1858,17:52:00,17:52:00,158,8,0,0,24.4371
1858,17:58:00,17:58:00,119,9,0,0,27.8553
1858,18:02:00,18:02:00,139,10,0,0,29.7294
1858,18:11:00,18:11:00,37169,11,0,0,35.1134
1858,18:15:00,18:15:00,59,12,0,0,36.9008
1858,18:21:00,18:21:00,85,13,0,0,41.3178
1858,18:27:00,18:27:00,130,14,0,0,44.9403
1858,18:31:00,18:31:00,73,15,0,0,47.2877
1858,18:43:00,18:43:00,74,16,0,0,50.8055
1859,18:07:00,18:07:00,105,1,0,0,0.0000
1859,18:16:00,18:16:00,38187,2,0,0,4.9884
1859,18:25:00,18:25:00,107,3,0,0,10.0572
1859,18:30:00,18:30:00,37953,4,0,0,12.5354
1859,18:35:00,18:35:00,41,5,0,0,15.3610
1859,18:40:00,18:40:00,70,6,0,0,18.6447
1859,18:44:00,18:44:00,127,7,0,0,20.7032
1859,18:52:00,18:52:00,158,8,0,0,24.4371
1859,18:58:00,18:58:00,119,9,0,0,27.8553
1859,19:02:00,19:02:00,139,10,0,0,29.7294
1859,19:11:00,19:11:00,37169,11,0,0,35.1134
1859,19:15:00,19:15:00,59,12,0,0,36.9008
1859,19:21:00,19:21:00,85,13,0,0,41.3178
1859,19:27:00,19:27:00,130,14,0,0,44.9403
1859,19:31:00,19:31:00,73,15,0,0,47.2877
1859,19:43:00,19:43:00,74,16,0,0,50.8055
1860,19:07:00,19:07:00,105,1,0,0,0.0000
1860,19:16:00,19:16:00,38187,2,0,0,4.9884
1860,19:25:00,19:25:00,107,3,0,0,10.0572
1860,19:30:00,19:30:00,37953,4,0,0,12.5354
1860,19:35:00,19:35:00,41,5,0,0,15.3610
1860,19:40:00,19:40:00,70,6,0,0,18.6447
1860,19:44:00,19:44:00,127,7,0,0,20.7032
1860,19:52:00,19:52:00,158,8,0,0,24.4371
1860,19:58:00,19:58:00,119,9,0,0,27.8553
1860,20:02:00,20:02:00,139,10,0,0,29.7294
1860,20:11:00,20:11:00,37169,11,0,0,35.1134
1860,20:15:00,20:15:00,59,12,0,0,36.9008
1860,20:21:00,20:21:00,85,13,0,0,41.3178
1860,20:27:00,20:27:00,130,14,0,0,44.9403
1860,20:31:00,20:31:00,73,15,0,0,47.2877
1860,20:43:00,20:43:00,74,16,0,0,50.8055
1861,20:07:00,20:07:00,105,1,0,0,0.0000
1861,20:16:00,20:16:00,38187,2,0,0,4.9884
1861,20:25:00,20:25:00,107,3,0,0,10.0572
1861,20:30:00,20:30:00,37953,4,0,0,12.5354
1861,20:35:00,20:35:00,41,5,0,0,15.3610
1861,20:40:00,20:40:00,70,6,0,0,18.6447
1861,20:44:00,20:44:00,127,7,0,0,20.7032
1861,20:52:00,20:52:00,158,8,0,0,24.4371
1861,20:58:00,20:58:00,119,9,0,0,27.8553
1861,21:02:00,21:02:00,139,10,0,0,29.7294
1861,21:11:00,21:11:00,37169,11,0,0,35.1134
1861,21:15:00,21:15:00,59,12,0,0,36.9008
1861,21:21:00,21:21:00,85,13,0,0,41.3178
1861,21:27:00,21:27:00,130,14,0,0,44.9403
1861,21:31:00,21:31:00,73,15,0,0,47.2877
1861,21:43:00,21:43:00,74,16,0,0,50.8055
1862,06:07:00,06:07:00,105,1,0,0,0.0000
1862,06:16:00,06:16:00,38187,2,0,0,4.9884
1862,06:25:00,06:25:00,107,3,0,0,10.0572
1862,06:30:00,06:30:00,37953,4,0,0,12.5354
1862,06:34:00,06:34:00,109,5,0,0,14.3854
1862,06:37:00,06:37:00,41,6,0,0,15.3610
1862,06:42:00,06:42:00,70,7,0,0,18.6447
1862,06:46:00,06:46:00,127,8,0,0,20.7032
1862,06:54:00,06:54:00,158,9,0,0,24.4371
1862,07:00:00,07:00:00,119,10,0,0,27.8553
1862,07:04:00,07:04:00,139,11,0,0,29.7294
1862,07:13:00,07:13:00,37169,12,0,0,35.1134
1862,07:17:00,07:17:00,59,13,0,0,36.9008
1862,07:23:00,07:23:00,85,14,0,0,41.3178
1862,07:29:00,07:29:00,130,15,0,0,44.9403
1862,07:33:00,07:33:00,73,16,0,0,47.2877
1862,07:43:00,07:43:00,74,17,0,0,50.8055
1863,08:07:00,08:07:00,105,1,0,0,0.0000
1863,08:16:00,08:16:00,38187,2,0,0,4.9884
1863,08:25:00,08:25:00,107,3,0,0,10.0572
1863,08:30:00,08:30:00,37953,4,0,0,12.5354
1863,08:34:00,08:34:00,109,5,0,0,14.3854
1863,08:37:00,08:37:00,41,6,0,0,15.3610
1863,08:42:00,08:42:00,70,7,0,0,18.6447
1863,08:46:00,08:46:00,127,8,0,0,20.7032
1863,08:54:00,08:54:00,158,9,0,0,24.4371
1863,09:00:00,09:00:00,119,10,0,0,27.8553
1863,09:04:00,09:04:00,139,11,0,0,29.7294
1863,09:13:00,09:13:00,37169,12,0,0,35.1134
1863,09:17:00,09:17:00,59,13,0,0,36.9008
1863,09:23:00,09:23:00,85,14,0,0,41.3178
1863,09:29:00,09:29:00,130,15,0,0,44.9403
1863,09:33:00,09:33:00,73,16,0,0,47.2877
1863,09:43:00,09:43:00,74,17,0,0,50.8055
1864,10:07:00,10:07:00,105,1,0,0,0.0000
1864,10:16:00,10:16:00,38187,2,0,0,4.9884
1864,10:25:00,10:25:00,107,3,0,0,10.0572
1864,10:30:00,10:30:00,37953,4,0,0,12.5354
1864,10:34:00,10:34:00,109,5,0,0,14.3854
1864,10:37:00,10:37:00,41,6,0,0,15.3610
1864,10:42:00,10:42:00,70,7,0,0,18.6447
1864,10:46:00,10:46:00,127,8,0,0,20.7032
1864,10:54:00,10:54:00,158,9,0,0,24.4371
1864,11:00:00,11:00:00,119,10,0,0,27.8553
1864,11:04:00,11:04:00,139,11,0,0,29.7294
1864,11:13:00,11:13:00,37169,12,0,0,35.1134
1864,11:17:00,11:17:00,59,13,0,0,36.9008
1864,11:23:00,11:23:00,85,14,0,0,41.3178
1864,11:29:00,11:29:00,130,15,0,0,44.9403
1864,11:33:00,11:33:00,73,16,0,0,47.2877
1864,11:43:00,11:43:00,74,17,0,0,50.8055
1865,12:07:00,12:07:00,105,1,0,0,0.0000
1865,12:16:00,12:16:00,38187,2,0,0,4.9884
1865,12:25:00,12:25:00,107,3,0,0,10.0572
1865,12:30:00,12:30:00,37953,4,0,0,12.5354
1865,12:34:00,12:34:00,109,5,0,0,14.3854
1865,12:37:00,12:37:00,41,6,0,0,15.3610
1865,12:42:00,12:42:00,70,7,0,0,18.6447
1865,12:46:00,12:46:00,127,8,0,0,20.7032
1865,12:54:00,12:54:00,158,9,0,0,24.4371
1865,13:00:00,13:00:00,119,10,0,0,27.8553
1865,13:04:00,13:04:00,139,11,0,0,29.7294
1865,13:13:00,13:13:00,37169,12,0,0,35.1134
1865,13:17:00,13:17:00,59,13,0,0,36.9008
1865,13:23:00,13:23:00,85,14,0,0,41.3178
1865,13:29:00,13:29:00,130,15,0,0,44.9403
1865,13:33:00,13:33:00,73,16,0,0,47.2877
1865,13:43:00,13:43:00,74,17,0,0,50.8055
1866,13:07:00,13:07:00,105,1,0,0,0.0000
1866,13:16:00,13:16:00,38187,2,0,0,4.9884
1866,13:25:00,13:25:00,107,3,0,0,10.0572
1866,13:30:00,13:30:00,37953,4,0,0,12.5354
1866,13:34:00,13:34:00,109,5,0,0,14.3854
1866,13:37:00,13:37:00,41,6,0,0,15.3610
1866,13:42:00,13:42:00,70,7,0,0,18.6447
1866,13:46:00,13:46:00,127,8,0,0,20.7032
1866,13:54:00,13:54:00,158,9,0,0,24.4371
1866,14:00:00,14:00:00,119,10,0,0,27.8553
1866,14:04:00,14:04:00,139,11,0,0,29.7294
1866,14:13:00,14:13:00,37169,12,0,0,35.1134
1866,14:17:00,14:17:00,59,13,0,0,36.9008
1866,14:23:00,14:23:00,85,14,0,0,41.3178
1866,14:29:00,14:29:00,130,15,0,0,44.9403
1866,14:33:00,14:33:00,73,16,0,0,47.2877
1866,14:43:00,14:43:00,74,17,0,0,50.8055
1867,14:07:00,14:07:00,105,1,0,0,0.0000
1867,14:16:00,14:16:00,38187,2,0,0,4.9884
1867,14:25:00,14:25:00,107,3,0,0,10.0572
1867,14:30:00,14:30:00,37953,4,0,0,12.5354
1867,14:34:00,14:34:00,109,5,0,0,14.3854
1867,14:37:00,14:37:00,41,6,0,0,15.3610
1867,14:42:00,14:42:00,70,7,0,0,18.6447
1867,14:46:00,14:46:00,127,8,0,0,20.7032
1867,14:54:00,14:54:00,158,9,0,0,24.4371
1867,15:00:00,15:00:00,119,10,0,0,27.8553
1867,15:04:00,15:04:00,139,11,0,0,29.7294
1867,15:13:00,15:13:00,37169,12,0,0,35.1134
1867,15:17:00,15:17:00,59,13,0,0,36.9008
1867,15:23:00,15:23:00,85,14,0,0,41.3178
1867,15:29:00,15:29:00,130,15,0,0,44.9403
1867,15:33:00,15:33:00,73,16,0,0,47.2877
1867,15:43:00,15:43:00,74,17,0,0,50.8055
1868,15:07:00,15:07:00,105,1,0,0,0.0000
1868,15:16:00,15:16:00,38187,2,0,0,4.9884
1868,15:25:00,15:25:00,107,3,0,0,10.0572
1868,15:30:00,15:30:00,37953,4,0,0,12.5354
1868,15:34:00,15:34:00,109,5,0,0,14.3854
1868,15:37:00,15:37:00,41,6,0,0,15.3610
1868,15:42:00,15:42:00,70,7,0,0,18.6447
1868,15:46:00,15:46:00,127,8,0,0,20.7032
1868,15:54:00,15:54:00,158,9,0,0,24.4371
1868,16:00:00,16:00:00,119,10,0,0,27.8553
1868,16:04:00,16:04:00,139,11,0,0,29.7294
1868,16:13:00,16:13:00,37169,12,0,0,35.1134
1868,16:17:00,16:17:00,59,13,0,0,36.9008
1868,16:23:00,16:23:00,85,14,0,0,41.3178
1868,16:29:00,16:29:00,130,15,0,0,44.9403
1868,16:33:00,16:33:00,73,16,0,0,47.2877
1868,16:43:00,16:43:00,74,17,0,0,50.8055
1869,21:07:00,21:07:00,105,1,0,0,0.0000
1869,21:16:00,21:16:00,38187,2,0,0,4.9884
1869,21:25:00,21:25:00,107,3,0,0,10.0572
1869,21:30:00,21:30:00,37953,4,0,0,12.5354
1869,21:34:00,21:34:00,109,5,0,0,14.3854
1869,21:37:00,21:37:00,41,6,0,0,15.3610
1869,21:42:00,21:42:00,70,7,0,0,18.6447
1869,21:46:00,21:46:00,127,8,0,0,20.7032
1869,21:54:00,21:54:00,158,9,0,0,24.4371
1869,22:00:00,22:00:00,119,10,0,0,27.8553
1869,22:04:00,22:04:00,139,11,0,0,29.7294
1869,22:13:00,22:13:00,37169,12,0,0,35.1134
1869,22:17:00,22:17:00,59,13,0,0,36.9008
1869,22:23:00,22:23:00,85,14,0,0,41.3178
1869,22:29:00,22:29:00,130,15,0,0,44.9403
1869,22:33:00,22:33:00,73,16,0,0,47.2877
1869,22:43:00,22:43:00,74,17,0,0,50.8055
1870,22:07:00,22:07:00,105,1,0,0,0.0000
1870,22:16:00,22:16:00,38187,2,0,0,4.9884
1870,22:25:00,22:25:00,107,3,0,0,10.0572
1870,22:30:00,22:30:00,37953,4,0,0,12.5354
1870,22:34:00,22:34:00,109,5,0,0,14.3854
1870,22:37:00,22:37:00,41,6,0,0,15.3610
1870,22:42:00,22:42:00,70,7,0,0,18.6447
1870,22:46:00,22:46:00,127,8,0,0,20.7032
1870,22:54:00,22:54:00,158,9,0,0,24.4371
1870,23:00:00,23:00:00,119,10,0,0,27.8553
1870,23:04:00,23:04:00,139,11,0,0,29.7294
1870,23:13:00,23:13:00,37169,12,0,0,35.1134
1870,23:17:00,23:17:00,59,13,0,0,36.9008
1870,23:23:00,23:23:00,85,14,0,0,41.3178
1870,23:29:00,23:29:00,130,15,0,0,44.9403
1870,23:33:00,23:33:00,73,16,0,0,47.2877
1870,23:43:00,23:43:00,74,17,0,0,50.8055
1871,23:07:00,23:07:00,105,1,0,0,0.0000
1871,23:16:00,23:16:00,38187,2,0,0,4.9884
1871,23:25:00,23:25:00,107,3,0,0,10.0572
1871,23:30:00,23:30:00,37953,4,0,0,12.5354
1871,23:34:00,23:34:00,109,5,0,0,14.3854
1871,23:37:00,23:37:00,41,6,0,0,15.3610
1871,23:42:00,23:42:00,70,7,0,0,18.6447
1871,23:46:00,23:46:00,127,8,0,0,20.7032
1871,23:54:00,23:54:00,158,9,0,0,24.4371
1871,24:00:00,24:00:00,119,10,0,0,27.8553
1871,24:04:00,24:04:00,139,11,0,0,29.7294
1871,24:13:00,24:13:00,37169,12,0,0,35.1134
1871,24:17:00,24:17:00,59,13,0,0,36.9008
1871,24:23:00,24:23:00,85,14,0,0,41.3178
1871,24:29:00,24:29:00,130,15,0,0,44.9403
1871,24:33:00,24:33:00,73,16,0,0,47.2877
1871,24:43:00,24:43:00,74,17,0,0,50.8055
1872,15:45:00,15:45:00,105,1,0,0,0.0000
1872,16:01:00,16:01:00,107,2,0,0,10.0572
1872,16:19:00,16:19:00,158,3,0,0,24.4371
1872,16:28:00,16:28:00,139,4,0,0,29.7294
1872,16:37:00,16:37:00,37169,5,0,0,35.1134
1872,16:40:00,16:40:00,59,6,0,0,36.9008
1872,16:47:00,16:47:00,85,7,0,0,41.3178
1872,16:53:00,16:53:00,130,8,0,0,44.9403
1872,16:57:00,16:57:00,73,9,0,0,47.2877
1872,17:07:00,17:07:00,74,10,0,0,50.8055
1873,18:03:00,18:03:00,105,1,0,0,0.0000
1873,18:12:00,18:12:00,38187,2,0,0,4.9884
1873,18:22:00,18:22:00,107,3,0,0,10.0572
1873,18:42:00,18:42:00,158,4,0,0,24.4371
1873,18:51:00,18:51:00,139,5,0,0,29.7294
1873,19:01:00,19:01:00,37169,6,0,0,35.1134
1873,19:05:00,19:05:00,59,7,0,0,36.9008
1873,19:12:00,19:12:00,85,8,0,0,41.3178
1873,19:19:00,19:19:00,130,9,0,0,44.9403
1873,19:23:00,19:23:00,73,10,0,0,47.2877
1873,19:30:00,19:30:00,74,11,0,0,50.8055
1873,19:35:00,19:35:00,40,12,0,0,53.0739
1873,19:39:00,19:39:00,4,13,0,0,55.0900
1873,19:43:00,19:43:00,8,14,0,0,56.6843
1873,19:45:00,19:45:00,22,15,0,0,57.5131
1873,19:50:00,19:50:00,15,16,0,0,59.1699
1873,19:54:00,19:54:00,141,17,0,0,61.2879
1873,19:58:00,19:58:00,79,18,0,0,63.4625
1873,20:04:00,20:04:00,122,19,0,0,65.4178
1873,20:11:00,20:11:00,13,20,0,0,66.4981
1874,17:24:00,17:24:00,105,1,0,0,0.0000
1874,17:42:00,17:42:00,107,2,0,0,10.0572
1874,18:08:00,18:08:00,139,3,0,0,29.7294
1874,18:18:00,18:18:00,37169,4,0,0,35.1134
1874,18:22:00,18:22:00,59,5,0,0,36.9008
1874,18:29:00,18:29:00,85,6,0,0,41.3178
1874,18:35:00,18:35:00,130,7,0,0,44.9403
1874,18:39:00,18:39:00,73,8,0,0,47.2877
1874,18:48:00,18:48:00,74,9,0,0,50.8055
1875,17:34:00,17:34:00,105,1,0,0,0.0000
1875,17:44:00,17:44:00,38187,2,0,0,4.9884
1875,17:54:00,17:54:00,107,3,0,0,10.0572
1875,18:12:00,18:12:00,158,4,0,0,24.4371
1875,18:29:00,18:29:00,37169,5,0,0,35.1134
1875,18:33:00,18:33:00,59,6,0,0,36.9008
1875,18:41:00,18:41:00,85,7,0,0,41.3178
1875,18:47:00,18:47:00,130,8,0,0,44.9403
1875,18:52:00,18:52:00,73,9,0,0,47.2877
1875,19:03:00,19:03:00,74,10,0,0,50.8055
1876,18:29:00,18:29:00,105,1,0,0,0.0000
1876,18:38:00,18:38:00,38187,2,0,0,4.9884
1876,18:47:00,18:47:00,107,3,0,0,10.0572
1876,19:07:00,19:07:00,158,4,0,0,24.4371
1876,19:16:00,19:16:00,139,5,0,0,29.7294
1876,19:25:00,19:25:00,37169,6,0,0,35.1134
1876,19:29:00,19:29:00,59,7,0,0,36.9008
1876,19:36:00,19:36:00,85,8,0,0,41.3178
1876,19:42:00,19:42:00,130,9,0,0,44.9403
1876,19:46:00,19:46:00,73,10,0,0,47.2877
1876,19:57:00,19:57:00,74,11,0,0,50.8055
1877,18:51:00,18:51:00,105,1,0,0,0.0000
1877,19:00:00,19:00:00,38187,2,0,0,4.9884
1877,19:09:00,19:09:00,107,3,0,0,10.0572
1877,19:15:00,19:15:00,37953,4,0,0,12.5354
1877,19:19:00,19:19:00,109,5,0,0,14.3854
1877,19:22:00,19:22:00,41,6,0,0,15.3610
1877,19:27:00,19:27:00,70,7,0,0,18.6447
1877,19:31:00,19:31:00,127,8,0,0,20.7032
1877,19:37:00,19:37:00,11,9,0,0,22.9835
1877,19:40:00,19:40:00,158,10,0,0,24.4371
1877,19:46:00,19:46:00,119,11,0,0,27.8553
1877,19:51:00,19:51:00,139,12,0,0,29.7294
1877,20:02:00,20:02:00,37169,13,0,0,35.1134
1878,15:20:00,15:20:00,105,1,0,0,0.0000
1878,15:30:00,15:30:00,38187,2,0,0,4.9884
1878,15:39:00,15:39:00,107,3,0,0,10.0572
1878,15:45:00,15:45:00,37953,4,0,0,12.5354
1878,15:48:00,15:48:00,109,5,0,0,14.3854
1878,15:51:00,15:51:00,41,6,0,0,15.3610
1878,15:56:00,15:56:00,70,7,0,0,18.6447
1878,16:00:00,16:00:00,127,8,0,0,20.7032
1878,16:05:00,16:05:00,11,9,0,0,22.9835
1878,16:08:00,16:08:00,158,10,0,0,24.4371
1878,16:15:00,16:15:00,119,11,0,0,27.8553
1878,16:22:00,16:22:00,139,12,0,0,29.7294
1879,16:16:00,16:16:00,105,1,0,0,0.0000
1879,16:26:00,16:26:00,38187,2,0,0,4.9884
1879,16:36:00,16:36:00,107,3,0,0,10.0572
1879,16:42:00,16:42:00,37953,4,0,0,12.5354
1879,16:45:00,16:45:00,109,5,0,0,14.3854
1879,16:48:00,16:48:00,41,6,0,0,15.3610
1879,16:53:00,16:53:00,70,7,0,0,18.6447
1879,16:57:00,16:57:00,127,8,0,0,20.7032
1879,17:04:00,17:04:00,11,9,0,0,22.9835
1879,17:07:00,17:07:00,158,10,0,0,24.4371
1879,17:13:00,17:13:00,119,11,0,0,27.8553
1879,17:21:00,17:21:00,139,12,0,0,29.7294
1880,17:03:00,17:03:00,105,1,0,0,0.0000
1880,17:12:00,17:12:00,38187,2,0,0,4.9884
1880,17:21:00,17:21:00,107,3,0,0,10.0572
1880,17:27:00,17:27:00,37953,4,0,0,12.5354
1880,17:30:00,17:30:00,109,5,0,0,14.3854
1880,17:33:00,17:33:00,41,6,0,0,15.3610
1880,17:39:00,17:39:00,70,7,0,0,18.6447
1880,17:43:00,17:43:00,127,8,0,0,20.7032
1880,17:49:00,17:49:00,11,9,0,0,22.9835
1880,17:52:00,17:52:00,158,10,0,0,24.4371
1880,17:58:00,17:58:00,119,11,0,0,27.8553
1880,18:03:00,18:03:00,139,12,0,0,29.7294
1881,17:22:00,17:22:00,105,1,0,0,0.0000
1881,17:32:00,17:32:00,38187,2,0,0,4.9884
1881,17:43:00,17:43:00,107,3,0,0,10.0572
1881,17:48:00,17:48:00,37953,4,0,0,12.5354
1881,17:51:00,17:51:00,109,5,0,0,14.3854
1881,17:54:00,17:54:00,41,6,0,0,15.3610
1881,18:00:00,18:00:00,70,7,0,0,18.6447
1881,18:05:00,18:05:00,127,8,0,0,20.7032
1881,18:13:00,18:13:00,11,9,0,0,22.9835
1881,18:16:00,18:16:00,158,10,0,0,24.4371
1881,18:22:00,18:22:00,119,11,0,0,27.8553
1881,18:29:00,18:29:00,139,12,0,0,29.7294
1882,18:16:00,18:16:00,105,1,0,0,0.0000
1882,18:25:00,18:25:00,38187,2,0,0,4.9884
1882,18:37:00,18:37:00,107,3,0,0,10.0572
1882,18:43:00,18:43:00,37953,4,0,0,12.5354
1882,18:46:00,18:46:00,109,5,0,0,14.3854
1882,18:49:00,18:49:00,41,6,0,0,15.3610
1882,18:56:00,18:56:00,70,7,0,0,18.6447
1882,19:01:00,19:01:00,127,8,0,0,20.7032
1882,19:09:00,19:09:00,11,9,0,0,22.9835
1882,19:12:00,19:12:00,158,10,0,0,24.4371
1882,19:19:00,19:19:00,119,11,0,0,27.8553
1882,19:28:00,19:28:00,139,12,0,0,29.7294
1883,19:08:00,19:08:00,105,1,0,0,0.0000
1883,19:18:00,19:18:00,38187,2,0,0,4.9884
1883,19:27:00,19:27:00,107,3,0,0,10.0572
1883,19:33:00,19:33:00,37953,4,0,0,12.5354
1883,19:49:00,19:49:00,158,5,0,0,24.4371
1883,19:55:00,19:55:00,119,6,0,0,27.8553
1883,20:00:00,20:00:00,139,7,0,0,29.7294
1883,20:08:00,20:08:00,37169,8,0,0,35.1134
1883,20:12:00,20:12:00,59,9,0,0,36.9008
1883,20:19:00,20:19:00,85,10,0,0,41.3178
1883,20:25:00,20:25:00,130,11,0,0,44.9403
1883,20:29:00,20:29:00,73,12,0,0,47.2877
1883,20:40:00,20:40:00,74,13,0,0,50.8055
1884,13:43:00,13:43:00,105,1,0,0,0.0000
1884,13:53:00,13:53:00,38187,2,0,0,4.9884
1884,14:02:00,14:02:00,107,3,0,0,10.0572
1884,14:07:00,14:07:00,37953,4,0,0,12.5354
1884,14:18:00,14:18:00,127,5,0,0,20.7032
1884,14:25:00,14:25:00,158,6,0,0,24.4371
1884,14:32:00,14:32:00,119,7,0,0,27.8553
1884,14:37:00,14:37:00,139,8,0,0,29.7294
1884,14:46:00,14:46:00,37169,9,0,0,35.1134
1884,14:50:00,14:50:00,59,10,0,0,36.9008
1884,14:56:00,14:56:00,85,11,0,0,41.3178
1884,15:02:00,15:02:00,130,12,0,0,44.9403
1884,15:06:00,15:06:00,73,13,0,0,47.2877
1884,15:25:00,15:25:00,74,14,0,0,50.8055
1885,14:46:00,14:46:00,105,1,0,0,0.0000
1885,14:56:00,14:56:00,38187,2,0,0,4.9884
1885,15:05:00,15:05:00,107,3,0,0,10.0572
1885,15:10:00,15:10:00,37953,4,0,0,12.5354
1885,15:21:00,15:21:00,127,5,0,0,20.7032
1885,15:28:00,15:28:00,158,6,0,0,24.4371
1885,15:35:00,15:35:00,119,7,0,0,27.8553
1885,15:40:00,15:40:00,139,8,0,0,29.7294
1885,15:49:00,15:49:00,37169,9,0,0,35.1134
1885,15:53:00,15:53:00,59,10,0,0,36.9008
1885,15:59:00,15:59:00,85,11,0,0,41.3178
1885,16:05:00,16:05:00,130,12,0,0,44.9403
1885,16:09:00,16:09:00,73,13,0,0,47.2877
1885,16:24:00,16:24:00,74,14,0,0,50.8055
1886,20:22:00,20:22:00,105,1,0,0,0.0000
1886,20:31:00,20:31:00,38187,2,0,0,4.9884
1886,20:41:00,20:41:00,107,3,0,0,10.0572
1886,20:54:00,20:54:00,127,4,0,0,20.7032
1886,21:00:00,21:00:00,11,5,0,0,22.9835
1886,21:03:00,21:03:00,158,6,0,0,24.4371
1886,21:09:00,21:09:00,119,7,0,0,27.8553
1886,21:14:00,21:14:00,139,8,0,0,29.7294
1886,21:23:00,21:23:00,37169,9,0,0,35.1134
1886,21:27:00,21:27:00,59,10,0,0,36.9008
1886,21:34:00,21:34:00,85,11,0,0,41.3178
1886,21:40:00,21:40:00,130,12,0,0,44.9403
1886,21:44:00,21:44:00,73,13,0,0,47.2877
1886,21:55:00,21:55:00,74,14,0,0,50.8055
1887,25:01:00,25:01:00,105,1,0,0,0.0000
1887,25:09:00,25:09:00,38187,2,0,0,4.9884
1887,25:17:00,25:17:00,107,3,0,0,10.0572
1887,25:22:00,25:22:00,37953,4,0,0,12.5354
1887,25:27:00,25:27:00,41,5,0,0,15.3610
1887,25:32:00,25:32:00,70,6,0,0,18.6447
1887,25:36:00,25:36:00,127,7,0,0,20.7032
1887,25:43:00,25:43:00,158,8,0,0,24.4371
1887,25:49:00,25:49:00,119,9,0,0,27.8553
1887,25:54:00,25:54:00,139,10,0,0,29.7294
1887,26:03:00,26:03:00,37169,11,0,0,35.1134
1887,26:07:00,26:07:00,59,12,0,0,36.9008
1887,26:13:00,26:13:00,85,13,0,0,41.3178
1887,26:19:00,26:19:00,130,14,0,0,44.9403
1887,26:23:00,26:23:00,73,15,0,0,47.2877
1887,26:39:00,26:39:00,74,16,0,0,50.8055
1888,08:45:00,08:45:00,105,1,0,0,0.0000
1888,08:54:00,08:54:00,38187,2,0,0,4.9884
1888,09:02:00,09:02:00,107,3,0,0,10.0572
1888,09:08:00,09:08:00,37953,4,0,0,12.5354
1888,09:13:00,09:13:00,41,5,0,0,15.3610
1888,09:18:00,09:18:00,70,6,0,0,18.6447
1888,09:22:00,09:22:00,127,7,0,0,20.7032
1888,09:29:00,09:29:00,158,8,0,0,24.4371
1888,09:35:00,09:35:00,119,9,0,0,27.8553
1888,09:39:00,09:39:00,139,10,0,0,29.7294
1888,09:48:00,09:48:00,37169,11,0,0,35.1134
1888,09:52:00,09:52:00,59,12,0,0,36.9008
1888,09:58:00,09:58:00,85,13,0,0,41.3178
1888,10:04:00,10:04:00,130,14,0,0,44.9403
1888,10:08:00,10:08:00,73,15,0,0,47.2877
1888,10:23:00,10:23:00,74,16,0,0,50.8055
1889,09:46:00,09:46:00,105,1,0,0,0.0000
1889,09:55:00,09:55:00,38187,2,0,0,4.9884
1889,10:05:00,10:05:00,107,3,0,0,10.0572
1889,10:10:00,10:10:00,37953,4,0,0,12.5354
1889,10:15:00,10:15:00,41,5,0,0,15.3610
1889,10:21:00,10:21:00,70,6,0,0,18.6447
1889,10:25:00,10:25:00,127,7,0,0,20.7032
1889,10:32:00,10:32:00,158,8,0,0,24.4371
1889,10:39:00,10:39:00,119,9,0,0,27.8553
1889,10:44:00,10:44:00,139,10,0,0,29.7294
1889,10:53:00,10:53:00,37169,11,0,0,35.1134
1889,10:57:00,10:57:00,59,12,0,0,36.9008
1889,11:03:00,11:03:00,85,13,0,0,41.3178
1889,11:09:00,11:09:00,130,14,0,0,44.9403
1889,11:13:00,11:13:00,73,15,0,0,47.2877
1889,11:25:00,11:25:00,74,16,0,0,50.8055
1890,10:41:00,10:41:00,105,1,0,0,0.0000
1890,10:51:00,10:51:00,38187,2,0,0,4.9884
1890,11:00:00,11:00:00,107,3,0,0,10.0572
1890,11:05:00,11:05:00,37953,4,0,0,12.5354
1890,11:10:00,11:10:00,41,5,0,0,15.3610
1890,11:16:00,11:16:00,70,6,0,0,18.6447
1890,11:20:00,11:20:00,127,7,0,0,20.7032
1890,11:27:00,11:27:00,158,8,0,0,24.4371
1890,11:34:00,11:34:00,119,9,0,0,27.8553
1890,11:39:00,11:39:00,139,10,0,0,29.7294
1890,11:48:00,11:48:00,37169,11,0,0,35.1134
1890,11:52:00,11:52:00,59,12,0,0,36.9008
1890,11:58:00,11:58:00,85,13,0,0,41.3178
1890,12:04:00,12:04:00,130,14,0,0,44.9403
1890,12:08:00,12:08:00,73,15,0,0,47.2877
1890,12:23:00,12:23:00,74,16,0,0,50.8055
1891,11:43:00,11:43:00,105,1,0,0,0.0000
1891,11:53:00,11:53:00,38187,2,0,0,4.9884
1891,12:02:00,12:02:00,107,3,0,0,10.0572
1891,12:07:00,12:07:00,37953,4,0,0,12.5354
1891,12:12:00,12:12:00,41,5,0,0,15.3610
1891,12:18:00,12:18:00,70,6,0,0,18.6447
1891,12:22:00,12:22:00,127,7,0,0,20.7032
1891,12:29:00,12:29:00,158,8,0,0,24.4371
1891,12:36:00,12:36:00,119,9,0,0,27.8553
1891,12:41:00,12:41:00,139,10,0,0,29.7294
1891,12:50:00,12:50:00,37169,11,0,0,35.1134
1891,12:54:00,12:54:00,59,12,0,0,36.9008
1891,13:00:00,13:00:00,85,13,0,0,41.3178
1891,13:06:00,13:06:00,130,14,0,0,44.9403
1891,13:10:00,13:10:00,73,15,0,0,47.2877
1891,13:23:00,13:23:00,74,16,0,0,50.8055
1892,12:43:00,12:43:00,105,1,0,0,0.0000
1892,12:53:00,12:53:00,38187,2,0,0,4.9884
1892,13:02:00,13:02:00,107,3,0,0,10.0572
1892,13:07:00,13:07:00,37953,4,0,0,12.5354
1892,13:12:00,13:12:00,41,5,0,0,15.3610
1892,13:18:00,13:18:00,70,6,0,0,18.6447
1892,13:22:00,13:22:00,127,7,0,0,20.7032
1892,13:29:00,13:29:00,158,8,0,0,24.4371
1892,13:36:00,13:36:00,119,9,0,0,27.8553
1892,13:41:00,13:41:00,139,10,0,0,29.7294
1892,13:50:00,13:50:00,37169,11,0,0,35.1134
1892,13:54:00,13:54:00,59,12,0,0,36.9008
1892,14:00:00,14:00:00,85,13,0,0,41.3178
1892,14:06:00,14:06:00,130,14,0,0,44.9403
1892,14:10:00,14:10:00,73,15,0,0,47.2877
1892,14:23:00,14:23:00,74,16,0,0,50.8055
1893,04:30:00,04:30:00,105,1,0,0,0.0000
1893,04:46:00,04:46:00,107,2,0,0,10.0572
1893,04:52:00,04:52:00,37953,3,0,0,12.5354
1893,04:55:00,04:55:00,109,4,0,0,14.3854
1893,04:58:00,04:58:00,41,5,0,0,15.3610
1893,05:03:00,05:03:00,70,6,0,0,18.6447
1893,05:07:00,05:07:00,127,7,0,0,20.7032
1893,05:12:00,05:12:00,11,8,0,0,22.9835
1893,05:15:00,05:15:00,158,9,0,0,24.4371
1893,05:21:00,05:21:00,119,10,0,0,27.8553
1893,05:26:00,05:26:00,139,11,0,0,29.7294
1893,05:34:00,05:34:00,37169,12,0,0,35.1134
1893,05:38:00,05:38:00,59,13,0,0,36.9008
1893,05:44:00,05:44:00,85,14,0,0,41.3178
1893,05:50:00,05:50:00,130,15,0,0,44.9403
1893,05:54:00,05:54:00,73,16,0,0,47.2877
1893,06:05:00,06:05:00,74,17,0,0,50.8055
1894,24:05:00,24:05:00,105,1,0,0,0.0000
1894,24:14:00,24:14:00,38187,2,0,0,4.9884
1894,24:22:00,24:22:00,107,3,0,0,10.0572
1894,24:27:00,24:27:00,37953,4,0,0,12.5354
1894,24:31:00,24:31:00,109,5,0,0,14.3854
1894,24:34:00,24:34:00,41,6,0,0,15.3610
1894,24:39:00,24:39:00,70,7,0,0,18.6447
1894,24:43:00,24:43:00,127,8,0,0,20.7032
1894,24:50:00,24:50:00,158,9,0,0,24.4371
1894,24:56:00,24:56:00,119,10,0,0,27.8553
1894,25:01:00,25:01:00,139,11,0,0,29.7294
1894,25:10:00,25:10:00,37169,12,0,0,35.1134
1894,25:14:00,25:14:00,59,13,0,0,36.9008
1894,25:20:00,25:20:00,85,14,0,0,41.3178
1894,25:26:00,25:26:00,130,15,0,0,44.9403
1894,25:30:00,25:30:00,73,16,0,0,47.2877
1894,25:46:00,25:46:00,74,17,0,0,50.8055
1895,06:20:00,06:20:00,105,1,0,0,0.0000
1895,06:29:00,06:29:00,38187,2,0,0,4.9884
1895,06:37:00,06:37:00,107,3,0,0,10.0572
1895,06:42:00,06:42:00,37953,4,0,0,12.5354
1895,06:45:00,06:45:00,109,5,0,0,14.3854
1895,06:48:00,06:48:00,41,6,0,0,15.3610
1895,06:53:00,06:53:00,70,7,0,0,18.6447
1895,06:57:00,06:57:00,127,8,0,0,20.7032
1895,07:05:00,07:05:00,158,9,0,0,24.4371
1895,07:11:00,07:11:00,119,10,0,0,27.8553
1895,07:15:00,07:15:00,139,11,0,0,29.7294
1895,07:24:00,07:24:00,37169,12,0,0,35.1134
1895,07:27:00,07:27:00,59,13,0,0,36.9008
1895,07:34:00,07:34:00,85,14,0,0,41.3178
1895,07:39:00,07:39:00,130,15,0,0,44.9403
1895,07:43:00,07:43:00,73,16,0,0,47.2877
1895,07:54:00,07:54:00,74,17,0,0,50.8055
1896,07:44:00,07:44:00,105,1,0,0,0.0000
1896,07:53:00,07:53:00,38187,2,0,0,4.9884
1896,08:02:00,08:02:00,107,3,0,0,10.0572
1896,08:08:00,08:08:00,37953,4,0,0,12.5354
1896,08:11:00,08:11:00,109,5,0,0,14.3854
1896,08:14:00,08:14:00,41,6,0,0,15.3610
1896,08:19:00,08:19:00,70,7,0,0,18.6447
1896,08:23:00,08:23:00,127,8,0,0,20.7032
1896,08:30:00,08:30:00,158,9,0,0,24.4371
1896,08:36:00,08:36:00,119,10,0,0,27.8553
1896,08:41:00,08:41:00,139,11,0,0,29.7294
1896,08:49:00,08:49:00,37169,12,0,0,35.1134
1896,08:53:00,08:53:00,59,13,0,0,36.9008
1896,08:59:00,08:59:00,85,14,0,0,41.3178
1896,09:05:00,09:05:00,130,15,0,0,44.9403
1896,09:09:00,09:09:00,73,16,0,0,47.2877
1896,09:23:00,09:23:00,74,17,0,0,50.8055
1897,21:38:00,21:38:00,105,1,0,0,0.0000
1897,21:48:00,21:48:00,38187,2,0,0,4.9884
1897,21:59:00,21:59:00,107,3,0,0,10.0572
1897,22:04:00,22:04:00,37953,4,0,0,12.5354
1897,22:07:00,22:07:00,109,5,0,0,14.3854
1897,22:10:00,22:10:00,41,6,0,0,15.3610
1897,22:16:00,22:16:00,70,7,0,0,18.6447
1897,22:19:00,22:19:00,127,8,0,0,20.7032
1897,22:26:00,22:26:00,158,9,0,0,24.4371
1897,22:32:00,22:32:00,119,10,0,0,27.8553
1897,22:37:00,22:37:00,139,11,0,0,29.7294
1897,22:45:00,22:45:00,37169,12,0,0,35.1134
1897,22:49:00,22:49:00,59,13,0,0,36.9008
1897,22:55:00,22:55:00,85,14,0,0,41.3178
1897,23:01:00,23:01:00,130,15,0,0,44.9403
1897,23:06:00,23:06:00,73,16,0,0,47.2877
1897,23:16:00,23:16:00,74,17,0,0,50.8055
1898,23:18:00,23:18:00,105,1,0,0,0.0000
1898,23:28:00,23:28:00,38187,2,0,0,4.9884
1898,23:36:00,23:36:00,107,3,0,0,10.0572
1898,23:42:00,23:42:00,37953,4,0,0,12.5354
1898,23:45:00,23:45:00,109,5,0,0,14.3854
1898,23:48:00,23:48:00,41,6,0,0,15.3610
1898,23:53:00,23:53:00,70,7,0,0,18.6447
1898,23:57:00,23:57:00,127,8,0,0,20.7032
1898,24:04:00,24:04:00,158,9,0,0,24.4371
1898,24:10:00,24:10:00,119,10,0,0,27.8553
1898,24:14:00,24:14:00,139,11,0,0,29.7294
1898,24:23:00,24:23:00,37169,12,0,0,35.1134
1898,24:27:00,24:27:00,59,13,0,0,36.9008
1898,24:34:00,24:34:00,85,14,0,0,41.3178
1898,24:40:00,24:40:00,130,15,0,0,44.9403
1898,24:44:00,24:44:00,73,16,0,0,47.2877
1898,24:59:00,24:59:00,74,17,0,0,50.8055
1899,05:32:00,05:32:00,105,1,0,0,0.0000
1899,05:42:00,05:42:00,38187,2,0,0,4.9884
1899,05:51:00,05:51:00,107,3,0,0,10.0572
1899,05:56:00,05:56:00,37953,4,0,0,12.5354
1899,05:59:00,05:59:00,109,5,0,0,14.3854
1899,06:02:00,06:02:00,41,6,0,0,15.3610
1899,06:08:00,06:08:00,70,7,0,0,18.6447
1899,06:11:00,06:11:00,127,8,0,0,20.7032
1899,06:17:00,06:17:00,11,9,0,0,22.9835
1899,06:21:00,06:21:00,158,10,0,0,24.4371
1899,06:27:00,06:27:00,119,11,0,0,27.8553
1899,06:31:00,06:31:00,139,12,0,0,29.7294
1899,06:40:00,06:40:00,37169,13,0,0,35.1134
1899,06:44:00,06:44:00,59,14,0,0,36.9008
1899,06:50:00,06:50:00,85,15,0,0,41.3178
1899,06:56:00,06:56:00,130,16,0,0,44.9403
1899,07:00:00,07:00:00,73,17,0,0,47.2877
1899,07:11:00,07:11:00,74,18,0,0,50.8055
1900,07:01:00,07:01:00,105,1,0,0,0.0000
1900,07:10:00,07:10:00,38187,2,0,0,4.9884
1900,07:18:00,07:18:00,107,3,0,0,10.0572
1900,07:23:00,07:23:00,37953,4,0,0,12.5354
1900,07:27:00,07:27:00,109,5,0,0,14.3854
1900,07:30:00,07:30:00,41,6,0,0,15.3610
1900,07:35:00,07:35:00,70,7,0,0,18.6447
1900,07:39:00,07:39:00,127,8,0,0,20.7032
1900,07:45:00,07:45:00,11,9,0,0,22.9835
1900,07:48:00,07:48:00,158,10,0,0,24.4371
1900,07:54:00,07:54:00,119,11,0,0,27.8553
1900,07:59:00,07:59:00,139,12,0,0,29.7294
1900,08:08:00,08:08:00,37169,13,0,0,35.1134
1900,08:12:00,08:12:00,59,14,0,0,36.9008
1900,08:18:00,08:18:00,85,15,0,0,41.3178
1900,08:24:00,08:24:00,130,16,0,0,44.9403
1900,08:28:00,08:28:00,73,17,0,0,47.2877
1900,08:38:00,08:38:00,74,18,0,0,50.8055
1901,17:52:00,17:52:00,105,1,0,0,0.0000
1901,18:02:00,18:02:00,38187,2,0,0,4.9884
1901,18:12:00,18:12:00,107,3,0,0,10.0572
1901,18:19:00,18:19:00,37953,4,0,0,12.5354
1901,18:24:00,18:24:00,109,5,0,0,14.3854
1901,18:27:00,18:27:00,41,6,0,0,15.3610
1901,18:33:00,18:33:00,70,7,0,0,18.6447
1901,18:37:00,18:37:00,127,8,0,0,20.7032
1901,18:43:00,18:43:00,11,9,0,0,22.9835
1901,18:47:00,18:47:00,158,10,0,0,24.4371
1901,18:54:00,18:54:00,119,11,0,0,27.8553
1901,18:58:00,18:58:00,139,12,0,0,29.7294
1901,19:07:00,19:07:00,37169,13,0,0,35.1134
1901,19:11:00,19:11:00,59,14,0,0,36.9008
1901,19:18:00,19:18:00,85,15,0,0,41.3178
1901,19:24:00,19:24:00,130,16,0,0,44.9403
1901,19:28:00,19:28:00,73,17,0,0,47.2877
1901,19:39:00,19:39:00,74,18,0,0,50.8055
1902,19:20:00,19:20:00,105,1,0,0,0.0000
1902,19:29:00,19:29:00,38187,2,0,0,4.9884
1902,19:40:00,19:40:00,107,3,0,0,10.0572
1902,19:46:00,19:46:00,37953,4,0,0,12.5354
1902,19:49:00,19:49:00,109,5,0,0,14.3854
1902,19:52:00,19:52:00,41,6,0,0,15.3610
1902,19:57:00,19:57:00,70,7,0,0,18.6447
1902,20:01:00,20:01:00,127,8,0,0,20.7032
1902,20:07:00,20:07:00,11,9,0,0,22.9835
1902,20:10:00,20:10:00,158,10,0,0,24.4371
1902,20:17:00,20:17:00,119,11,0,0,27.8553
1902,20:21:00,20:21:00,139,12,0,0,29.7294
1902,20:30:00,20:30:00,37169,13,0,0,35.1134
1902,20:33:00,20:33:00,59,14,0,0,36.9008
1902,20:40:00,20:40:00,85,15,0,0,41.3178
1902,20:45:00,20:45:00,130,16,0,0,44.9403
1902,20:49:00,20:49:00,73,17,0,0,47.2877
1902,20:59:00,20:59:00,74,18,0,0,50.8055
1903,20:41:00,20:41:00,105,1,0,0,0.0000
1903,20:51:00,20:51:00,38187,2,0,0,4.9884
1903,21:01:00,21:01:00,107,3,0,0,10.0572
1903,21:06:00,21:06:00,37953,4,0,0,12.5354
1903,21:10:00,21:10:00,109,5,0,0,14.3854
1903,21:13:00,21:13:00,41,6,0,0,15.3610
1903,21:18:00,21:18:00,70,7,0,0,18.6447
1903,21:22:00,21:22:00,127,8,0,0,20.7032
1903,21:28:00,21:28:00,11,9,0,0,22.9835
1903,21:31:00,21:31:00,158,10,0,0,24.4371
1903,21:37:00,21:37:00,119,11,0,0,27.8553
1903,21:42:00,21:42:00,139,12,0,0,29.7294
1903,21:50:00,21:50:00,37169,13,0,0,35.1134
1903,21:54:00,21:54:00,59,14,0,0,36.9008
1903,22:01:00,22:01:00,85,15,0,0,41.3178
1903,22:06:00,22:06:00,130,16,0,0,44.9403
1903,22:10:00,22:10:00,73,17,0,0,47.2877
1903,22:22:00,22:22:00,74,18,0,0,50.8055
1904,22:20:00,22:20:00,105,1,0,0,0.0000
1904,22:30:00,22:30:00,38187,2,0,0,4.9884
1904,22:40:00,22:40:00,107,3,0,0,10.0572
1904,22:45:00,22:45:00,37953,4,0,0,12.5354
1904,22:48:00,22:48:00,109,5,0,0,14.3854
1904,22:51:00,22:51:00,41,6,0,0,15.3610
1904,22:57:00,22:57:00,70,7,0,0,18.6447
1904,23:00:00,23:00:00,127,8,0,0,20.7032
1904,23:06:00,23:06:00,11,9,0,0,22.9835
1904,23:10:00,23:10:00,158,10,0,0,24.4371
1904,23:16:00,23:16:00,119,11,0,0,27.8553
1904,23:21:00,23:21:00,139,12,0,0,29.7294
1904,23:29:00,23:29:00,37169,13,0,0,35.1134
1904,23:33:00,23:33:00,59,14,0,0,36.9008
1904,23:40:00,23:40:00,85,15,0,0,41.3178
1904,23:46:00,23:46:00,130,16,0,0,44.9403
1904,23:50:00,23:50:00,73,17,0,0,47.2877
1904,24:05:00,24:05:00,74,18,0,0,50.8055
1905,17:06:00,17:06:00,105,1,0,0,0.0000
1905,17:24:00,17:24:00,107,2,0,0,10.0572
1905,17:43:00,17:43:00,158,3,0,0,24.4371
1905,17:52:00,17:52:00,139,4,0,0,29.7294
1905,18:01:00,18:01:00,37169,5,0,0,35.1134
1905,18:05:00,18:05:00,59,6,0,0,36.9008
1905,18:12:00,18:12:00,85,7,0,0,41.3178
1905,18:18:00,18:18:00,130,8,0,0,44.9403
1905,18:22:00,18:22:00,73,9,0,0,47.2877
1905,18:29:00,18:29:00,74,10,0,0,50.8055
1905,18:34:00,18:34:00,40,11,0,0,53.0739
1905,18:38:00,18:38:00,4,12,0,0,55.0900
1905,18:42:00,18:42:00,8,13,0,0,56.6843
1905,18:45:00,18:45:00,22,14,0,0,57.5131
1905,18:49:00,18:49:00,15,15,0,0,59.1699
1905,18:53:00,18:53:00,141,16,0,0,61.2879
1905,18:57:00,18:57:00,79,17,0,0,63.4625
1905,19:07:00,19:07:00,122,18,0,0,65.4178
1905,19:10:00,19:10:00,13,19,0,0,66.4981
1906,16:36:00,16:36:00,105,1,0,0,0.0000
1906,16:45:00,16:45:00,38187,2,0,0,4.9884
1906,16:57:00,16:57:00,107,3,0,0,10.0572
1906,17:16:00,17:16:00,158,4,0,0,24.4371
1906,17:22:00,17:22:00,119,5,0,0,27.8553
1906,17:27:00,17:27:00,139,6,0,0,29.7294
1906,17:36:00,17:36:00,37169,7,0,0,35.1134
1906,17:40:00,17:40:00,59,8,0,0,36.9008
1906,17:47:00,17:47:00,85,9,0,0,41.3178
1906,17:53:00,17:53:00,130,10,0,0,44.9403
1906,17:57:00,17:57:00,73,11,0,0,47.2877
1906,18:03:00,18:03:00,74,12,0,0,50.8055
1906,18:08:00,18:08:00,40,13,0,0,53.0739
1906,18:12:00,18:12:00,4,14,0,0,55.0900
1906,18:16:00,18:16:00,8,15,0,0,56.6843
1906,18:19:00,18:19:00,22,16,0,0,57.5131
1906,18:23:00,18:23:00,15,17,0,0,59.1699
1906,18:27:00,18:27:00,141,18,0,0,61.2879
1906,18:31:00,18:31:00,79,19,0,0,63.4625
1906,18:36:00,18:36:00,122,20,0,0,65.4178
1906,18:44:00,18:44:00,13,21,0,0,66.4981
1907,07:32:00,07:32:00,105,1,0,0,0.0000
1907,07:41:00,07:41:00,38187,2,0,0,4.9884
1907,07:49:00,07:49:00,107,3,0,0,10.0572
1907,08:07:00,08:07:00,158,4,0,0,24.4371
1907,08:20:00,08:20:00,139,5,0,0,29.7294
1908,06:47:00,06:47:00,105,1,0,0,0.0000
1908,06:56:00,06:56:00,38187,2,0,0,4.9884
1908,07:04:00,07:04:00,107,3,0,0,10.0572
1908,07:09:00,07:09:00,37953,4,0,0,12.5354
1908,07:24:00,07:24:00,158,5,0,0,24.4371
1908,07:35:00,07:35:00,139,6,0,0,29.7294
1909,05:51:00,05:51:00,105,1,0,0,0.0000
1909,06:00:00,06:00:00,38187,2,0,0,4.9884
1909,06:08:00,06:08:00,107,3,0,0,10.0572
1909,06:13:00,06:13:00,37953,4,0,0,12.5354
1909,06:28:00,06:28:00,158,5,0,0,24.4371
1909,06:35:00,06:35:00,119,6,0,0,27.8553
1909,06:40:00,06:40:00,139,7,0,0,29.7294
1910,05:21:00,05:21:00,13,1,0,0,0.0000
1910,05:25:00,05:25:00,122,2,0,0,1.0807
1910,05:30:00,05:30:00,79,3,0,0,3.0358
1910,05:34:00,05:34:00,141,4,0,0,5.2106
1910,05:38:00,05:38:00,15,5,0,0,7.3288
1910,05:42:00,05:42:00,22,6,0,0,8.9854
1910,05:45:00,05:45:00,8,7,0,0,9.8142
1910,05:49:00,05:49:00,4,8,0,0,11.4081
1910,05:53:00,05:53:00,40,9,0,0,13.4246
1910,06:00:00,06:00:00,74,10,0,0,15.6930
1911,07:21:00,07:21:00,13,1,0,0,0.0000
1911,07:25:00,07:25:00,122,2,0,0,1.0807
1911,07:30:00,07:30:00,79,3,0,0,3.0358
1911,07:34:00,07:34:00,141,4,0,0,5.2106
1911,07:38:00,07:38:00,15,5,0,0,7.3288
1911,07:42:00,07:42:00,22,6,0,0,8.9854
1911,07:45:00,07:45:00,8,7,0,0,9.8142
1911,07:49:00,07:49:00,4,8,0,0,11.4081
1911,07:53:00,07:53:00,40,9,0,0,13.4246
1911,08:00:00,08:00:00,74,10,0,0,15.6930
1912,09:21:00,09:21:00,13,1,0,0,0.0000
1912,09:25:00,09:25:00,122,2,0,0,1.0807
1912,09:30:00,09:30:00,79,3,0,0,3.0358
1912,09:34:00,09:34:00,141,4,0,0,5.2106
1912,09:38:00,09:38:00,15,5,0,0,7.3288
1912,09:42:00,09:42:00,22,6,0,0,8.9854
1912,09:45:00,09:45:00,8,7,0,0,9.8142
1912,09:49:00,09:49:00,4,8,0,0,11.4081
1912,09:53:00,09:53:00,40,9,0,0,13.4246
1912,10:00:00,10:00:00,74,10,0,0,15.6930
1913,11:21:00,11:21:00,13,1,0,0,0.0000
1913,11:25:00,11:25:00,122,2,0,0,1.0807
1913,11:30:00,11:30:00,79,3,0,0,3.0358
1913,11:34:00,11:34:00,141,4,0,0,5.2106
1913,11:38:00,11:38:00,15,5,0,0,7.3288
1913,11:42:00,11:42:00,22,6,0,0,8.9854
1913,11:45:00,11:45:00,8,7,0,0,9.8142
1913,11:49:00,11:49:00,4,8,0,0,11.4081
1913,11:53:00,11:53:00,40,9,0,0,13.4246
1913,12:00:00,12:00:00,74,10,0,0,15.6930
1914,13:19:00,13:19:00,13,1,0,0,0.0000
1914,13:23:00,13:23:00,122,2,0,0,1.0807
1914,13:28:00,13:28:00,79,3,0,0,3.0358
1914,13:32:00,13:32:00,141,4,0,0,5.2106
1914,13:36:00,13:36:00,15,5,0,0,7.3288
1914,13:40:00,13:40:00,22,6,0,0,8.9854
1914,13:43:00,13:43:00,8,7,0,0,9.8142
1914,13:47:00,13:47:00,4,8,0,0,11.4081
1914,13:51:00,13:51:00,40,9,0,0,13.4246
1914,13:58:00,13:58:00,74,10,0,0,15.6930
1915,15:19:00,15:19:00,13,1,0,0,0.0000
1915,15:23:00,15:23:00,122,2,0,0,1.0807
1915,15:28:00,15:28:00,79,3,0,0,3.0358
1915,15:32:00,15:32:00,141,4,0,0,5.2106
1915,15:36:00,15:36:00,15,5,0,0,7.3288
1915,15:40:00,15:40:00,22,6,0,0,8.9854
1915,15:43:00,15:43:00,8,7,0,0,9.8142
1915,15:47:00,15:47:00,4,8,0,0,11.4081
1915,15:51:00,15:51:00,40,9,0,0,13.4246
1915,15:58:00,15:58:00,74,10,0,0,15.6930
1916,17:19:00,17:19:00,13,1,0,0,0.0000
1916,17:23:00,17:23:00,122,2,0,0,1.0807
1916,17:28:00,17:28:00,79,3,0,0,3.0358
1916,17:32:00,17:32:00,141,4,0,0,5.2106
1916,17:36:00,17:36:00,15,5,0,0,7.3288
1916,17:40:00,17:40:00,22,6,0,0,8.9854
1916,17:43:00,17:43:00,8,7,0,0,9.8142
1916,17:47:00,17:47:00,4,8,0,0,11.4081
1916,17:51:00,17:51:00,40,9,0,0,13.4246
1916,17:58:00,17:58:00,74,10,0,0,15.6930
1917,18:19:00,18:19:00,13,1,0,0,0.0000
1917,18:23:00,18:23:00,122,2,0,0,1.0807
1917,18:28:00,18:28:00,79,3,0,0,3.0358
1917,18:32:00,18:32:00,141,4,0,0,5.2106
1917,18:36:00,18:36:00,15,5,0,0,7.3288
1917,18:40:00,18:40:00,22,6,0,0,8.9854
1917,18:43:00,18:43:00,8,7,0,0,9.8142
1917,18:47:00,18:47:00,4,8,0,0,11.4081
1917,18:51:00,18:51:00,40,9,0,0,13.4246
1917,18:58:00,18:58:00,74,10,0,0,15.6930
1918,20:21:00,20:21:00,13,1,0,0,0.0000
1918,20:25:00,20:25:00,122,2,0,0,1.0807
1918,20:30:00,20:30:00,79,3,0,0,3.0358
1918,20:34:00,20:34:00,141,4,0,0,5.2106
1918,20:38:00,20:38:00,15,5,0,0,7.3288
1918,20:42:00,20:42:00,22,6,0,0,8.9854
1918,20:45:00,20:45:00,8,7,0,0,9.8142
1918,20:49:00,20:49:00,4,8,0,0,11.4081
1918,20:53:00,20:53:00,40,9,0,0,13.4246
1918,21:00:00,21:00:00,74,10,0,0,15.6930
1919,21:19:00,21:19:00,13,1,0,0,0.0000
1919,21:23:00,21:23:00,122,2,0,0,1.0807
1919,21:28:00,21:28:00,79,3,0,0,3.0358
1919,21:32:00,21:32:00,141,4,0,0,5.2106
1919,21:36:00,21:36:00,15,5,0,0,7.3288
1919,21:40:00,21:40:00,22,6,0,0,8.9854
1919,21:43:00,21:43:00,8,7,0,0,9.8142
1919,21:47:00,21:47:00,4,8,0,0,11.4081
1919,21:51:00,21:51:00,40,9,0,0,13.4246
1919,21:58:00,21:58:00,74,10,0,0,15.6930
1920,23:35:00,23:35:00,13,1,0,0,0.0000
1920,23:39:00,23:39:00,122,2,0,0,1.0807
1920,23:44:00,23:44:00,79,3,0,0,3.0358
1920,23:48:00,23:48:00,141,4,0,0,5.2106
1920,23:52:00,23:52:00,15,5,0,0,7.3288
1920,23:56:00,23:56:00,22,6,0,0,8.9854
1920,23:59:00,23:59:00,8,7,0,0,9.8142
1920,24:03:00,24:03:00,4,8,0,0,11.4081
1920,24:07:00,24:07:00,40,9,0,0,13.4246
1920,24:14:00,24:14:00,74,10,0,0,15.6930
1921,05:57:00,05:57:00,13,1,0,0,0.0000
1921,06:01:00,06:01:00,122,2,0,0,1.0805
1921,06:06:00,06:06:00,79,3,0,0,3.0358
1921,06:10:00,06:10:00,141,4,0,0,5.2104
1921,06:14:00,06:14:00,15,5,0,0,7.3284
1921,06:17:00,06:17:00,22,6,0,0,8.9854
1921,06:20:00,06:20:00,8,7,0,0,9.8140
1921,06:24:00,06:24:00,4,8,0,0,11.4081
1921,06:28:00,06:28:00,40,9,0,0,13.4246
1921,06:35:00,06:35:00,74,10,0,0,15.6930
1922,06:27:00,06:27:00,13,1,0,0,0.0000
1922,06:31:00,06:31:00,122,2,0,0,1.0805
1922,06:36:00,06:36:00,79,3,0,0,3.0358
1922,06:40:00,06:40:00,141,4,0,0,5.2104
1922,06:44:00,06:44:00,15,5,0,0,7.3284
1922,06:47:00,06:47:00,22,6,0,0,8.9854
1922,06:50:00,06:50:00,8,7,0,0,9.8140
1922,06:54:00,06:54:00,4,8,0,0,11.4081
1922,06:58:00,06:58:00,40,9,0,0,13.4246
1922,07:05:00,07:05:00,74,10,0,0,15.6930
1923,07:47:00,07:47:00,13,1,0,0,0.0000
1923,07:51:00,07:51:00,122,2,0,0,1.0805
1923,07:56:00,07:56:00,79,3,0,0,3.0358
1923,08:00:00,08:00:00,141,4,0,0,5.2104
1923,08:04:00,08:04:00,15,5,0,0,7.3284
1923,08:07:00,08:07:00,22,6,0,0,8.9854
1923,08:10:00,08:10:00,8,7,0,0,9.8140
1923,08:14:00,08:14:00,4,8,0,0,11.4081
1923,08:18:00,08:18:00,40,9,0,0,13.4246
1923,08:24:00,08:24:00,74,10,0,0,15.6930
1924,08:28:00,08:28:00,13,1,0,0,0.0000
1924,08:32:00,08:32:00,122,2,0,0,1.0805
1924,08:37:00,08:37:00,79,3,0,0,3.0358
1924,08:41:00,08:41:00,141,4,0,0,5.2104
1924,08:45:00,08:45:00,15,5,0,0,7.3284
1924,08:49:00,08:49:00,22,6,0,0,8.9854
1924,08:53:00,08:53:00,8,7,0,0,9.8140
1924,08:57:00,08:57:00,4,8,0,0,11.4081
1924,09:01:00,09:01:00,40,9,0,0,13.4246
1924,09:08:00,09:08:00,74,10,0,0,15.6930
1925,10:10:00,10:10:00,13,1,0,0,0.0000
1925,10:14:00,10:14:00,122,2,0,0,1.0805
1925,10:19:00,10:19:00,79,3,0,0,3.0358
