3110,16:21:00,16:21:00,38291,21,0,0,33.5436
3111,15:44:00,15:44:00,38310,1,0,0,0.0000
3111,15:46:00,15:46:00,38309,2,0,0,0.3439
3111,15:48:00,15:48:00,38308,3,0,0,0.7248
3111,15:52:00,15:52:00,38307,4,0,0,1.1496
3111,15:57:00,15:57:00,38306,5,0,0,3.7875
3111,15:59:00,15:59:00,43288,6,0,0,5.3456
3111,16:02:00,16:02:00,38305,7,0,0,6.9223
3111,16:05:00,16:05:00,38304,8,0,0,8.1886
3111,16:07:00,16:07:00,38303,9,0,0,8.6958
3111,16:09:00,16:09:00,38302,10,0,0,9.5699
3111,16:14:00,16:14:00,38301,11,0,0,12.2438
3111,16:16:00,16:16:00,38300,12,0,0,13.0081
3111,16:20:00,16:20:00,38299,13,0,0,15.0919
3111,16:24:00,16:24:00,38298,14,0,0,17.7038
3111,16:26:00,16:26:00,38297,15,0,0,18.2434
3111,16:32:00,16:32:00,38296,16,0,0,21.5411
3111,16:35:00,16:35:00,38295,17,0,0,23.7208
3111,16:40:00,16:40:00,38294,18,0,0,27.5674
3111,16:46:00,16:46:00,38293,19,0,0,32.5973
3111,16:48:00,16:48:00,38292,20,0,0,33.0597
3111,16:51:00,16:51:00,38291,21,0,0,33.5436
3112,16:14:00,16:14:00,38310,1,0,0,0.0000
3112,16:16:00,16:16:00,38309,2,0,0,0.3439
3112,16:18:00,16:18:00,38308,3,0,0,0.7248
3112,16:22:00,16:22:00,38307,4,0,0,1.1496
3112,16:27:00,16:27:00,38306,5,0,0,3.7875
3112,16:29:00,16:29:00,43288,6,0,0,5.3456
3112,16:32:00,16:32:00,38305,7,0,0,6.9223
3112,16:35:00,16:35:00,38304,8,0,0,8.1886
3112,16:37:00,16:37:00,38303,9,0,0,8.6958
3112,16:39:00,16:39:00,38302,10,0,0,9.5699
3112,16:44:00,16:44:00,38301,11,0,0,12.2438
3112,16:46:00,16:46:00,38300,12,0,0,13.0081
3112,16:50:00,16:50:00,38299,13,0,0,15.0919
3112,16:54:00,16:54:00,38298,14,0,0,17.7038
3112,16:56:00,16:56:00,38297,15,0,0,18.2434
3112,17:02:00,17:02:00,38296,16,0,0,21.5411
3112,17:05:00,17:05:00,38295,17,0,0,23.7208
3112,17:10:00,17:10:00,38294,18,0,0,27.5674
3112,17:16:00,17:16:00,38293,19,0,0,32.5973
3112,17:18:00,17:18:00,38292,20,0,0,33.0597
3112,17:21:00,17:21:00,38291,21,0,0,33.5436
3113,16:44:00,16:44:00,38310,1,0,0,0.0000
3113,16:46:00,16:46:00,38309,2,0,0,0.3439
3113,16:48:00,16:48:00,38308,3,0,0,0.7248
3113,16:52:00,16:52:00,38307,4,0,0,1.1496
3113,16:57:00,16:57:00,38306,5,0,0,3.7875
3113,16:59:00,16:59:00,43288,6,0,0,5.3456
3113,17:02:00,17:02:00,38305,7,0,0,6.9223
3113,17:05:00,17:05:00,38304,8,0,0,8.1886
3113,17:07:00,17:07:00,38303,9,0,0,8.6958
3113,17:09:00,17:09:00,38302,10,0,0,9.5699
3113,17:14:00,17:14:00,38301,11,0,0,12.2438
3113,17:16:00,17:16:00,38300,12,0,0,13.0081
3113,17:20:00,17:20:00,38299,13,0,0,15.0919
3113,17:24:00,17:24:00,38298,14,0,0,17.7038
3113,17:26:00,17:26:00,38297,15,0,0,18.2434
3113,17:32:00,17:32:00,38296,16,0,0,21.5411
3113,17:35:00,17:35:00,38295,17,0,0,23.7208
3113,17:40:00,17:40:00,38294,18,0,0,27.5674
3113,17:46:00,17:46:00,38293,19,0,0,32.5973
3113,17:48:00,17:48:00,38292,20,0,0,33.0597
3113,17:51:00,17:51:00,38291,21,0,0,33.5436
3114,17:14:00,17:14:00,38310,1,0,0,0.0000
3114,17:16:00,17:16:00,38309,2,0,0,0.3439
3114,17:18:00,17:18:00,38308,3,0,0,0.7248
3114,17:22:00,17:22:00,38307,4,0,0,1.1496
3114,17:27:00,17:27:00,38306,5,0,0,3.7875
3114,17:29:00,17:29:00,43288,6,0,0,5.3456
3114,17:32:00,17:32:00,38305,7,0,0,6.9223
3114,17:35:00,17:35:00,38304,8,0,0,8.1886
3114,17:37:00,17:37:00,38303,9,0,0,8.6958
3114,17:39:00,17:39:00,38302,10,0,0,9.5699
3114,17:44:00,17:44:00,38301,11,0,0,12.2438
3114,17:46:00,17:46:00,38300,12,0,0,13.0081
3114,17:50:00,17:50:00,38299,13,0,0,15.0919
3114,17:54:00,17:54:00,38298,14,0,0,17.7038
3114,17:56:00,17:56:00,38297,15,0,0,18.2434
3114,18:02:00,18:02:00,38296,16,0,0,21.5411
3114,18:05:00,18:05:00,38295,17,0,0,23.7208
3114,18:10:00,18:10:00,38294,18,0,0,27.5674
3114,18:16:00,18:16:00,38293,19,0,0,32.5973
3114,18:18:00,18:18:00,38292,20,0,0,33.0597
3114,18:21:00,18:21:00,38291,21,0,0,33.5436
3115,17:44:00,17:44:00,38310,1,0,0,0.0000
3115,17:46:00,17:46:00,38309,2,0,0,0.3439
3115,17:48:00,17:48:00,38308,3,0,0,0.7248
3115,17:52:00,17:52:00,38307,4,0,0,1.1496
3115,17:57:00,17:57:00,38306,5,0,0,3.7875
3115,17:59:00,17:59:00,43288,6,0,0,5.3456
3115,18:02:00,18:02:00,38305,7,0,0,6.9223
3115,18:05:00,18:05:00,38304,8,0,0,8.1886
3115,18:07:00,18:07:00,38303,9,0,0,8.6958
3115,18:09:00,18:09:00,38302,10,0,0,9.5699
3115,18:14:00,18:14:00,38301,11,0,0,12.2438
3115,18:16:00,18:16:00,38300,12,0,0,13.0081
3115,18:20:00,18:20:00,38299,13,0,0,15.0919
3115,18:24:00,18:24:00,38298,14,0,0,17.7038
3115,18:26:00,18:26:00,38297,15,0,0,18.2434
3115,18:32:00,18:32:00,38296,16,0,0,21.5411
3115,18:35:00,18:35:00,38295,17,0,0,23.7208
3115,18:40:00,18:40:00,38294,18,0,0,27.5674
3115,18:46:00,18:46:00,38293,19,0,0,32.5973
3115,18:48:00,18:48:00,38292,20,0,0,33.0597
3115,18:51:00,18:51:00,38291,21,0,0,33.5436
3116,18:14:00,18:14:00,38310,1,0,0,0.0000
3116,18:16:00,18:16:00,38309,2,0,0,0.3439
3116,18:18:00,18:18:00,38308,3,0,0,0.7248
3116,18:22:00,18:22:00,38307,4,0,0,1.1496
3116,18:27:00,18:27:00,38306,5,0,0,3.7875
3116,18:29:00,18:29:00,43288,6,0,0,5.3456
3116,18:32:00,18:32:00,38305,7,0,0,6.9223
3116,18:35:00,18:35:00,38304,8,0,0,8.1886
3116,18:37:00,18:37:00,38303,9,0,0,8.6958
3116,18:39:00,18:39:00,38302,10,0,0,9.5699
3116,18:44:00,18:44:00,38301,11,0,0,12.2438
3116,18:46:00,18:46:00,38300,12,0,0,13.0081
3116,18:50:00,18:50:00,38299,13,0,0,15.0919
3116,18:54:00,18:54:00,38298,14,0,0,17.7038
3116,18:56:00,18:56:00,38297,15,0,0,18.2434
3116,19:02:00,19:02:00,38296,16,0,0,21.5411
3116,19:05:00,19:05:00,38295,17,0,0,23.7208
3116,19:10:00,19:10:00,38294,18,0,0,27.5674
3116,19:16:00,19:16:00,38293,19,0,0,32.5973
3116,19:18:00,19:18:00,38292,20,0,0,33.0597
3116,19:21:00,19:21:00,38291,21,0,0,33.5436
3117,18:44:00,18:44:00,38310,1,0,0,0.0000
3117,18:46:00,18:46:00,38309,2,0,0,0.3439
3117,18:48:00,18:48:00,38308,3,0,0,0.7248
3117,18:52:00,18:52:00,38307,4,0,0,1.1496
3117,18:57:00,18:57:00,38306,5,0,0,3.7875
3117,18:59:00,18:59:00,43288,6,0,0,5.3456
3117,19:02:00,19:02:00,38305,7,0,0,6.9223
3117,19:05:00,19:05:00,38304,8,0,0,8.1886
3117,19:07:00,19:07:00,38303,9,0,0,8.6958
3117,19:09:00,19:09:00,38302,10,0,0,9.5699
3117,19:14:00,19:14:00,38301,11,0,0,12.2438
3117,19:16:00,19:16:00,38300,12,0,0,13.0081
3117,19:20:00,19:20:00,38299,13,0,0,15.0919
3117,19:24:00,19:24:00,38298,14,0,0,17.7038
3117,19:26:00,19:26:00,38297,15,0,0,18.2434
3117,19:32:00,19:32:00,38296,16,0,0,21.5411
3117,19:35:00,19:35:00,38295,17,0,0,23.7208
3117,19:40:00,19:40:00,38294,18,0,0,27.5674
3117,19:46:00,19:46:00,38293,19,0,0,32.5973
3117,19:48:00,19:48:00,38292,20,0,0,33.0597
3117,19:51:00,19:51:00,38291,21,0,0,33.5436
3118,19:14:00,19:14:00,38310,1,0,0,0.0000
3118,19:16:00,19:16:00,38309,2,0,0,0.3439
3118,19:18:00,19:18:00,38308,3,0,0,0.7248
3118,19:22:00,19:22:00,38307,4,0,0,1.1496
3118,19:27:00,19:27:00,38306,5,0,0,3.7875
3118,19:29:00,19:29:00,43288,6,0,0,5.3456
3118,19:32:00,19:32:00,38305,7,0,0,6.9223
3118,19:35:00,19:35:00,38304,8,0,0,8.1886
3118,19:37:00,19:37:00,38303,9,0,0,8.6958
3118,19:39:00,19:39:00,38302,10,0,0,9.5699
3118,19:44:00,19:44:00,38301,11,0,0,12.2438
3118,19:46:00,19:46:00,38300,12,0,0,13.0081
3118,19:50:00,19:50:00,38299,13,0,0,15.0919
3118,19:54:00,19:54:00,38298,14,0,0,17.7038
3118,19:56:00,19:56:00,38297,15,0,0,18.2434
3118,20:02:00,20:02:00,38296,16,0,0,21.5411
3118,20:05:00,20:05:00,38295,17,0,0,23.7208
3118,20:10:00,20:10:00,38294,18,0,0,27.5674
3118,20:16:00,20:16:00,38293,19,0,0,32.5973
3118,20:18:00,20:18:00,38292,20,0,0,33.0597
3118,20:21:00,20:21:00,38291,21,0,0,33.5436
3119,19:44:00,19:44:00,38310,1,0,0,0.0000
3119,19:46:00,19:46:00,38309,2,0,0,0.3439
3119,19:48:00,19:48:00,38308,3,0,0,0.7248
3119,19:52:00,19:52:00,38307,4,0,0,1.1496
3119,19:57:00,19:57:00,38306,5,0,0,3.7875
3119,19:59:00,19:59:00,43288,6,0,0,5.3456
3119,20:02:00,20:02:00,38305,7,0,0,6.9223
3119,20:05:00,20:05:00,38304,8,0,0,8.1886
3119,20:07:00,20:07:00,38303,9,0,0,8.6958
3119,20:09:00,20:09:00,38302,10,0,0,9.5699
3119,20:14:00,20:14:00,38301,11,0,0,12.2438
3119,20:16:00,20:16:00,38300,12,0,0,13.0081
3119,20:20:00,20:20:00,38299,13,0,0,15.0919
3119,20:24:00,20:24:00,38298,14,0,0,17.7038
3119,20:26:00,20:26:00,38297,15,0,0,18.2434
3119,20:32:00,20:32:00,38296,16,0,0,21.5411
3119,20:35:00,20:35:00,38295,17,0,0,23.7208
3119,20:40:00,20:40:00,38294,18,0,0,27.5674
3119,20:46:00,20:46:00,38293,19,0,0,32.5973
3119,20:48:00,20:48:00,38292,20,0,0,33.0597
3119,20:51:00,20:51:00,38291,21,0,0,33.5436
3120,20:14:00,20:14:00,38310,1,0,0,0.0000
3120,20:16:00,20:16:00,38309,2,0,0,0.3439
3120,20:18:00,20:18:00,38308,3,0,0,0.7248
3120,20:22:00,20:22:00,38307,4,0,0,1.1496
3120,20:27:00,20:27:00,38306,5,0,0,3.7875
3120,20:29:00,20:29:00,43288,6,0,0,5.3456
3120,20:32:00,20:32:00,38305,7,0,0,6.9223
3120,20:35:00,20:35:00,38304,8,0,0,8.1886
3120,20:37:00,20:37:00,38303,9,0,0,8.6958
3120,20:39:00,20:39:00,38302,10,0,0,9.5699
3120,20:44:00,20:44:00,38301,11,0,0,12.2438
3120,20:46:00,20:46:00,38300,12,0,0,13.0081
3120,20:50:00,20:50:00,38299,13,0,0,15.0919
3120,20:54:00,20:54:00,38298,14,0,0,17.7038
3120,20:56:00,20:56:00,38297,15,0,0,18.2434
3120,21:02:00,21:02:00,38296,16,0,0,21.5411
3120,21:05:00,21:05:00,38295,17,0,0,23.7208
3120,21:10:00,21:10:00,38294,18,0,0,27.5674
3120,21:16:00,21:16:00,38293,19,0,0,32.5973
3120,21:18:00,21:18:00,38292,20,0,0,33.0597
3120,21:21:00,21:21:00,38291,21,0,0,33.5436
3121,20:59:00,20:59:00,38310,1,0,0,0.0000
3121,21:01:00,21:01:00,38309,2,0,0,0.3439
3121,21:03:00,21:03:00,38308,3,0,0,0.7248
3121,21:07:00,21:07:00,38307,4,0,0,1.1496
3121,21:12:00,21:12:00,38306,5,0,0,3.7875
3121,21:14:00,21:14:00,43288,6,0,0,5.3456
3121,21:17:00,21:17:00,38305,7,0,0,6.9223
3121,21:20:00,21:20:00,38304,8,0,0,8.1886
3121,21:22:00,21:22:00,38303,9,0,0,8.6958
3121,21:24:00,21:24:00,38302,10,0,0,9.5699
3121,21:29:00,21:29:00,38301,11,0,0,12.2438
3121,21:31:00,21:31:00,38300,12,0,0,13.0081
3121,21:35:00,21:35:00,38299,13,0,0,15.0919
3121,21:39:00,21:39:00,38298,14,0,0,17.7038
3121,21:41:00,21:41:00,38297,15,0,0,18.2434
3121,21:47:00,21:47:00,38296,16,0,0,21.5411
3121,21:50:00,21:50:00,38295,17,0,0,23.7208
3121,21:55:00,21:55:00,38294,18,0,0,27.5674
3121,22:01:00,22:01:00,38293,19,0,0,32.5973
3121,22:03:00,22:03:00,38292,20,0,0,33.0597
3121,22:06:00,22:06:00,38291,21,0,0,33.5436
3122,21:29:00,21:29:00,38310,1,0,0,0.0000
3122,21:31:00,21:31:00,38309,2,0,0,0.3439
3122,21:33:00,21:33:00,38308,3,0,0,0.7248
3122,21:37:00,21:37:00,38307,4,0,0,1.1496
3122,21:42:00,21:42:00,38306,5,0,0,3.7875
3122,21:44:00,21:44:00,43288,6,0,0,5.3456
3122,21:47:00,21:47:00,38305,7,0,0,6.9223
3123,05:45:00,05:45:00,38291,1,0,0,0.0000
3123,05:47:00,05:47:00,38292,2,0,0,0.4892
3123,05:49:00,05:49:00,38293,3,0,0,0.9515
3123,05:56:00,05:56:00,38294,4,0,0,5.9814
3123,06:01:00,06:01:00,38295,5,0,0,9.8280
3123,06:04:00,06:04:00,38296,6,0,0,12.0078
3123,06:09:00,06:09:00,38297,7,0,0,15.3055
3123,06:11:00,06:11:00,38298,8,0,0,15.8451
3123,06:15:00,06:15:00,38299,9,0,0,18.4570
3123,06:19:00,06:19:00,38300,10,0,0,20.5407
3123,06:21:00,06:21:00,38301,11,0,0,21.3051
3123,06:26:00,06:26:00,38302,12,0,0,23.9790
3123,06:28:00,06:28:00,38303,13,0,0,24.8530
3123,06:30:00,06:30:00,38304,14,0,0,25.3602
3123,06:33:00,06:33:00,38305,15,0,0,26.6244
3123,06:35:00,06:35:00,43288,16,0,0,28.1941
3123,06:39:00,06:39:00,38306,17,0,0,29.7492
3123,06:44:00,06:44:00,38307,18,0,0,32.3871
3123,06:47:00,06:47:00,38308,19,0,0,32.8119
3123,06:49:00,06:49:00,38309,20,0,0,33.1928
3123,06:52:00,06:52:00,38310,21,0,0,33.5335
3124,05:57:00,05:57:00,38291,1,0,0,0.0000
3124,05:59:00,05:59:00,38292,2,0,0,0.4892
3124,06:01:00,06:01:00,38293,3,0,0,0.9515
3124,06:08:00,06:08:00,38294,4,0,0,5.9814
3124,06:13:00,06:13:00,38295,5,0,0,9.8280
3124,06:16:00,06:16:00,38296,6,0,0,12.0078
3124,06:21:00,06:21:00,38297,7,0,0,15.3055
3124,06:23:00,06:23:00,38298,8,0,0,15.8451
3124,06:27:00,06:27:00,38299,9,0,0,18.4570
3124,06:31:00,06:31:00,38300,10,0,0,20.5407
3124,06:33:00,06:33:00,38301,11,0,0,21.3051
3124,06:38:00,06:38:00,38302,12,0,0,23.9790
3124,06:40:00,06:40:00,38303,13,0,0,24.8530
3124,06:42:00,06:42:00,38304,14,0,0,25.3602
3124,06:45:00,06:45:00,38305,15,0,0,26.6244
3124,06:47:00,06:47:00,43288,16,0,0,28.1941
3124,06:51:00,06:51:00,38306,17,0,0,29.7492
3124,06:56:00,06:56:00,38307,18,0,0,32.3871
3124,06:59:00,06:59:00,38308,19,0,0,32.8119
3124,07:01:00,07:01:00,38309,20,0,0,33.1928
3124,07:04:00,07:04:00,38310,21,0,0,33.5335
3125,06:12:00,06:12:00,38291,1,0,0,0.0000
3125,06:14:00,06:14:00,38292,2,0,0,0.4892
3125,06:16:00,06:16:00,38293,3,0,0,0.9515
3125,06:23:00,06:23:00,38294,4,0,0,5.9814
3125,06:28:00,06:28:00,38295,5,0,0,9.8280
3125,06:31:00,06:31:00,38296,6,0,0,12.0078
3125,06:36:00,06:36:00,38297,7,0,0,15.3055
3125,06:38:00,06:38:00,38298,8,0,0,15.8451
3125,06:42:00,06:42:00,38299,9,0,0,18.4570
3125,06:46:00,06:46:00,38300,10,0,0,20.5407
3125,06:48:00,06:48:00,38301,11,0,0,21.3051
3125,06:53:00,06:53:00,38302,12,0,0,23.9790
3125,06:55:00,06:55:00,38303,13,0,0,24.8530
3125,06:57:00,06:57:00,38304,14,0,0,25.3602
3125,07:00:00,07:00:00,38305,15,0,0,26.6244
3125,07:02:00,07:02:00,43288,16,0,0,28.1941
3125,07:06:00,07:06:00,38306,17,0,0,29.7492
3125,07:11:00,07:11:00,38307,18,0,0,32.3871
3125,07:14:00,07:14:00,38308,19,0,0,32.8119
3125,07:16:00,07:16:00,38309,20,0,0,33.1928
3125,07:19:00,07:19:00,38310,21,0,0,33.5335
3126,06:27:00,06:27:00,38291,1,0,0,0.0000
3126,06:29:00,06:29:00,38292,2,0,0,0.4892
3126,06:31:00,06:31:00,38293,3,0,0,0.9515
3126,06:38:00,06:38:00,38294,4,0,0,5.9814
3126,06:43:00,06:43:00,38295,5,0,0,9.8280
3126,06:46:00,06:46:00,38296,6,0,0,12.0078
3126,06:51:00,06:51:00,38297,7,0,0,15.3055
3126,06:53:00,06:53:00,38298,8,0,0,15.8451
3126,06:57:00,06:57:00,38299,9,0,0,18.4570
3126,07:01:00,07:01:00,38300,10,0,0,20.5407
3126,07:03:00,07:03:00,38301,11,0,0,21.3051
3126,07:08:00,07:08:00,38302,12,0,0,23.9790
3126,07:10:00,07:10:00,38303,13,0,0,24.8530
3126,07:12:00,07:12:00,38304,14,0,0,25.3602
3126,07:15:00,07:15:00,38305,15,0,0,26.6244
3126,07:17:00,07:17:00,43288,16,0,0,28.1941
3126,07:21:00,07:21:00,38306,17,0,0,29.7492
3126,07:26:00,07:26:00,38307,18,0,0,32.3871
3126,07:29:00,07:29:00,38308,19,0,0,32.8119
3126,07:31:00,07:31:00,38309,20,0,0,33.1928
3126,07:34:00,07:34:00,38310,21,0,0,33.5335
3127,06:42:00,06:42:00,38291,1,0,0,0.0000
3127,06:44:00,06:44:00,38292,2,0,0,0.4892
3127,06:46:00,06:46:00,38293,3,0,0,0.9515
3127,06:53:00,06:53:00,38294,4,0,0,5.9814
3127,06:58:00,06:58:00,38295,5,0,0,9.8280
3127,07:01:00,07:01:00,38296,6,0,0,12.0078
3127,07:06:00,07:06:00,38297,7,0,0,15.3055
3127,07:08:00,07:08:00,38298,8,0,0,15.8451
3127,07:12:00,07:12:00,38299,9,0,0,18.4570
3127,07:16:00,07:16:00,38300,10,0,0,20.5407
3127,07:18:00,07:18:00,38301,11,0,0,21.3051
3127,07:23:00,07:23:00,38302,12,0,0,23.9790
3127,07:25:00,07:25:00,38303,13,0,0,24.8530
3127,07:27:00,07:27:00,38304,14,0,0,25.3602
3127,07:30:00,07:30:00,38305,15,0,0,26.6244
3127,07:32:00,07:32:00,43288,16,0,0,28.1941
3127,07:36:00,07:36:00,38306,17,0,0,29.7492
3127,07:41:00,07:41:00,38307,18,0,0,32.3871
3127,07:44:00,07:44:00,38308,19,0,0,32.8119
3127,07:46:00,07:46:00,38309,20,0,0,33.1928
3127,07:49:00,07:49:00,38310,21,0,0,33.5335
3128,06:57:00,06:57:00,38291,1,0,0,0.0000
3128,06:59:00,06:59:00,38292,2,0,0,0.4892
3128,07:01:00,07:01:00,38293,3,0,0,0.9515
3128,07:08:00,07:08:00,38294,4,0,0,5.9814
3128,07:13:00,07:13:00,38295,5,0,0,9.8280
3128,07:16:00,07:16:00,38296,6,0,0,12.0078
3128,07:21:00,07:21:00,38297,7,0,0,15.3055
3128,07:23:00,07:23:00,38298,8,0,0,15.8451
3128,07:27:00,07:27:00,38299,9,0,0,18.4570
3128,07:31:00,07:31:00,38300,10,0,0,20.5407
3128,07:33:00,07:33:00,38301,11,0,0,21.3051
3128,07:38:00,07:38:00,38302,12,0,0,23.9790
3128,07:40:00,07:40:00,38303,13,0,0,24.8530
3128,07:42:00,07:42:00,38304,14,0,0,25.3602
3128,07:45:00,07:45:00,38305,15,0,0,26.6244
3128,07:47:00,07:47:00,43288,16,0,0,28.1941
3128,07:51:00,07:51:00,38306,17,0,0,29.7492
3128,07:56:00,07:56:00,38307,18,0,0,32.3871
3128,07:59:00,07:59:00,38308,19,0,0,32.8119
3128,08:01:00,08:01:00,38309,20,0,0,33.1928
3128,08:04:00,08:04:00,38310,21,0,0,33.5335
3129,07:12:00,07:12:00,38291,1,0,0,0.0000
3129,07:14:00,07:14:00,38292,2,0,0,0.4892
3129,07:16:00,07:16:00,38293,3,0,0,0.9515
3129,07:23:00,07:23:00,38294,4,0,0,5.9814
3129,07:28:00,07:28:00,38295,5,0,0,9.8280
3129,07:31:00,07:31:00,38296,6,0,0,12.0078
3129,07:36:00,07:36:00,38297,7,0,0,15.3055
3129,07:38:00,07:38:00,38298,8,0,0,15.8451
3129,07:42:00,07:42:00,38299,9,0,0,18.4570
3129,07:46:00,07:46:00,38300,10,0,0,20.5407
3129,07:48:00,07:48:00,38301,11,0,0,21.3051
3129,07:53:00,07:53:00,38302,12,0,0,23.9790
3129,07:55:00,07:55:00,38303,13,0,0,24.8530
3129,07:57:00,07:57:00,38304,14,0,0,25.3602
3129,08:00:00,08:00:00,38305,15,0,0,26.6244
3129,08:02:00,08:02:00,43288,16,0,0,28.1941
3129,08:06:00,08:06:00,38306,17,0,0,29.7492
3129,08:11:00,08:11:00,38307,18,0,0,32.3871
3129,08:14:00,08:14:00,38308,19,0,0,32.8119
3129,08:16:00,08:16:00,38309,20,0,0,33.1928
3129,08:19:00,08:19:00,38310,21,0,0,33.5335
3130,07:27:00,07:27:00,38291,1,0,0,0.0000
3130,07:29:00,07:29:00,38292,2,0,0,0.4892
3130,07:31:00,07:31:00,38293,3,0,0,0.9515
3130,07:38:00,07:38:00,38294,4,0,0,5.9814
3130,07:43:00,07:43:00,38295,5,0,0,9.8280
3130,07:46:00,07:46:00,38296,6,0,0,12.0078
3130,07:51:00,07:51:00,38297,7,0,0,15.3055
3130,07:53:00,07:53:00,38298,8,0,0,15.8451
3130,07:57:00,07:57:00,38299,9,0,0,18.4570
3130,08:01:00,08:01:00,38300,10,0,0,20.5407
3130,08:03:00,08:03:00,38301,11,0,0,21.3051
3130,08:08:00,08:08:00,38302,12,0,0,23.9790
3130,08:10:00,08:10:00,38303,13,0,0,24.8530
3130,08:12:00,08:12:00,38304,14,0,0,25.3602
3130,08:15:00,08:15:00,38305,15,0,0,26.6244
3130,08:17:00,08:17:00,43288,16,0,0,28.1941
3130,08:21:00,08:21:00,38306,17,0,0,29.7492
3130,08:26:00,08:26:00,38307,18,0,0,32.3871
3130,08:29:00,08:29:00,38308,19,0,0,32.8119
3130,08:31:00,08:31:00,38309,20,0,0,33.1928
3130,08:34:00,08:34:00,38310,21,0,0,33.5335
3131,07:42:00,07:42:00,38291,1,0,0,0.0000
3131,07:44:00,07:44:00,38292,2,0,0,0.4892
3131,07:46:00,07:46:00,38293,3,0,0,0.9515
3131,07:53:00,07:53:00,38294,4,0,0,5.9814
3131,07:58:00,07:58:00,38295,5,0,0,9.8280
3131,08:01:00,08:01:00,38296,6,0,0,12.0078
3131,08:06:00,08:06:00,38297,7,0,0,15.3055
3131,08:08:00,08:08:00,38298,8,0,0,15.8451
3131,08:12:00,08:12:00,38299,9,0,0,18.4570
3131,08:16:00,08:16:00,38300,10,0,0,20.5407
3131,08:18:00,08:18:00,38301,11,0,0,21.3051
3131,08:23:00,08:23:00,38302,12,0,0,23.9790
3131,08:25:00,08:25:00,38303,13,0,0,24.8530
3131,08:27:00,08:27:00,38304,14,0,0,25.3602
3131,08:30:00,08:30:00,38305,15,0,0,26.6244
3131,08:32:00,08:32:00,43288,16,0,0,28.1941
3131,08:36:00,08:36:00,38306,17,0,0,29.7492
3131,08:41:00,08:41:00,38307,18,0,0,32.3871
3131,08:44:00,08:44:00,38308,19,0,0,32.8119
3131,08:46:00,08:46:00,38309,20,0,0,33.1928
3131,08:49:00,08:49:00,38310,21,0,0,33.5335
3132,07:57:00,07:57:00,38291,1,0,0,0.0000
3132,07:59:00,07:59:00,38292,2,0,0,0.4892
3132,08:01:00,08:01:00,38293,3,0,0,0.9515
3132,08:08:00,08:08:00,38294,4,0,0,5.9814
3132,08:13:00,08:13:00,38295,5,0,0,9.8280
3132,08:16:00,08:16:00,38296,6,0,0,12.0078
3132,08:21:00,08:21:00,38297,7,0,0,15.3055
3132,08:23:00,08:23:00,38298,8,0,0,15.8451
3132,08:27:00,08:27:00,38299,9,0,0,18.4570
3132,08:31:00,08:31:00,38300,10,0,0,20.5407
3132,08:33:00,08:33:00,38301,11,0,0,21.3051
3132,08:38:00,08:38:00,38302,12,0,0,23.9790
3132,08:40:00,08:40:00,38303,13,0,0,24.8530
3132,08:42:00,08:42:00,38304,14,0,0,25.3602
3132,08:45:00,08:45:00,38305,15,0,0,26.6244
3132,08:47:00,08:47:00,43288,16,0,0,28.1941
3132,08:51:00,08:51:00,38306,17,0,0,29.7492
3132,08:56:00,08:56:00,38307,18,0,0,32.3871
3132,08:59:00,08:59:00,38308,19,0,0,32.8119
3132,09:01:00,09:01:00,38309,20,0,0,33.1928
3132,09:04:00,09:04:00,38310,21,0,0,33.5335
3133,08:12:00,08:12:00,38291,1,0,0,0.0000
3133,08:14:00,08:14:00,38292,2,0,0,0.4892
3133,08:16:00,08:16:00,38293,3,0,0,0.9515
3133,08:23:00,08:23:00,38294,4,0,0,5.9814
3133,08:28:00,08:28:00,38295,5,0,0,9.8280
3133,08:31:00,08:31:00,38296,6,0,0,12.0078
3133,08:36:00,08:36:00,38297,7,0,0,15.3055
3133,08:38:00,08:38:00,38298,8,0,0,15.8451
3133,08:42:00,08:42:00,38299,9,0,0,18.4570
3133,08:46:00,08:46:00,38300,10,0,0,20.5407
3133,08:48:00,08:48:00,38301,11,0,0,21.3051
3133,08:53:00,08:53:00,38302,12,0,0,23.9790
3133,08:55:00,08:55:00,38303,13,0,0,24.8530
3133,08:57:00,08:57:00,38304,14,0,0,25.3602
3133,09:00:00,09:00:00,38305,15,0,0,26.6244
3133,09:02:00,09:02:00,43288,16,0,0,28.1941
3133,09:06:00,09:06:00,38306,17,0,0,29.7492
3133,09:11:00,09:11:00,38307,18,0,0,32.3871
3133,09:14:00,09:14:00,38308,19,0,0,32.8119
3133,09:16:00,09:16:00,38309,20,0,0,33.1928
3133,09:19:00,09:19:00,38310,21,0,0,33.5335
3134,08:27:00,08:27:00,38291,1,0,0,0.0000
3134,08:29:00,08:29:00,38292,2,0,0,0.4892
3134,08:31:00,08:31:00,38293,3,0,0,0.9515
3134,08:38:00,08:38:00,38294,4,0,0,5.9814
3134,08:43:00,08:43:00,38295,5,0,0,9.8280
3134,08:46:00,08:46:00,38296,6,0,0,12.0078
3134,08:51:00,08:51:00,38297,7,0,0,15.3055
3134,08:53:00,08:53:00,38298,8,0,0,15.8451
3134,08:57:00,08:57:00,38299,9,0,0,18.4570
3134,09:01:00,09:01:00,38300,10,0,0,20.5407
3134,09:03:00,09:03:00,38301,11,0,0,21.3051
3134,09:08:00,09:08:00,38302,12,0,0,23.9790
3134,09:10:00,09:10:00,38303,13,0,0,24.8530
3134,09:12:00,09:12:00,38304,14,0,0,25.3602
3134,09:15:00,09:15:00,38305,15,0,0,26.6244
3134,09:17:00,09:17:00,43288,16,0,0,28.1941
3134,09:21:00,09:21:00,38306,17,0,0,29.7492
3134,09:26:00,09:26:00,38307,18,0,0,32.3871
3134,09:29:00,09:29:00,38308,19,0,0,32.8119
3134,09:31:00,09:31:00,38309,20,0,0,33.1928
3134,09:34:00,09:34:00,38310,21,0,0,33.5335
3135,08:57:00,08:57:00,38291,1,0,0,0.0000
3135,08:59:00,08:59:00,38292,2,0,0,0.4892
3135,09:01:00,09:01:00,38293,3,0,0,0.9515
3135,09:08:00,09:08:00,38294,4,0,0,5.9814
3135,09:13:00,09:13:00,38295,5,0,0,9.8280
3135,09:16:00,09:16:00,38296,6,0,0,12.0078
3135,09:21:00,09:21:00,38297,7,0,0,15.3055
3135,09:23:00,09:23:00,38298,8,0,0,15.8451
3135,09:27:00,09:27:00,38299,9,0,0,18.4570
3135,09:31:00,09:31:00,38300,10,0,0,20.5407
3135,09:33:00,09:33:00,38301,11,0,0,21.3051
3135,09:38:00,09:38:00,38302,12,0,0,23.9790
3135,09:40:00,09:40:00,38303,13,0,0,24.8530
3135,09:42:00,09:42:00,38304,14,0,0,25.3602
3135,09:45:00,09:45:00,38305,15,0,0,26.6244
3135,09:47:00,09:47:00,43288,16,0,0,28.1941
3135,09:51:00,09:51:00,38306,17,0,0,29.7492
3135,09:56:00,09:56:00,38307,18,0,0,32.3871
3135,09:59:00,09:59:00,38308,19,0,0,32.8119
3135,10:01:00,10:01:00,38309,20,0,0,33.1928
3135,10:04:00,10:04:00,38310,21,0,0,33.5335
3136,09:27:00,09:27:00,38291,1,0,0,0.0000
3136,09:29:00,09:29:00,38292,2,0,0,0.4892
3136,09:31:00,09:31:00,38293,3,0,0,0.9515
3136,09:38:00,09:38:00,38294,4,0,0,5.9814
3136,09:43:00,09:43:00,38295,5,0,0,9.8280
3136,09:46:00,09:46:00,38296,6,0,0,12.0078
3136,09:51:00,09:51:00,38297,7,0,0,15.3055
3136,09:53:00,09:53:00,38298,8,0,0,15.8451
3136,09:57:00,09:57:00,38299,9,0,0,18.4570
3136,10:01:00,10:01:00,38300,10,0,0,20.5407
3136,10:03:00,10:03:00,38301,11,0,0,21.3051
3136,10:08:00,10:08:00,38302,12,0,0,23.9790
3136,10:10:00,10:10:00,38303,13,0,0,24.8530
3136,10:12:00,10:12:00,38304,14,0,0,25.3602
3136,10:15:00,10:15:00,38305,15,0,0,26.6244
3136,10:17:00,10:17:00,43288,16,0,0,28.1941
3136,10:21:00,10:21:00,38306,17,0,0,29.7492
3136,10:26:00,10:26:00,38307,18,0,0,32.3871
3136,10:29:00,10:29:00,38308,19,0,0,32.8119
3136,10:31:00,10:31:00,38309,20,0,0,33.1928
3136,10:34:00,10:34:00,38310,21,0,0,33.5335
3137,09:57:00,09:57:00,38291,1,0,0,0.0000
3137,09:59:00,09:59:00,38292,2,0,0,0.4892
3137,10:01:00,10:01:00,38293,3,0,0,0.9515
3137,10:08:00,10:08:00,38294,4,0,0,5.9814
3137,10:13:00,10:13:00,38295,5,0,0,9.8280
3137,10:16:00,10:16:00,38296,6,0,0,12.0078
3137,10:21:00,10:21:00,38297,7,0,0,15.3055
3137,10:23:00,10:23:00,38298,8,0,0,15.8451
3137,10:27:00,10:27:00,38299,9,0,0,18.4570
3137,10:31:00,10:31:00,38300,10,0,0,20.5407
3137,10:33:00,10:33:00,38301,11,0,0,21.3051
3137,10:38:00,10:38:00,38302,12,0,0,23.9790
3137,10:40:00,10:40:00,38303,13,0,0,24.8530
3137,10:42:00,10:42:00,38304,14,0,0,25.3602
3137,10:45:00,10:45:00,38305,15,0,0,26.6244
3137,10:47:00,10:47:00,43288,16,0,0,28.1941
3137,10:51:00,10:51:00,38306,17,0,0,29.7492
3137,10:56:00,10:56:00,38307,18,0,0,32.3871
3137,10:59:00,10:59:00,38308,19,0,0,32.8119
3137,11:01:00,11:01:00,38309,20,0,0,33.1928
3137,11:04:00,11:04:00,38310,21,0,0,33.5335
3138,10:27:00,10:27:00,38291,1,0,0,0.0000
3138,10:29:00,10:29:00,38292,2,0,0,0.4892
3138,10:31:00,10:31:00,38293,3,0,0,0.9515
3138,10:38:00,10:38:00,38294,4,0,0,5.9814
3138,10:43:00,10:43:00,38295,5,0,0,9.8280
3138,10:46:00,10:46:00,38296,6,0,0,12.0078
3138,10:51:00,10:51:00,38297,7,0,0,15.3055
3138,10:53:00,10:53:00,38298,8,0,0,15.8451
3138,10:57:00,10:57:00,38299,9,0,0,18.4570
3138,11:01:00,11:01:00,38300,10,0,0,20.5407
3138,11:03:00,11:03:00,38301,11,0,0,21.3051
3138,11:08:00,11:08:00,38302,12,0,0,23.9790
3138,11:10:00,11:10:00,38303,13,0,0,24.8530
3138,11:12:00,11:12:00,38304,14,0,0,25.3602
3138,11:15:00,11:15:00,38305,15,0,0,26.6244
3138,11:17:00,11:17:00,43288,16,0,0,28.1941
3138,11:21:00,11:21:00,38306,17,0,0,29.7492
3138,11:26:00,11:26:00,38307,18,0,0,32.3871
3138,11:29:00,11:29:00,38308,19,0,0,32.8119
3138,11:31:00,11:31:00,38309,20,0,0,33.1928
3138,11:34:00,11:34:00,38310,21,0,0,33.5335
3139,10:57:00,10:57:00,38291,1,0,0,0.0000
3139,10:59:00,10:59:00,38292,2,0,0,0.4892
3139,11:01:00,11:01:00,38293,3,0,0,0.9515
3139,11:08:00,11:08:00,38294,4,0,0,5.9814
3139,11:13:00,11:13:00,38295,5,0,0,9.8280
3139,11:16:00,11:16:00,38296,6,0,0,12.0078
3139,11:21:00,11:21:00,38297,7,0,0,15.3055
3139,11:23:00,11:23:00,38298,8,0,0,15.8451
3139,11:27:00,11:27:00,38299,9,0,0,18.4570
3139,11:31:00,11:31:00,38300,10,0,0,20.5407
3139,11:33:00,11:33:00,38301,11,0,0,21.3051
3139,11:38:00,11:38:00,38302,12,0,0,23.9790
3139,11:40:00,11:40:00,38303,13,0,0,24.8530
3139,11:42:00,11:42:00,38304,14,0,0,25.3602
3139,11:45:00,11:45:00,38305,15,0,0,26.6244
3139,11:47:00,11:47:00,43288,16,0,0,28.1941
3139,11:51:00,11:51:00,38306,17,0,0,29.7492
3139,11:56:00,11:56:00,38307,18,0,0,32.3871
3139,11:59:00,11:59:00,38308,19,0,0,32.8119
3139,12:01:00,12:01:00,38309,20,0,0,33.1928
3139,12:04:00,12:04:00,38310,21,0,0,33.5335
3140,11:27:00,11:27:00,38291,1,0,0,0.0000
3140,11:29:00,11:29:00,38292,2,0,0,0.4892
3140,11:31:00,11:31:00,38293,3,0,0,0.9515
3140,11:38:00,11:38:00,38294,4,0,0,5.9814
3140,11:43:00,11:43:00,38295,5,0,0,9.8280
3140,11:46:00,11:46:00,38296,6,0,0,12.0078
3140,11:51:00,11:51:00,38297,7,0,0,15.3055
3140,11:53:00,11:53:00,38298,8,0,0,15.8451
3140,11:57:00,11:57:00,38299,9,0,0,18.4570
3140,12:01:00,12:01:00,38300,10,0,0,20.5407
3140,12:03:00,12:03:00,38301,11,0,0,21.3051
3140,12:08:00,12:08:00,38302,12,0,0,23.9790
3140,12:10:00,12:10:00,38303,13,0,0,24.8530
3140,12:12:00,12:12:00,38304,14,0,0,25.3602
3140,12:15:00,12:15:00,38305,15,0,0,26.6244
3140,12:17:00,12:17:00,43288,16,0,0,28.1941
3140,12:21:00,12:21:00,38306,17,0,0,29.7492
3140,12:26:00,12:26:00,38307,18,0,0,32.3871
3140,12:29:00,12:29:00,38308,19,0,0,32.8119
3140,12:31:00,12:31:00,38309,20,0,0,33.1928
3140,12:34:00,12:34:00,38310,21,0,0,33.5335
3141,11:57:00,11:57:00,38291,1,0,0,0.0000
3141,11:59:00,11:59:00,38292,2,0,0,0.4892
3141,12:01:00,12:01:00,38293,3,0,0,0.9515
3141,12:08:00,12:08:00,38294,4,0,0,5.9814
3141,12:13:00,12:13:00,38295,5,0,0,9.8280
3141,12:16:00,12:16:00,38296,6,0,0,12.0078
3141,12:21:00,12:21:00,38297,7,0,0,15.3055
3141,12:23:00,12:23:00,38298,8,0,0,15.8451
3141,12:27:00,12:27:00,38299,9,0,0,18.4570
3141,12:31:00,12:31:00,38300,10,0,0,20.5407
3141,12:33:00,12:33:00,38301,11,0,0,21.3051
3141,12:38:00,12:38:00,38302,12,0,0,23.9790
3141,12:40:00,12:40:00,38303,13,0,0,24.8530
3141,12:42:00,12:42:00,38304,14,0,0,25.3602
3141,12:45:00,12:45:00,38305,15,0,0,26.6244
3141,12:47:00,12:47:00,43288,16,0,0,28.1941
3141,12:51:00,12:51:00,38306,17,0,0,29.7492
3141,12:56:00,12:56:00,38307,18,0,0,32.3871
3141,12:59:00,12:59:00,38308,19,0,0,32.8119
3141,13:01:00,13:01:00,38309,20,0,0,33.1928
3141,13:04:00,13:04:00,38310,21,0,0,33.5335
3142,12:27:00,12:27:00,38291,1,0,0,0.0000
3142,12:29:00,12:29:00,38292,2,0,0,0.4892
3142,12:31:00,12:31:00,38293,3,0,0,0.9515
3142,12:38:00,12:38:00,38294,4,0,0,5.9814
3142,12:43:00,12:43:00,38295,5,0,0,9.8280
3142,12:46:00,12:46:00,38296,6,0,0,12.0078
3142,12:51:00,12:51:00,38297,7,0,0,15.3055
3142,12:53:00,12:53:00,38298,8,0,0,15.8451
3142,12:57:00,12:57:00,38299,9,0,0,18.4570
3142,13:01:00,13:01:00,38300,10,0,0,20.5407
3142,13:03:00,13:03:00,38301,11,0,0,21.3051
3142,13:08:00,13:08:00,38302,12,0,0,23.9790
3142,13:10:00,13:10:00,38303,13,0,0,24.8530
3142,13:12:00,13:12:00,38304,14,0,0,25.3602
3142,13:15:00,13:15:00,38305,15,0,0,26.6244
3142,13:17:00,13:17:00,43288,16,0,0,28.1941
3142,13:21:00,13:21:00,38306,17,0,0,29.7492
3142,13:26:00,13:26:00,38307,18,0,0,32.3871
3142,13:29:00,13:29:00,38308,19,0,0,32.8119
3142,13:31:00,13:31:00,38309,20,0,0,33.1928
3142,13:34:00,13:34:00,38310,21,0,0,33.5335
3143,12:57:00,12:57:00,38291,1,0,0,0.0000
3143,12:59:00,12:59:00,38292,2,0,0,0.4892
3143,13:01:00,13:01:00,38293,3,0,0,0.9515
3143,13:08:00,13:08:00,38294,4,0,0,5.9814
3143,13:13:00,13:13:00,38295,5,0,0,9.8280
3143,13:16:00,13:16:00,38296,6,0,0,12.0078
3143,13:21:00,13:21:00,38297,7,0,0,15.3055
3143,13:23:00,13:23:00,38298,8,0,0,15.8451
3143,13:27:00,13:27:00,38299,9,0,0,18.4570
3143,13:31:00,13:31:00,38300,10,0,0,20.5407
3143,13:33:00,13:33:00,38301,11,0,0,21.3051
3143,13:38:00,13:38:00,38302,12,0,0,23.9790
3143,13:40:00,13:40:00,38303,13,0,0,24.8530
3143,13:42:00,13:42:00,38304,14,0,0,25.3602
3143,13:45:00,13:45:00,38305,15,0,0,26.6244
3143,13:47:00,13:47:00,43288,16,0,0,28.1941
3143,13:51:00,13:51:00,38306,17,0,0,29.7492
3143,13:56:00,13:56:00,38307,18,0,0,32.3871
3143,13:59:00,13:59:00,38308,19,0,0,32.8119
3143,14:01:00,14:01:00,38309,20,0,0,33.1928
3143,14:04:00,14:04:00,38310,21,0,0,33.5335
3144,13:27:00,13:27:00,38291,1,0,0,0.0000
3144,13:29:00,13:29:00,38292,2,0,0,0.4892
3144,13:31:00,13:31:00,38293,3,0,0,0.9515
3144,13:38:00,13:38:00,38294,4,0,0,5.9814
3144,13:43:00,13:43:00,38295,5,0,0,9.8280
3144,13:46:00,13:46:00,38296,6,0,0,12.0078
3144,13:51:00,13:51:00,38297,7,0,0,15.3055
3144,13:53:00,13:53:00,38298,8,0,0,15.8451
3144,13:57:00,13:57:00,38299,9,0,0,18.4570
3144,14:01:00,14:01:00,38300,10,0,0,20.5407
3144,14:03:00,14:03:00,38301,11,0,0,21.3051
3144,14:08:00,14:08:00,38302,12,0,0,23.9790
3144,14:10:00,14:10:00,38303,13,0,0,24.8530
3144,14:12:00,14:12:00,38304,14,0,0,25.3602
3144,14:15:00,14:15:00,38305,15,0,0,26.6244
3144,14:17:00,14:17:00,43288,16,0,0,28.1941
3144,14:21:00,14:21:00,38306,17,0,0,29.7492
3144,14:26:00,14:26:00,38307,18,0,0,32.3871
3144,14:29:00,14:29:00,38308,19,0,0,32.8119
3144,14:31:00,14:31:00,38309,20,0,0,33.1928
3144,14:34:00,14:34:00,38310,21,0,0,33.5335
3145,13:57:00,13:57:00,38291,1,0,0,0.0000
3145,13:59:00,13:59:00,38292,2,0,0,0.4892
3145,14:01:00,14:01:00,38293,3,0,0,0.9515
3145,14:08:00,14:08:00,38294,4,0,0,5.9814
3145,14:13:00,14:13:00,38295,5,0,0,9.8280
3145,14:16:00,14:16:00,38296,6,0,0,12.0078
3145,14:21:00,14:21:00,38297,7,0,0,15.3055
3145,14:23:00,14:23:00,38298,8,0,0,15.8451
3145,14:27:00,14:27:00,38299,9,0,0,18.4570
3145,14:31:00,14:31:00,38300,10,0,0,20.5407
3145,14:33:00,14:33:00,38301,11,0,0,21.3051
3145,14:38:00,14:38:00,38302,12,0,0,23.9790
3145,14:40:00,14:40:00,38303,13,0,0,24.8530
3145,14:42:00,14:42:00,38304,14,0,0,25.3602
3145,14:45:00,14:45:00,38305,15,0,0,26.6244
3145,14:47:00,14:47:00,43288,16,0,0,28.1941
3145,14:51:00,14:51:00,38306,17,0,0,29.7492
3145,14:56:00,14:56:00,38307,18,0,0,32.3871
3145,14:59:00,14:59:00,38308,19,0,0,32.8119
3145,15:01:00,15:01:00,38309,20,0,0,33.1928
3145,15:04:00,15:04:00,38310,21,0,0,33.5335
3146,14:27:00,14:27:00,38291,1,0,0,0.0000
3146,14:29:00,14:29:00,38292,2,0,0,0.4892
3146,14:31:00,14:31:00,38293,3,0,0,0.9515
3146,14:38:00,14:38:00,38294,4,0,0,5.9814
3146,14:43:00,14:43:00,38295,5,0,0,9.8280
3146,14:46:00,14:46:00,38296,6,0,0,12.0078
3146,14:51:00,14:51:00,38297,7,0,0,15.3055
3146,14:53:00,14:53:00,38298,8,0,0,15.8451
3146,14:57:00,14:57:00,38299,9,0,0,18.4570
3146,15:01:00,15:01:00,38300,10,0,0,20.5407
3146,15:03:00,15:03:00,38301,11,0,0,21.3051
3146,15:08:00,15:08:00,38302,12,0,0,23.9790
3146,15:10:00,15:10:00,38303,13,0,0,24.8530
3146,15:12:00,15:12:00,38304,14,0,0,25.3602
3146,15:15:00,15:15:00,38305,15,0,0,26.6244
3146,15:17:00,15:17:00,43288,16,0,0,28.1941
3146,15:21:00,15:21:00,38306,17,0,0,29.7492
3146,15:26:00,15:26:00,38307,18,0,0,32.3871
3146,15:29:00,15:29:00,38308,19,0,0,32.8119
3146,15:31:00,15:31:00,38309,20,0,0,33.1928
3146,15:34:00,15:34:00,38310,21,0,0,33.5335
3147,14:57:00,14:57:00,38291,1,0,0,0.0000
3147,14:59:00,14:59:00,38292,2,0,0,0.4892
3147,15:01:00,15:01:00,38293,3,0,0,0.9515
3147,15:08:00,15:08:00,38294,4,0,0,5.9814
3147,15:13:00,15:13:00,38295,5,0,0,9.8280
3147,15:16:00,15:16:00,38296,6,0,0,12.0078
3147,15:21:00,15:21:00,38297,7,0,0,15.3055
3147,15:23:00,15:23:00,38298,8,0,0,15.8451
3147,15:27:00,15:27:00,38299,9,0,0,18.4570
3147,15:31:00,15:31:00,38300,10,0,0,20.5407
3147,15:33:00,15:33:00,38301,11,0,0,21.3051
3147,15:38:00,15:38:00,38302,12,0,0,23.9790
3147,15:40:00,15:40:00,38303,13,0,0,24.8530
3147,15:42:00,15:42:00,38304,14,0,0,25.3602
3147,15:45:00,15:45:00,38305,15,0,0,26.6244
3147,15:47:00,15:47:00,43288,16,0,0,28.1941
3147,15:51:00,15:51:00,38306,17,0,0,29.7492
3147,15:56:00,15:56:00,38307,18,0,0,32.3871
3147,15:59:00,15:59:00,38308,19,0,0,32.8119
3147,16:01:00,16:01:00,38309,20,0,0,33.1928
3147,16:04:00,16:04:00,38310,21,0,0,33.5335
3148,15:27:00,15:27:00,38291,1,0,0,0.0000
3148,15:29:00,15:29:00,38292,2,0,0,0.4892
3148,15:31:00,15:31:00,38293,3,0,0,0.9515
3148,15:38:00,15:38:00,38294,4,0,0,5.9814
3148,15:43:00,15:43:00,38295,5,0,0,9.8280
3148,15:46:00,15:46:00,38296,6,0,0,12.0078
3148,15:51:00,15:51:00,38297,7,0,0,15.3055
3148,15:53:00,15:53:00,38298,8,0,0,15.8451
3148,15:57:00,15:57:00,38299,9,0,0,18.4570
3148,16:01:00,16:01:00,38300,10,0,0,20.5407
3148,16:03:00,16:03:00,38301,11,0,0,21.3051
3148,16:08:00,16:08:00,38302,12,0,0,23.9790
3148,16:10:00,16:10:00,38303,13,0,0,24.8530
3148,16:12:00,16:12:00,38304,14,0,0,25.3602
3148,16:15:00,16:15:00,38305,15,0,0,26.6244
3148,16:17:00,16:17:00,43288,16,0,0,28.1941
3148,16:21:00,16:21:00,38306,17,0,0,29.7492
3148,16:26:00,16:26:00,38307,18,0,0,32.3871
3148,16:29:00,16:29:00,38308,19,0,0,32.8119
3148,16:31:00,16:31:00,38309,20,0,0,33.1928
3148,16:34:00,16:34:00,38310,21,0,0,33.5335
3149,15:42:00,15:42:00,38291,1,0,0,0.0000
3149,15:44:00,15:44:00,38292,2,0,0,0.4892
3149,15:46:00,15:46:00,38293,3,0,0,0.9515
3149,15:53:00,15:53:00,38294,4,0,0,5.9814
3149,15:58:00,15:58:00,38295,5,0,0,9.8280
3149,16:01:00,16:01:00,38296,6,0,0,12.0078
3149,16:06:00,16:06:00,38297,7,0,0,15.3055
3149,16:08:00,16:08:00,38298,8,0,0,15.8451
3149,16:12:00,16:12:00,38299,9,0,0,18.4570
3149,16:16:00,16:16:00,38300,10,0,0,20.5407
3149,16:18:00,16:18:00,38301,11,0,0,21.3051
3149,16:23:00,16:23:00,38302,12,0,0,23.9790
3149,16:25:00,16:25:00,38303,13,0,0,24.8530
3149,16:27:00,16:27:00,38304,14,0,0,25.3602
3149,16:30:00,16:30:00,38305,15,0,0,26.6244
3149,16:32:00,16:32:00,43288,16,0,0,28.1941
3149,16:36:00,16:36:00,38306,17,0,0,29.7492
3149,16:41:00,16:41:00,38307,18,0,0,32.3871
3149,16:44:00,16:44:00,38308,19,0,0,32.8119
3149,16:46:00,16:46:00,38309,20,0,0,33.1928
3149,16:49:00,16:49:00,38310,21,0,0,33.5335
3150,15:57:00,15:57:00,38291,1,0,0,0.0000
3150,15:59:00,15:59:00,38292,2,0,0,0.4892
3150,16:01:00,16:01:00,38293,3,0,0,0.9515
3150,16:08:00,16:08:00,38294,4,0,0,5.9814
3150,16:13:00,16:13:00,38295,5,0,0,9.8280
3150,16:16:00,16:16:00,38296,6,0,0,12.0078
3150,16:21:00,16:21:00,38297,7,0,0,15.3055
3150,16:23:00,16:23:00,38298,8,0,0,15.8451
3150,16:27:00,16:27:00,38299,9,0,0,18.4570
3150,16:31:00,16:31:00,38300,10,0,0,20.5407
3150,16:33:00,16:33:00,38301,11,0,0,21.3051
3150,16:38:00,16:38:00,38302,12,0,0,23.9790
3150,16:40:00,16:40:00,38303,13,0,0,24.8530
3150,16:42:00,16:42:00,38304,14,0,0,25.3602
3150,16:45:00,16:45:00,38305,15,0,0,26.6244
3150,16:47:00,16:47:00,43288,16,0,0,28.1941
3150,16:51:00,16:51:00,38306,17,0,0,29.7492
3150,16:56:00,16:56:00,38307,18,0,0,32.3871
3150,16:59:00,16:59:00,38308,19,0,0,32.8119
3150,17:01:00,17:01:00,38309,20,0,0,33.1928
3150,17:04:00,17:04:00,38310,21,0,0,33.5335
3151,16:12:00,16:12:00,38291,1,0,0,0.0000
3151,16:14:00,16:14:00,38292,2,0,0,0.4892
3151,16:16:00,16:16:00,38293,3,0,0,0.9515
3151,16:23:00,16:23:00,38294,4,0,0,5.9814
3151,16:28:00,16:28:00,38295,5,0,0,9.8280
3151,16:31:00,16:31:00,38296,6,0,0,12.0078
3151,16:36:00,16:36:00,38297,7,0,0,15.3055
3151,16:38:00,16:38:00,38298,8,0,0,15.8451
3151,16:42:00,16:42:00,38299,9,0,0,18.4570
3151,16:46:00,16:46:00,38300,10,0,0,20.5407
3151,16:48:00,16:48:00,38301,11,0,0,21.3051
3151,16:53:00,16:53:00,38302,12,0,0,23.9790
3151,16:55:00,16:55:00,38303,13,0,0,24.8530
3151,16:57:00,16:57:00,38304,14,0,0,25.3602
3151,17:00:00,17:00:00,38305,15,0,0,26.6244
3151,17:02:00,17:02:00,43288,16,0,0,28.1941
3151,17:06:00,17:06:00,38306,17,0,0,29.7492
3151,17:11:00,17:11:00,38307,18,0,0,32.3871
3151,17:14:00,17:14:00,38308,19,0,0,32.8119
3151,17:16:00,17:16:00,38309,20,0,0,33.1928
3151,17:19:00,17:19:00,38310,21,0,0,33.5335
3152,16:27:00,16:27:00,38291,1,0,0,0.0000
3152,16:29:00,16:29:00,38292,2,0,0,0.4892
3152,16:31:00,16:31:00,38293,3,0,0,0.9515
3152,16:38:00,16:38:00,38294,4,0,0,5.9814
3152,16:43:00,16:43:00,38295,5,0,0,9.8280
3152,16:46:00,16:46:00,38296,6,0,0,12.0078
3152,16:51:00,16:51:00,38297,7,0,0,15.3055
3152,16:53:00,16:53:00,38298,8,0,0,15.8451
3152,16:57:00,16:57:00,38299,9,0,0,18.4570
3152,17:01:00,17:01:00,38300,10,0,0,20.5407
3152,17:03:00,17:03:00,38301,11,0,0,21.3051
3152,17:08:00,17:08:00,38302,12,0,0,23.9790
3152,17:10:00,17:10:00,38303,13,0,0,24.8530
3152,17:12:00,17:12:00,38304,14,0,0,25.3602
3152,17:15:00,17:15:00,38305,15,0,0,26.6244
3152,17:17:00,17:17:00,43288,16,0,0,28.1941
3152,17:21:00,17:21:00,38306,17,0,0,29.7492
3152,17:26:00,17:26:00,38307,18,0,0,32.3871
3152,17:29:00,17:29:00,38308,19,0,0,32.8119
3152,17:31:00,17:31:00,38309,20,0,0,33.1928
3152,17:34:00,17:34:00,38310,21,0,0,33.5335
3153,16:42:00,16:42:00,38291,1,0,0,0.0000
3153,16:44:00,16:44:00,38292,2,0,0,0.4892
3153,16:46:00,16:46:00,38293,3,0,0,0.9515
3153,16:53:00,16:53:00,38294,4,0,0,5.9814
3153,16:58:00,16:58:00,38295,5,0,0,9.8280
3153,17:01:00,17:01:00,38296,6,0,0,12.0078
3153,17:06:00,17:06:00,38297,7,0,0,15.3055
3153,17:08:00,17:08:00,38298,8,0,0,15.8451
3153,17:12:00,17:12:00,38299,9,0,0,18.4570
3153,17:16:00,17:16:00,38300,10,0,0,20.5407
3153,17:18:00,17:18:00,38301,11,0,0,21.3051
3153,17:23:00,17:23:00,38302,12,0,0,23.9790
3153,17:25:00,17:25:00,38303,13,0,0,24.8530
3153,17:27:00,17:27:00,38304,14,0,0,25.3602
3153,17:30:00,17:30:00,38305,15,0,0,26.6244
3153,17:32:00,17:32:00,43288,16,0,0,28.1941
3153,17:36:00,17:36:00,38306,17,0,0,29.7492
3153,17:41:00,17:41:00,38307,18,0,0,32.3871
3153,17:44:00,17:44:00,38308,19,0,0,32.8119
3153,17:46:00,17:46:00,38309,20,0,0,33.1928
3153,17:49:00,17:49:00,38310,21,0,0,33.5335
3154,16:57:00,16:57:00,38291,1,0,0,0.0000
3154,16:59:00,16:59:00,38292,2,0,0,0.4892
3154,17:01:00,17:01:00,38293,3,0,0,0.9515
3154,17:08:00,17:08:00,38294,4,0,0,5.9814
3154,17:13:00,17:13:00,38295,5,0,0,9.8280
3154,17:16:00,17:16:00,38296,6,0,0,12.0078
3154,17:21:00,17:21:00,38297,7,0,0,15.3055
3154,17:23:00,17:23:00,38298,8,0,0,15.8451
3154,17:27:00,17:27:00,38299,9,0,0,18.4570
3154,17:31:00,17:31:00,38300,10,0,0,20.5407
3154,17:33:00,17:33:00,38301,11,0,0,21.3051
3154,17:38:00,17:38:00,38302,12,0,0,23.9790
3154,17:40:00,17:40:00,38303,13,0,0,24.8530
3154,17:42:00,17:42:00,38304,14,0,0,25.3602
3154,17:45:00,17:45:00,38305,15,0,0,26.6244
3154,17:47:00,17:47:00,43288,16,0,0,28.1941
3154,17:51:00,17:51:00,38306,17,0,0,29.7492
3154,17:56:00,17:56:00,38307,18,0,0,32.3871
3154,17:59:00,17:59:00,38308,19,0,0,32.8119
3154,18:01:00,18:01:00,38309,20,0,0,33.1928
3154,18:04:00,18:04:00,38310,21,0,0,33.5335
3155,17:12:00,17:12:00,38291,1,0,0,0.0000
3155,17:14:00,17:14:00,38292,2,0,0,0.4892
3155,17:16:00,17:16:00,38293,3,0,0,0.9515
3155,17:23:00,17:23:00,38294,4,0,0,5.9814
3155,17:28:00,17:28:00,38295,5,0,0,9.8280
3155,17:31:00,17:31:00,38296,6,0,0,12.0078
3155,17:36:00,17:36:00,38297,7,0,0,15.3055
3155,17:38:00,17:38:00,38298,8,0,0,15.8451
3155,17:42:00,17:42:00,38299,9,0,0,18.4570
3155,17:46:00,17:46:00,38300,10,0,0,20.5407
3155,17:48:00,17:48:00,38301,11,0,0,21.3051
3155,17:53:00,17:53:00,38302,12,0,0,23.9790
3155,17:55:00,17:55:00,38303,13,0,0,24.8530
3155,17:57:00,17:57:00,38304,14,0,0,25.3602
3155,18:00:00,18:00:00,38305,15,0,0,26.6244
3155,18:02:00,18:02:00,43288,16,0,0,28.1941
3155,18:06:00,18:06:00,38306,17,0,0,29.7492
3155,18:11:00,18:11:00,38307,18,0,0,32.3871
3155,18:14:00,18:14:00,38308,19,0,0,32.8119
3155,18:16:00,18:16:00,38309,20,0,0,33.1928
3155,18:19:00,18:19:00,38310,21,0,0,33.5335
3156,17:27:00,17:27:00,38291,1,0,0,0.0000
3156,17:29:00,17:29:00,38292,2,0,0,0.4892
3156,17:31:00,17:31:00,38293,3,0,0,0.9515
3156,17:38:00,17:38:00,38294,4,0,0,5.9814
3156,17:43:00,17:43:00,38295,5,0,0,9.8280
3156,17:46:00,17:46:00,38296,6,0,0,12.0078
3156,17:51:00,17:51:00,38297,7,0,0,15.3055
3156,17:53:00,17:53:00,38298,8,0,0,15.8451
3156,17:57:00,17:57:00,38299,9,0,0,18.4570
3156,18:01:00,18:01:00,38300,10,0,0,20.5407
3156,18:03:00,18:03:00,38301,11,0,0,21.3051
3156,18:08:00,18:08:00,38302,12,0,0,23.9790
3156,18:10:00,18:10:00,38303,13,0,0,24.8530
3156,18:12:00,18:12:00,38304,14,0,0,25.3602
3156,18:15:00,18:15:00,38305,15,0,0,26.6244
3156,18:17:00,18:17:00,43288,16,0,0,28.1941
3156,18:21:00,18:21:00,38306,17,0,0,29.7492
3156,18:26:00,18:26:00,38307,18,0,0,32.3871
3156,18:29:00,18:29:00,38308,19,0,0,32.8119
3156,18:31:00,18:31:00,38309,20,0,0,33.1928
3156,18:34:00,18:34:00,38310,21,0,0,33.5335
3157,17:42:00,17:42:00,38291,1,0,0,0.0000
3157,17:44:00,17:44:00,38292,2,0,0,0.4892
3157,17:46:00,17:46:00,38293,3,0,0,0.9515
3157,17:53:00,17:53:00,38294,4,0,0,5.9814
3157,17:58:00,17:58:00,38295,5,0,0,9.8280
3157,18:01:00,18:01:00,38296,6,0,0,12.0078
3157,18:06:00,18:06:00,38297,7,0,0,15.3055
3157,18:08:00,18:08:00,38298,8,0,0,15.8451
3157,18:12:00,18:12:00,38299,9,0,0,18.4570
3157,18:16:00,18:16:00,38300,10,0,0,20.5407
3157,18:18:00,18:18:00,38301,11,0,0,21.3051
3157,18:23:00,18:23:00,38302,12,0,0,23.9790
3157,18:25:00,18:25:00,38303,13,0,0,24.8530
3157,18:27:00,18:27:00,38304,14,0,0,25.3602
3157,18:30:00,18:30:00,38305,15,0,0,26.6244
3157,18:32:00,18:32:00,43288,16,0,0,28.1941
3157,18:36:00,18:36:00,38306,17,0,0,29.7492
3157,18:41:00,18:41:00,38307,18,0,0,32.3871
3157,18:44:00,18:44:00,38308,19,0,0,32.8119
3157,18:46:00,18:46:00,38309,20,0,0,33.1928
3157,18:49:00,18:49:00,38310,21,0,0,33.5335
3158,17:57:00,17:57:00,38291,1,0,0,0.0000
3158,17:59:00,17:59:00,38292,2,0,0,0.4892
3158,18:01:00,18:01:00,38293,3,0,0,0.9515
3158,18:08:00,18:08:00,38294,4,0,0,5.9814
3158,18:13:00,18:13:00,38295,5,0,0,9.8280
3158,18:16:00,18:16:00,38296,6,0,0,12.0078
3158,18:21:00,18:21:00,38297,7,0,0,15.3055
3158,18:23:00,18:23:00,38298,8,0,0,15.8451
3158,18:27:00,18:27:00,38299,9,0,0,18.4570
3158,18:31:00,18:31:00,38300,10,0,0,20.5407
3158,18:33:00,18:33:00,38301,11,0,0,21.3051
3158,18:38:00,18:38:00,38302,12,0,0,23.9790
3158,18:40:00,18:40:00,38303,13,0,0,24.8530
3158,18:42:00,18:42:00,38304,14,0,0,25.3602
3158,18:45:00,18:45:00,38305,15,0,0,26.6244
3158,18:47:00,18:47:00,43288,16,0,0,28.1941
3158,18:51:00,18:51:00,38306,17,0,0,29.7492
3158,18:56:00,18:56:00,38307,18,0,0,32.3871
3158,18:59:00,18:59:00,38308,19,0,0,32.8119
3158,19:01:00,19:01:00,38309,20,0,0,33.1928
3158,19:04:00,19:04:00,38310,21,0,0,33.5335
3159,18:12:00,18:12:00,38291,1,0,0,0.0000
3159,18:14:00,18:14:00,38292,2,0,0,0.4892
3159,18:16:00,18:16:00,38293,3,0,0,0.9515
3159,18:23:00,18:23:00,38294,4,0,0,5.9814
3159,18:28:00,18:28:00,38295,5,0,0,9.8280
