1075,12:49:00,12:49:00,36997,8,0,0,2.7515
1075,12:52:00,12:52:00,36998,9,0,0,3.4328
1075,12:55:00,12:55:00,37002,10,0,0,4.8545
1075,12:56:00,12:56:00,37003,11,0,0,5.5027
1075,12:58:00,12:58:00,37004,12,0,0,6.7131
1075,13:00:00,13:00:00,37005,13,0,0,7.2754
1075,13:02:00,13:02:00,38229,14,0,0,8.1356
1075,13:05:00,13:05:00,42673,15,0,0,9.0371
1076,12:55:00,12:55:00,39348,1,0,0,0.0000
1076,12:58:00,12:58:00,37378,2,0,0,0.8826
1076,13:00:00,13:00:00,37377,3,0,0,1.1758
1076,13:02:00,13:02:00,37376,4,0,0,1.5225
1076,13:04:00,13:04:00,36994,5,0,0,1.7718
1076,13:06:00,13:06:00,36995,6,0,0,2.0663
1076,13:08:00,13:08:00,36996,7,0,0,2.4741
1076,13:09:00,13:09:00,36997,8,0,0,2.7515
1076,13:12:00,13:12:00,36998,9,0,0,3.4328
1076,13:15:00,13:15:00,37002,10,0,0,4.8545
1076,13:16:00,13:16:00,37003,11,0,0,5.5027
1076,13:18:00,13:18:00,37004,12,0,0,6.7131
1076,13:20:00,13:20:00,37005,13,0,0,7.2754
1076,13:22:00,13:22:00,38229,14,0,0,8.1356
1076,13:25:00,13:25:00,42673,15,0,0,9.0371
1077,13:15:00,13:15:00,39348,1,0,0,0.0000
1077,13:18:00,13:18:00,37378,2,0,0,0.8826
1077,13:20:00,13:20:00,37377,3,0,0,1.1758
1077,13:22:00,13:22:00,37376,4,0,0,1.5225
1077,13:24:00,13:24:00,36994,5,0,0,1.7718
1077,13:26:00,13:26:00,36995,6,0,0,2.0663
1077,13:28:00,13:28:00,36996,7,0,0,2.4741
1077,13:29:00,13:29:00,36997,8,0,0,2.7515
1077,13:32:00,13:32:00,36998,9,0,0,3.4328
1077,13:35:00,13:35:00,37002,10,0,0,4.8545
1077,13:36:00,13:36:00,37003,11,0,0,5.5027
1077,13:38:00,13:38:00,37004,12,0,0,6.7131
1077,13:40:00,13:40:00,37005,13,0,0,7.2754
1077,13:42:00,13:42:00,38229,14,0,0,8.1356
1077,13:45:00,13:45:00,42673,15,0,0,9.0371
1078,13:35:00,13:35:00,39348,1,0,0,0.0000
1078,13:38:00,13:38:00,37378,2,0,0,0.8826
1078,13:40:00,13:40:00,37377,3,0,0,1.1758
1078,13:42:00,13:42:00,37376,4,0,0,1.5225
1078,13:44:00,13:44:00,36994,5,0,0,1.7718
1078,13:46:00,13:46:00,36995,6,0,0,2.0663
1078,13:48:00,13:48:00,36996,7,0,0,2.4741
1078,13:49:00,13:49:00,36997,8,0,0,2.7515
1078,13:52:00,13:52:00,36998,9,0,0,3.4328
1078,13:55:00,13:55:00,37002,10,0,0,4.8545
1078,13:56:00,13:56:00,37003,11,0,0,5.5027
1078,13:58:00,13:58:00,37004,12,0,0,6.7131
1078,14:00:00,14:00:00,37005,13,0,0,7.2754
1078,14:02:00,14:02:00,38229,14,0,0,8.1356
1078,14:05:00,14:05:00,42673,15,0,0,9.0371
1079,13:55:00,13:55:00,39348,1,0,0,0.0000
1079,13:58:00,13:58:00,37378,2,0,0,0.8826
1079,14:00:00,14:00:00,37377,3,0,0,1.1758
1079,14:02:00,14:02:00,37376,4,0,0,1.5225
1079,14:04:00,14:04:00,36994,5,0,0,1.7718
1079,14:06:00,14:06:00,36995,6,0,0,2.0663
1079,14:08:00,14:08:00,36996,7,0,0,2.4741
1079,14:09:00,14:09:00,36997,8,0,0,2.7515
1079,14:12:00,14:12:00,36998,9,0,0,3.4328
1079,14:15:00,14:15:00,37002,10,0,0,4.8545
1079,14:16:00,14:16:00,37003,11,0,0,5.5027
1079,14:18:00,14:18:00,37004,12,0,0,6.7131
1079,14:20:00,14:20:00,37005,13,0,0,7.2754
1079,14:22:00,14:22:00,38229,14,0,0,8.1356
1079,14:25:00,14:25:00,42673,15,0,0,9.0371
1080,14:15:00,14:15:00,39348,1,0,0,0.0000
1080,14:18:00,14:18:00,37378,2,0,0,0.8826
1080,14:20:00,14:20:00,37377,3,0,0,1.1758
1080,14:22:00,14:22:00,37376,4,0,0,1.5225
1080,14:24:00,14:24:00,36994,5,0,0,1.7718
1080,14:26:00,14:26:00,36995,6,0,0,2.0663
1080,14:28:00,14:28:00,36996,7,0,0,2.4741
1080,14:29:00,14:29:00,36997,8,0,0,2.7515
1080,14:32:00,14:32:00,36998,9,0,0,3.4328
1080,14:35:00,14:35:00,37002,10,0,0,4.8545
1080,14:36:00,14:36:00,37003,11,0,0,5.5027
1080,14:38:00,14:38:00,37004,12,0,0,6.7131
1080,14:40:00,14:40:00,37005,13,0,0,7.2754
1080,14:42:00,14:42:00,38229,14,0,0,8.1356
1080,14:45:00,14:45:00,42673,15,0,0,9.0371
1081,14:35:00,14:35:00,39348,1,0,0,0.0000
1081,14:38:00,14:38:00,37378,2,0,0,0.8826
1081,14:40:00,14:40:00,37377,3,0,0,1.1758
1081,14:42:00,14:42:00,37376,4,0,0,1.5225
1081,14:44:00,14:44:00,36994,5,0,0,1.7718
1081,14:46:00,14:46:00,36995,6,0,0,2.0663
1081,14:48:00,14:48:00,36996,7,0,0,2.4741
1081,14:49:00,14:49:00,36997,8,0,0,2.7515
1081,14:52:00,14:52:00,36998,9,0,0,3.4328
1081,14:55:00,14:55:00,37002,10,0,0,4.8545
1081,14:56:00,14:56:00,37003,11,0,0,5.5027
1081,14:58:00,14:58:00,37004,12,0,0,6.7131
1081,15:00:00,15:00:00,37005,13,0,0,7.2754
1081,15:02:00,15:02:00,38229,14,0,0,8.1356
1081,15:05:00,15:05:00,42673,15,0,0,9.0371
1082,14:55:00,14:55:00,39348,1,0,0,0.0000
1082,14:58:00,14:58:00,37378,2,0,0,0.8826
1082,15:00:00,15:00:00,37377,3,0,0,1.1758
1082,15:02:00,15:02:00,37376,4,0,0,1.5225
1082,15:04:00,15:04:00,36994,5,0,0,1.7718
1082,15:06:00,15:06:00,36995,6,0,0,2.0663
1082,15:08:00,15:08:00,36996,7,0,0,2.4741
1082,15:09:00,15:09:00,36997,8,0,0,2.7515
1082,15:12:00,15:12:00,36998,9,0,0,3.4328
1082,15:15:00,15:15:00,37002,10,0,0,4.8545
1082,15:16:00,15:16:00,37003,11,0,0,5.5027
1082,15:18:00,15:18:00,37004,12,0,0,6.7131
1082,15:20:00,15:20:00,37005,13,0,0,7.2754
1082,15:22:00,15:22:00,38229,14,0,0,8.1356
1082,15:25:00,15:25:00,42673,15,0,0,9.0371
1083,15:13:00,15:13:00,39348,1,0,0,0.0000
1083,15:16:00,15:16:00,37378,2,0,0,0.8826
1083,15:18:00,15:18:00,37377,3,0,0,1.1758
1083,15:20:00,15:20:00,37376,4,0,0,1.5225
1083,15:22:00,15:22:00,36994,5,0,0,1.7718
1083,15:24:00,15:24:00,36995,6,0,0,2.0663
1083,15:26:00,15:26:00,36996,7,0,0,2.4741
1083,15:27:00,15:27:00,36997,8,0,0,2.7515
1083,15:30:00,15:30:00,36998,9,0,0,3.4328
1083,15:33:00,15:33:00,37002,10,0,0,4.8545
1083,15:34:00,15:34:00,37003,11,0,0,5.5027
1083,15:36:00,15:36:00,37004,12,0,0,6.7131
1083,15:38:00,15:38:00,37005,13,0,0,7.2754
1083,15:40:00,15:40:00,38229,14,0,0,8.1356
1083,15:43:00,15:43:00,42673,15,0,0,9.0371
1084,15:30:00,15:30:00,39348,1,0,0,0.0000
1084,15:33:00,15:33:00,37378,2,0,0,0.8826
1084,15:35:00,15:35:00,37377,3,0,0,1.1758
1084,15:37:00,15:37:00,37376,4,0,0,1.5225
1084,15:39:00,15:39:00,36994,5,0,0,1.7718
1084,15:41:00,15:41:00,36995,6,0,0,2.0663
1084,15:43:00,15:43:00,36996,7,0,0,2.4741
1084,15:44:00,15:44:00,36997,8,0,0,2.7515
1084,15:47:00,15:47:00,36998,9,0,0,3.4328
1084,15:50:00,15:50:00,37002,10,0,0,4.8545
1084,15:51:00,15:51:00,37003,11,0,0,5.5027
1084,15:53:00,15:53:00,37004,12,0,0,6.7131
1084,15:55:00,15:55:00,37005,13,0,0,7.2754
1084,15:57:00,15:57:00,38229,14,0,0,8.1356
1084,16:00:00,16:00:00,42673,15,0,0,9.0371
1085,15:44:00,15:44:00,39348,1,0,0,0.0000
1085,15:47:00,15:47:00,37378,2,0,0,0.8826
1085,15:49:00,15:49:00,37377,3,0,0,1.1758
1085,15:51:00,15:51:00,37376,4,0,0,1.5225
1085,15:53:00,15:53:00,36994,5,0,0,1.7718
1085,15:55:00,15:55:00,36995,6,0,0,2.0663
1085,15:57:00,15:57:00,36996,7,0,0,2.4741
1085,15:58:00,15:58:00,36997,8,0,0,2.7515
1085,16:01:00,16:01:00,36998,9,0,0,3.4328
1085,16:04:00,16:04:00,37002,10,0,0,4.8545
1085,16:05:00,16:05:00,37003,11,0,0,5.5027
1085,16:07:00,16:07:00,37004,12,0,0,6.7131
1085,16:09:00,16:09:00,37005,13,0,0,7.2754
1085,16:11:00,16:11:00,38229,14,0,0,8.1356
1085,16:14:00,16:14:00,42673,15,0,0,9.0371
1086,15:52:00,15:52:00,39348,1,0,0,0.0000
1086,15:55:00,15:55:00,37378,2,0,0,0.8826
1086,15:57:00,15:57:00,37377,3,0,0,1.1758
1086,15:59:00,15:59:00,37376,4,0,0,1.5225
1086,16:01:00,16:01:00,36994,5,0,0,1.7718
1086,16:03:00,16:03:00,36995,6,0,0,2.0663
1086,16:05:00,16:05:00,36996,7,0,0,2.4741
1086,16:06:00,16:06:00,36997,8,0,0,2.7515
1086,16:09:00,16:09:00,36998,9,0,0,3.4328
1086,16:12:00,16:12:00,37002,10,0,0,4.8545
1086,16:13:00,16:13:00,37003,11,0,0,5.5027
1086,16:15:00,16:15:00,37004,12,0,0,6.7131
1086,16:17:00,16:17:00,37005,13,0,0,7.2754
1086,16:19:00,16:19:00,38229,14,0,0,8.1356
1086,16:22:00,16:22:00,42673,15,0,0,9.0371
1087,16:16:00,16:16:00,39348,1,0,0,0.0000
1087,16:19:00,16:19:00,37378,2,0,0,0.8826
1087,16:21:00,16:21:00,37377,3,0,0,1.1758
1087,16:23:00,16:23:00,37376,4,0,0,1.5225
1087,16:25:00,16:25:00,36994,5,0,0,1.7718
1087,16:27:00,16:27:00,36995,6,0,0,2.0663
1087,16:29:00,16:29:00,36996,7,0,0,2.4741
1087,16:30:00,16:30:00,36997,8,0,0,2.7515
1087,16:33:00,16:33:00,36998,9,0,0,3.4328
1087,16:36:00,16:36:00,37002,10,0,0,4.8545
1087,16:37:00,16:37:00,37003,11,0,0,5.5027
1087,16:39:00,16:39:00,37004,12,0,0,6.7131
1087,16:41:00,16:41:00,37005,13,0,0,7.2754
1087,16:43:00,16:43:00,38229,14,0,0,8.1356
1087,16:46:00,16:46:00,42673,15,0,0,9.0371
1088,16:47:00,16:47:00,39348,1,0,0,0.0000
1088,16:50:00,16:50:00,37378,2,0,0,0.8826
1088,16:52:00,16:52:00,37377,3,0,0,1.1758
1088,16:54:00,16:54:00,37376,4,0,0,1.5225
1088,16:56:00,16:56:00,36994,5,0,0,1.7718
1088,16:58:00,16:58:00,36995,6,0,0,2.0663
1088,17:00:00,17:00:00,36996,7,0,0,2.4741
1088,17:01:00,17:01:00,36997,8,0,0,2.7515
1088,17:04:00,17:04:00,36998,9,0,0,3.4328
1088,17:07:00,17:07:00,37002,10,0,0,4.8545
1088,17:08:00,17:08:00,37003,11,0,0,5.5027
1088,17:10:00,17:10:00,37004,12,0,0,6.7131
1088,17:12:00,17:12:00,37005,13,0,0,7.2754
1088,17:14:00,17:14:00,38229,14,0,0,8.1356
1088,17:17:00,17:17:00,42673,15,0,0,9.0371
1089,16:59:00,16:59:00,39348,1,0,0,0.0000
1089,17:02:00,17:02:00,37378,2,0,0,0.8826
1089,17:04:00,17:04:00,37377,3,0,0,1.1758
1089,17:06:00,17:06:00,37376,4,0,0,1.5225
1089,17:08:00,17:08:00,36994,5,0,0,1.7718
1089,17:10:00,17:10:00,36995,6,0,0,2.0663
1089,17:12:00,17:12:00,36996,7,0,0,2.4741
1089,17:13:00,17:13:00,36997,8,0,0,2.7515
1089,17:16:00,17:16:00,36998,9,0,0,3.4328
1089,17:19:00,17:19:00,37002,10,0,0,4.8545
1089,17:20:00,17:20:00,37003,11,0,0,5.5027
1089,17:22:00,17:22:00,37004,12,0,0,6.7131
1089,17:24:00,17:24:00,37005,13,0,0,7.2754
1089,17:26:00,17:26:00,38229,14,0,0,8.1356
1089,17:29:00,17:29:00,42673,15,0,0,9.0371
1090,17:16:00,17:16:00,39348,1,0,0,0.0000
1090,17:19:00,17:19:00,37378,2,0,0,0.8826
1090,17:21:00,17:21:00,37377,3,0,0,1.1758
1090,17:23:00,17:23:00,37376,4,0,0,1.5225
1090,17:25:00,17:25:00,36994,5,0,0,1.7718
1090,17:27:00,17:27:00,36995,6,0,0,2.0663
1090,17:29:00,17:29:00,36996,7,0,0,2.4741
1090,17:30:00,17:30:00,36997,8,0,0,2.7515
1090,17:33:00,17:33:00,36998,9,0,0,3.4328
1090,17:36:00,17:36:00,37002,10,0,0,4.8545
1090,17:37:00,17:37:00,37003,11,0,0,5.5027
1090,17:39:00,17:39:00,37004,12,0,0,6.7131
1090,17:41:00,17:41:00,37005,13,0,0,7.2754
1090,17:43:00,17:43:00,38229,14,0,0,8.1356
1090,17:46:00,17:46:00,42673,15,0,0,9.0371
1091,17:36:00,17:36:00,39348,1,0,0,0.0000
1091,17:39:00,17:39:00,37378,2,0,0,0.8826
1091,17:41:00,17:41:00,37377,3,0,0,1.1758
1091,17:43:00,17:43:00,37376,4,0,0,1.5225
1091,17:45:00,17:45:00,36994,5,0,0,1.7718
1091,17:47:00,17:47:00,36995,6,0,0,2.0663
1091,17:49:00,17:49:00,36996,7,0,0,2.4741
1091,17:50:00,17:50:00,36997,8,0,0,2.7515
1091,17:53:00,17:53:00,36998,9,0,0,3.4328
1091,17:56:00,17:56:00,37002,10,0,0,4.8545
1091,17:57:00,17:57:00,37003,11,0,0,5.5027
1091,17:59:00,17:59:00,37004,12,0,0,6.7131
1091,18:01:00,18:01:00,37005,13,0,0,7.2754
1091,18:03:00,18:03:00,38229,14,0,0,8.1356
1091,18:06:00,18:06:00,42673,15,0,0,9.0371
1092,17:57:00,17:57:00,39348,1,0,0,0.0000
1092,18:00:00,18:00:00,37378,2,0,0,0.8826
1092,18:02:00,18:02:00,37377,3,0,0,1.1758
1092,18:04:00,18:04:00,37376,4,0,0,1.5225
1092,18:06:00,18:06:00,36994,5,0,0,1.7718
1092,18:08:00,18:08:00,36995,6,0,0,2.0663
1092,18:10:00,18:10:00,36996,7,0,0,2.4741
1092,18:11:00,18:11:00,36997,8,0,0,2.7515
1092,18:14:00,18:14:00,36998,9,0,0,3.4328
1092,18:17:00,18:17:00,37002,10,0,0,4.8545
1092,18:18:00,18:18:00,37003,11,0,0,5.5027
1092,18:20:00,18:20:00,37004,12,0,0,6.7131
1092,18:22:00,18:22:00,37005,13,0,0,7.2754
1092,18:24:00,18:24:00,38229,14,0,0,8.1356
1092,18:27:00,18:27:00,42673,15,0,0,9.0371
1093,18:07:00,18:07:00,39348,1,0,0,0.0000
1093,18:10:00,18:10:00,37378,2,0,0,0.8826
1093,18:12:00,18:12:00,37377,3,0,0,1.1758
1093,18:14:00,18:14:00,37376,4,0,0,1.5225
1093,18:16:00,18:16:00,36994,5,0,0,1.7718
1093,18:18:00,18:18:00,36995,6,0,0,2.0663
1093,18:20:00,18:20:00,36996,7,0,0,2.4741
1093,18:21:00,18:21:00,36997,8,0,0,2.7515
1093,18:24:00,18:24:00,36998,9,0,0,3.4328
1093,18:27:00,18:27:00,37002,10,0,0,4.8545
1093,18:28:00,18:28:00,37003,11,0,0,5.5027
1093,18:30:00,18:30:00,37004,12,0,0,6.7131
1093,18:32:00,18:32:00,37005,13,0,0,7.2754
1093,18:34:00,18:34:00,38229,14,0,0,8.1356
1093,18:37:00,18:37:00,42673,15,0,0,9.0371
1094,18:19:00,18:19:00,39348,1,0,0,0.0000
1094,18:22:00,18:22:00,37378,2,0,0,0.8826
1094,18:24:00,18:24:00,37377,3,0,0,1.1758
1094,18:26:00,18:26:00,37376,4,0,0,1.5225
1094,18:28:00,18:28:00,36994,5,0,0,1.7718
1094,18:30:00,18:30:00,36995,6,0,0,2.0663
1094,18:32:00,18:32:00,36996,7,0,0,2.4741
1094,18:33:00,18:33:00,36997,8,0,0,2.7515
1094,18:36:00,18:36:00,36998,9,0,0,3.4328
1094,18:39:00,18:39:00,37002,10,0,0,4.8545
1094,18:40:00,18:40:00,37003,11,0,0,5.5027
1094,18:42:00,18:42:00,37004,12,0,0,6.7131
1094,18:44:00,18:44:00,37005,13,0,0,7.2754
1094,18:46:00,18:46:00,38229,14,0,0,8.1356
1094,18:49:00,18:49:00,42673,15,0,0,9.0371
1095,18:42:00,18:42:00,39348,1,0,0,0.0000
1095,18:45:00,18:45:00,37378,2,0,0,0.8826
1095,18:47:00,18:47:00,37377,3,0,0,1.1758
1095,18:49:00,18:49:00,37376,4,0,0,1.5225
1095,18:51:00,18:51:00,36994,5,0,0,1.7718
1095,18:53:00,18:53:00,36995,6,0,0,2.0663
1095,18:55:00,18:55:00,36996,7,0,0,2.4741
1095,18:56:00,18:56:00,36997,8,0,0,2.7515
1095,18:59:00,18:59:00,36998,9,0,0,3.4328
1095,19:02:00,19:02:00,37002,10,0,0,4.8545
1095,19:03:00,19:03:00,37003,11,0,0,5.5027
1095,19:05:00,19:05:00,37004,12,0,0,6.7131
1095,19:07:00,19:07:00,37005,13,0,0,7.2754
1095,19:09:00,19:09:00,38229,14,0,0,8.1356
1095,19:12:00,19:12:00,42673,15,0,0,9.0371
1096,18:53:00,18:53:00,39348,1,0,0,0.0000
1096,18:56:00,18:56:00,37378,2,0,0,0.8826
1096,18:58:00,18:58:00,37377,3,0,0,1.1758
1096,19:00:00,19:00:00,37376,4,0,0,1.5225
1096,19:02:00,19:02:00,36994,5,0,0,1.7718
1096,19:04:00,19:04:00,36995,6,0,0,2.0663
1096,19:06:00,19:06:00,36996,7,0,0,2.4741
1096,19:07:00,19:07:00,36997,8,0,0,2.7515
1096,19:10:00,19:10:00,36998,9,0,0,3.4328
1096,19:13:00,19:13:00,37002,10,0,0,4.8545
1096,19:14:00,19:14:00,37003,11,0,0,5.5027
1096,19:16:00,19:16:00,37004,12,0,0,6.7131
1096,19:18:00,19:18:00,37005,13,0,0,7.2754
1096,19:20:00,19:20:00,38229,14,0,0,8.1356
1096,19:23:00,19:23:00,42673,15,0,0,9.0371
1097,19:01:00,19:01:00,39348,1,0,0,0.0000
1097,19:04:00,19:04:00,37378,2,0,0,0.8826
1097,19:06:00,19:06:00,37377,3,0,0,1.1758
1097,19:08:00,19:08:00,37376,4,0,0,1.5225
1097,19:10:00,19:10:00,36994,5,0,0,1.7718
1097,19:12:00,19:12:00,36995,6,0,0,2.0663
1097,19:14:00,19:14:00,36996,7,0,0,2.4741
1097,19:15:00,19:15:00,36997,8,0,0,2.7515
1097,19:18:00,19:18:00,36998,9,0,0,3.4328
1097,19:21:00,19:21:00,37002,10,0,0,4.8545
1097,19:22:00,19:22:00,37003,11,0,0,5.5027
1097,19:24:00,19:24:00,37004,12,0,0,6.7131
1097,19:26:00,19:26:00,37005,13,0,0,7.2754
1097,19:28:00,19:28:00,38229,14,0,0,8.1356
1097,19:31:00,19:31:00,42673,15,0,0,9.0371
1098,19:16:00,19:16:00,39348,1,0,0,0.0000
1098,19:19:00,19:19:00,37378,2,0,0,0.8826
1098,19:21:00,19:21:00,37377,3,0,0,1.1758
1098,19:23:00,19:23:00,37376,4,0,0,1.5225
1098,19:25:00,19:25:00,36994,5,0,0,1.7718
1098,19:27:00,19:27:00,36995,6,0,0,2.0663
1098,19:29:00,19:29:00,36996,7,0,0,2.4741
1098,19:30:00,19:30:00,36997,8,0,0,2.7515
1098,19:33:00,19:33:00,36998,9,0,0,3.4328
1098,19:36:00,19:36:00,37002,10,0,0,4.8545
1098,19:37:00,19:37:00,37003,11,0,0,5.5027
1098,19:39:00,19:39:00,37004,12,0,0,6.7131
1098,19:41:00,19:41:00,37005,13,0,0,7.2754
1098,19:43:00,19:43:00,38229,14,0,0,8.1356
1098,19:46:00,19:46:00,42673,15,0,0,9.0371
1099,19:27:00,19:27:00,39348,1,0,0,0.0000
1099,19:30:00,19:30:00,37378,2,0,0,0.8826
1099,19:32:00,19:32:00,37377,3,0,0,1.1758
1099,19:34:00,19:34:00,37376,4,0,0,1.5225
1099,19:36:00,19:36:00,36994,5,0,0,1.7718
1099,19:38:00,19:38:00,36995,6,0,0,2.0663
1099,19:40:00,19:40:00,36996,7,0,0,2.4741
1099,19:41:00,19:41:00,36997,8,0,0,2.7515
1099,19:44:00,19:44:00,36998,9,0,0,3.4328
1099,19:47:00,19:47:00,37002,10,0,0,4.8545
1099,19:48:00,19:48:00,37003,11,0,0,5.5027
1099,19:50:00,19:50:00,37004,12,0,0,6.7131
1099,19:52:00,19:52:00,37005,13,0,0,7.2754
1099,19:54:00,19:54:00,38229,14,0,0,8.1356
1099,19:57:00,19:57:00,42673,15,0,0,9.0371
1100,19:35:00,19:35:00,39348,1,0,0,0.0000
1100,19:38:00,19:38:00,37378,2,0,0,0.8826
1100,19:40:00,19:40:00,37377,3,0,0,1.1758
1100,19:42:00,19:42:00,37376,4,0,0,1.5225
1100,19:44:00,19:44:00,36994,5,0,0,1.7718
1100,19:46:00,19:46:00,36995,6,0,0,2.0663
1100,19:48:00,19:48:00,36996,7,0,0,2.4741
1100,19:49:00,19:49:00,36997,8,0,0,2.7515
1100,19:52:00,19:52:00,36998,9,0,0,3.4328
1100,19:55:00,19:55:00,37002,10,0,0,4.8545
1100,19:56:00,19:56:00,37003,11,0,0,5.5027
1100,19:58:00,19:58:00,37004,12,0,0,6.7131
1100,20:00:00,20:00:00,37005,13,0,0,7.2754
1100,20:02:00,20:02:00,38229,14,0,0,8.1356
1100,20:05:00,20:05:00,42673,15,0,0,9.0371
1101,19:45:00,19:45:00,39348,1,0,0,0.0000
1101,19:48:00,19:48:00,37378,2,0,0,0.8826
1101,19:50:00,19:50:00,37377,3,0,0,1.1758
1101,19:52:00,19:52:00,37376,4,0,0,1.5225
1101,19:54:00,19:54:00,36994,5,0,0,1.7718
1101,19:56:00,19:56:00,36995,6,0,0,2.0663
1101,19:58:00,19:58:00,36996,7,0,0,2.4741
1101,19:59:00,19:59:00,36997,8,0,0,2.7515
1101,20:02:00,20:02:00,36998,9,0,0,3.4328
1101,20:05:00,20:05:00,37002,10,0,0,4.8545
1101,20:06:00,20:06:00,37003,11,0,0,5.5027
1101,20:08:00,20:08:00,37004,12,0,0,6.7131
1101,20:10:00,20:10:00,37005,13,0,0,7.2754
1101,20:12:00,20:12:00,38229,14,0,0,8.1356
1101,20:15:00,20:15:00,42673,15,0,0,9.0371
1102,20:05:00,20:05:00,39348,1,0,0,0.0000
1102,20:08:00,20:08:00,37378,2,0,0,0.8826
1102,20:10:00,20:10:00,37377,3,0,0,1.1758
1102,20:12:00,20:12:00,37376,4,0,0,1.5225
1102,20:14:00,20:14:00,36994,5,0,0,1.7718
1102,20:16:00,20:16:00,36995,6,0,0,2.0663
1102,20:18:00,20:18:00,36996,7,0,0,2.4741
1102,20:19:00,20:19:00,36997,8,0,0,2.7515
1102,20:22:00,20:22:00,36998,9,0,0,3.4328
1102,20:25:00,20:25:00,37002,10,0,0,4.8545
1102,20:26:00,20:26:00,37003,11,0,0,5.5027
1102,20:28:00,20:28:00,37004,12,0,0,6.7131
1102,20:30:00,20:30:00,37005,13,0,0,7.2754
1102,20:32:00,20:32:00,38229,14,0,0,8.1356
1102,20:35:00,20:35:00,42673,15,0,0,9.0371
1103,20:35:00,20:35:00,39348,1,0,0,0.0000
1103,20:38:00,20:38:00,37378,2,0,0,0.8826
1103,20:40:00,20:40:00,37377,3,0,0,1.1758
1103,20:42:00,20:42:00,37376,4,0,0,1.5225
1103,20:44:00,20:44:00,36994,5,0,0,1.7718
1103,20:46:00,20:46:00,36995,6,0,0,2.0663
1103,20:48:00,20:48:00,36996,7,0,0,2.4741
1103,20:49:00,20:49:00,36997,8,0,0,2.7515
1103,20:52:00,20:52:00,36998,9,0,0,3.4328
1103,20:55:00,20:55:00,37002,10,0,0,4.8545
1103,20:56:00,20:56:00,37003,11,0,0,5.5027
1103,20:58:00,20:58:00,37004,12,0,0,6.7131
1103,21:00:00,21:00:00,37005,13,0,0,7.2754
1103,21:02:00,21:02:00,38229,14,0,0,8.1356
1103,21:05:00,21:05:00,42673,15,0,0,9.0371
1104,21:05:00,21:05:00,39348,1,0,0,0.0000
1104,21:08:00,21:08:00,37378,2,0,0,0.8826
1104,21:10:00,21:10:00,37377,3,0,0,1.1758
1104,21:12:00,21:12:00,37376,4,0,0,1.5225
1104,21:14:00,21:14:00,36994,5,0,0,1.7718
1104,21:16:00,21:16:00,36995,6,0,0,2.0663
1104,21:18:00,21:18:00,36996,7,0,0,2.4741
1104,21:19:00,21:19:00,36997,8,0,0,2.7515
1104,21:22:00,21:22:00,36998,9,0,0,3.4328
1104,21:25:00,21:25:00,37002,10,0,0,4.8545
1104,21:26:00,21:26:00,37003,11,0,0,5.5027
1104,21:28:00,21:28:00,37004,12,0,0,6.7131
1104,21:30:00,21:30:00,37005,13,0,0,7.2754
1104,21:32:00,21:32:00,38229,14,0,0,8.1356
1104,21:35:00,21:35:00,42673,15,0,0,9.0371
1105,21:35:00,21:35:00,39348,1,0,0,0.0000
1105,21:38:00,21:38:00,37378,2,0,0,0.8826
1105,21:40:00,21:40:00,37377,3,0,0,1.1758
1105,21:42:00,21:42:00,37376,4,0,0,1.5225
1105,21:44:00,21:44:00,36994,5,0,0,1.7718
1105,21:46:00,21:46:00,36995,6,0,0,2.0663
1105,21:48:00,21:48:00,36996,7,0,0,2.4741
1105,21:49:00,21:49:00,36997,8,0,0,2.7515
1105,21:52:00,21:52:00,36998,9,0,0,3.4328
1105,21:55:00,21:55:00,37002,10,0,0,4.8545
1105,21:56:00,21:56:00,37003,11,0,0,5.5027
1105,21:58:00,21:58:00,37004,12,0,0,6.7131
1105,22:00:00,22:00:00,37005,13,0,0,7.2754
1105,22:02:00,22:02:00,38229,14,0,0,8.1356
1105,22:05:00,22:05:00,42673,15,0,0,9.0371
1106,22:05:00,22:05:00,39348,1,0,0,0.0000
1106,22:08:00,22:08:00,37378,2,0,0,0.8826
1106,22:10:00,22:10:00,37377,3,0,0,1.1758
1106,22:12:00,22:12:00,37376,4,0,0,1.5225
1106,22:14:00,22:14:00,36994,5,0,0,1.7718
1106,22:16:00,22:16:00,36995,6,0,0,2.0663
1106,22:18:00,22:18:00,36996,7,0,0,2.4741
1106,22:19:00,22:19:00,36997,8,0,0,2.7515
1106,22:22:00,22:22:00,36998,9,0,0,3.4328
1106,22:25:00,22:25:00,37002,10,0,0,4.8545
1106,22:26:00,22:26:00,37003,11,0,0,5.5027
1106,22:28:00,22:28:00,37004,12,0,0,6.7131
1106,22:30:00,22:30:00,37005,13,0,0,7.2754
1106,22:32:00,22:32:00,38229,14,0,0,8.1356
1106,22:35:00,22:35:00,42673,15,0,0,9.0371
1107,22:35:00,22:35:00,39348,1,0,0,0.0000
1107,22:38:00,22:38:00,37378,2,0,0,0.8826
1107,22:40:00,22:40:00,37377,3,0,0,1.1758
1107,22:42:00,22:42:00,37376,4,0,0,1.5225
1107,22:44:00,22:44:00,36994,5,0,0,1.7718
1107,22:46:00,22:46:00,36995,6,0,0,2.0663
1107,22:48:00,22:48:00,36996,7,0,0,2.4741
1107,22:49:00,22:49:00,36997,8,0,0,2.7515
1107,22:52:00,22:52:00,36998,9,0,0,3.4328
1107,22:55:00,22:55:00,37002,10,0,0,4.8545
1107,22:56:00,22:56:00,37003,11,0,0,5.5027
1107,22:58:00,22:58:00,37004,12,0,0,6.7131
1107,23:00:00,23:00:00,37005,13,0,0,7.2754
1107,23:02:00,23:02:00,38229,14,0,0,8.1356
1107,23:05:00,23:05:00,42673,15,0,0,9.0371
1108,23:05:00,23:05:00,39348,1,0,0,0.0000
1108,23:08:00,23:08:00,37378,2,0,0,0.8826
1108,23:10:00,23:10:00,37377,3,0,0,1.1758
1108,23:12:00,23:12:00,37376,4,0,0,1.5225
1108,23:14:00,23:14:00,36994,5,0,0,1.7718
1108,23:16:00,23:16:00,36995,6,0,0,2.0663
1108,23:18:00,23:18:00,36996,7,0,0,2.4741
1108,23:19:00,23:19:00,36997,8,0,0,2.7515
1108,23:22:00,23:22:00,36998,9,0,0,3.4328
1108,23:25:00,23:25:00,37002,10,0,0,4.8545
1108,23:26:00,23:26:00,37003,11,0,0,5.5027
1108,23:28:00,23:28:00,37004,12,0,0,6.7131
1108,23:30:00,23:30:00,37005,13,0,0,7.2754
1108,23:32:00,23:32:00,38229,14,0,0,8.1356
1108,23:35:00,23:35:00,42673,15,0,0,9.0371
1109,23:35:00,23:35:00,39348,1,0,0,0.0000
1109,23:38:00,23:38:00,37378,2,0,0,0.8826
1109,23:40:00,23:40:00,37377,3,0,0,1.1758
1109,23:42:00,23:42:00,37376,4,0,0,1.5225
1109,23:44:00,23:44:00,36994,5,0,0,1.7718
1109,23:46:00,23:46:00,36995,6,0,0,2.0663
1109,23:48:00,23:48:00,36996,7,0,0,2.4741
1109,23:49:00,23:49:00,36997,8,0,0,2.7515
1109,23:52:00,23:52:00,36998,9,0,0,3.4328
1109,23:55:00,23:55:00,37002,10,0,0,4.8545
1109,23:56:00,23:56:00,37003,11,0,0,5.5027
1109,23:58:00,23:58:00,37004,12,0,0,6.7131
1109,24:00:00,24:00:00,37005,13,0,0,7.2754
1109,24:02:00,24:02:00,38229,14,0,0,8.1356
1109,24:05:00,24:05:00,42673,15,0,0,9.0371
1110,24:05:00,24:05:00,39348,1,0,0,0.0000
1110,24:08:00,24:08:00,37378,2,0,0,0.8826
1110,24:10:00,24:10:00,37377,3,0,0,1.1758
1110,24:12:00,24:12:00,37376,4,0,0,1.5225
1110,24:14:00,24:14:00,36994,5,0,0,1.7718
1110,24:16:00,24:16:00,36995,6,0,0,2.0663
1110,24:18:00,24:18:00,36996,7,0,0,2.4741
1110,24:19:00,24:19:00,36997,8,0,0,2.7515
1110,24:22:00,24:22:00,36998,9,0,0,3.4328
1110,24:25:00,24:25:00,37002,10,0,0,4.8545
1110,24:26:00,24:26:00,37003,11,0,0,5.5027
1110,24:28:00,24:28:00,37004,12,0,0,6.7131
1110,24:30:00,24:30:00,37005,13,0,0,7.2754
1110,24:32:00,24:32:00,38229,14,0,0,8.1356
1110,24:35:00,24:35:00,42673,15,0,0,9.0371
1111,24:35:00,24:35:00,39348,1,0,0,0.0000
1111,24:38:00,24:38:00,37378,2,0,0,0.8826
1111,24:40:00,24:40:00,37377,3,0,0,1.1758
1111,24:42:00,24:42:00,37376,4,0,0,1.5225
1111,24:44:00,24:44:00,36994,5,0,0,1.7718
1111,24:46:00,24:46:00,36995,6,0,0,2.0663
1111,24:48:00,24:48:00,36996,7,0,0,2.4741
1111,24:49:00,24:49:00,36997,8,0,0,2.7515
1111,24:52:00,24:52:00,36998,9,0,0,3.4328
1111,24:55:00,24:55:00,37002,10,0,0,4.8545
1111,24:56:00,24:56:00,37003,11,0,0,5.5027
1111,24:58:00,24:58:00,37004,12,0,0,6.7131
1111,25:00:00,25:00:00,37005,13,0,0,7.2754
1111,25:02:00,25:02:00,38229,14,0,0,8.1356
1111,25:05:00,25:05:00,42673,15,0,0,9.0371
1112,25:05:00,25:05:00,39348,1,0,0,0.0000
1112,25:08:00,25:08:00,37378,2,0,0,0.8826
1112,25:10:00,25:10:00,37377,3,0,0,1.1758
1112,25:12:00,25:12:00,37376,4,0,0,1.5225
1112,25:14:00,25:14:00,36994,5,0,0,1.7718
1112,25:16:00,25:16:00,36995,6,0,0,2.0663
1112,25:18:00,25:18:00,36996,7,0,0,2.4741
1112,25:19:00,25:19:00,36997,8,0,0,2.7515
1112,25:22:00,25:22:00,36998,9,0,0,3.4328
1112,25:25:00,25:25:00,37002,10,0,0,4.8545
1112,25:26:00,25:26:00,37003,11,0,0,5.5027
1112,25:28:00,25:28:00,37004,12,0,0,6.7131
1112,25:30:00,25:30:00,37005,13,0,0,7.2754
1112,25:32:00,25:32:00,38229,14,0,0,8.1356
1112,25:35:00,25:35:00,42673,15,0,0,9.0371
1113,25:35:00,25:35:00,39348,1,0,0,0.0000
1113,25:38:00,25:38:00,37378,2,0,0,0.8826
1113,25:40:00,25:40:00,37377,3,0,0,1.1758
1113,25:42:00,25:42:00,37376,4,0,0,1.5225
1113,25:44:00,25:44:00,36994,5,0,0,1.7718
1113,25:46:00,25:46:00,36995,6,0,0,2.0663
1113,25:48:00,25:48:00,36996,7,0,0,2.4741
1113,25:49:00,25:49:00,36997,8,0,0,2.7515
1113,25:52:00,25:52:00,36998,9,0,0,3.4328
1113,25:55:00,25:55:00,37002,10,0,0,4.8545
1113,25:56:00,25:56:00,37003,11,0,0,5.5027
1113,25:58:00,25:58:00,37004,12,0,0,6.7131
1113,26:00:00,26:00:00,37005,13,0,0,7.2754
1113,26:02:00,26:02:00,38229,14,0,0,8.1356
1113,26:05:00,26:05:00,42673,15,0,0,9.0371
1114,26:05:00,26:05:00,39348,1,0,0,0.0000
1114,26:08:00,26:08:00,37378,2,0,0,0.8826
1114,26:10:00,26:10:00,37377,3,0,0,1.1758
1114,26:12:00,26:12:00,37376,4,0,0,1.5225
1114,26:14:00,26:14:00,36994,5,0,0,1.7718
1114,26:16:00,26:16:00,36995,6,0,0,2.0663
1114,26:18:00,26:18:00,36996,7,0,0,2.4741
1114,26:19:00,26:19:00,36997,8,0,0,2.7515
1114,26:22:00,26:22:00,36998,9,0,0,3.4328
1114,26:25:00,26:25:00,37002,10,0,0,4.8545
1114,26:26:00,26:26:00,37003,11,0,0,5.5027
1114,26:28:00,26:28:00,37004,12,0,0,6.7131
1114,26:30:00,26:30:00,37005,13,0,0,7.2754
1114,26:32:00,26:32:00,38229,14,0,0,8.1356
1114,26:35:00,26:35:00,42673,15,0,0,9.0371
1115,07:12:00,07:12:00,39348,1,0,0,0.0000
1115,07:15:00,07:15:00,37378,2,0,0,0.8826
1115,07:17:00,07:17:00,37377,3,0,0,1.1758
1115,07:19:00,07:19:00,37376,4,0,0,1.5225
1115,07:21:00,07:21:00,36994,5,0,0,1.7718
1115,07:23:00,07:23:00,36995,6,0,0,2.0663
1115,07:25:00,07:25:00,36996,7,0,0,2.4741
1115,07:26:00,07:26:00,36997,8,0,0,2.7515
1115,07:29:00,07:29:00,36998,9,0,0,3.4328
1115,07:32:00,07:32:00,37002,10,0,0,4.8545
1115,07:33:00,07:33:00,37003,11,0,0,5.5027
1116,07:59:00,07:59:00,39348,1,0,0,0.0000
1116,08:02:00,08:02:00,37378,2,0,0,0.8826
1116,08:04:00,08:04:00,37377,3,0,0,1.1758
1116,08:06:00,08:06:00,37376,4,0,0,1.5225
1116,08:08:00,08:08:00,36994,5,0,0,1.7718
1116,08:10:00,08:10:00,36995,6,0,0,2.0663
1116,08:12:00,08:12:00,36996,7,0,0,2.4741
1116,08:13:00,08:13:00,36997,8,0,0,2.7515
1116,08:16:00,08:16:00,36998,9,0,0,3.4328
1116,08:19:00,08:19:00,37002,10,0,0,4.8545
1116,08:20:00,08:20:00,37003,11,0,0,5.5027
1117,17:10:00,17:10:00,39348,1,0,0,0.0000
1117,17:13:00,17:13:00,37378,2,0,0,0.8826
1117,17:15:00,17:15:00,37377,3,0,0,1.1758
1117,17:17:00,17:17:00,37376,4,0,0,1.5225
1117,17:19:00,17:19:00,36994,5,0,0,1.7718
1117,17:21:00,17:21:00,36995,6,0,0,2.0663
1117,17:23:00,17:23:00,36996,7,0,0,2.4741
1117,17:24:00,17:24:00,36997,8,0,0,2.7515
1117,17:27:00,17:27:00,36998,9,0,0,3.4328
1117,17:30:00,17:30:00,37002,10,0,0,4.8545
1117,17:31:00,17:31:00,37003,11,0,0,5.5027
1118,18:36:00,18:36:00,39348,1,0,0,0.0000
1118,18:39:00,18:39:00,37378,2,0,0,0.8826
1118,18:41:00,18:41:00,37377,3,0,0,1.1758
1118,18:43:00,18:43:00,37376,4,0,0,1.5225
1118,18:45:00,18:45:00,36994,5,0,0,1.7718
1118,18:47:00,18:47:00,36995,6,0,0,2.0663
1118,18:49:00,18:49:00,36996,7,0,0,2.4741
1118,18:50:00,18:50:00,36997,8,0,0,2.7515
1118,18:53:00,18:53:00,36998,9,0,0,3.4328
1118,18:56:00,18:56:00,37002,10,0,0,4.8545
1118,18:57:00,18:57:00,37003,11,0,0,5.5027
1119,05:08:00,05:08:00,37002,1,0,0,0.0000
1119,05:09:00,05:09:00,37003,2,0,0,0.6500
1119,05:11:00,05:11:00,37004,3,0,0,1.8604
1119,05:13:00,05:13:00,37005,4,0,0,2.4227
1119,05:15:00,05:15:00,38229,5,0,0,3.2830
1119,05:18:00,05:18:00,42673,6,0,0,4.1845
1120,05:36:00,05:36:00,37002,1,0,0,0.0000
1120,05:37:00,05:37:00,37003,2,0,0,0.6500
1120,05:39:00,05:39:00,37004,3,0,0,1.8604
1120,05:41:00,05:41:00,37005,4,0,0,2.4227
1120,05:43:00,05:43:00,38229,5,0,0,3.2830
1120,05:46:00,05:46:00,42673,6,0,0,4.1845
1121,06:32:00,06:32:00,37002,1,0,0,0.0000
1121,06:33:00,06:33:00,37003,2,0,0,0.6500
1121,06:35:00,06:35:00,37004,3,0,0,1.8604
1121,06:37:00,06:37:00,37005,4,0,0,2.4227
1121,06:39:00,06:39:00,38229,5,0,0,3.2830
1121,06:42:00,06:42:00,42673,6,0,0,4.1845
1122,06:57:00,06:57:00,37002,1,0,0,0.0000
1122,06:58:00,06:58:00,37003,2,0,0,0.6500
1122,07:00:00,07:00:00,37004,3,0,0,1.8604
1122,07:02:00,07:02:00,37005,4,0,0,2.4227
1122,07:04:00,07:04:00,38229,5,0,0,3.2830
1122,07:07:00,07:07:00,42673,6,0,0,4.1845
1123,07:34:00,07:34:00,37002,1,0,0,0.0000
1123,07:35:00,07:35:00,37003,2,0,0,0.6500
1123,07:37:00,07:37:00,37004,3,0,0,1.8604
1123,07:39:00,07:39:00,37005,4,0,0,2.4227
1123,07:41:00,07:41:00,38229,5,0,0,3.2830
1123,07:44:00,07:44:00,42673,6,0,0,4.1845
1124,14:50:00,14:50:00,37002,1,0,0,0.0000
1124,14:51:00,14:51:00,37003,2,0,0,0.6500
1124,14:53:00,14:53:00,37004,3,0,0,1.8604
1124,14:55:00,14:55:00,37005,4,0,0,2.4227
1124,14:57:00,14:57:00,38229,5,0,0,3.2830
1124,15:00:00,15:00:00,42673,6,0,0,4.1845
1125,15:17:00,15:17:00,37002,1,0,0,0.0000
1125,15:18:00,15:18:00,37003,2,0,0,0.6500
1125,15:20:00,15:20:00,37004,3,0,0,1.8604
1125,15:22:00,15:22:00,37005,4,0,0,2.4227
1125,15:24:00,15:24:00,38229,5,0,0,3.2830
1125,15:27:00,15:27:00,42673,6,0,0,4.1845
1126,15:35:00,15:35:00,37002,1,0,0,0.0000
1126,15:36:00,15:36:00,37003,2,0,0,0.6500
1126,15:38:00,15:38:00,37004,3,0,0,1.8604
1126,15:40:00,15:40:00,37005,4,0,0,2.4227
1126,15:42:00,15:42:00,38229,5,0,0,3.2830
1126,15:45:00,15:45:00,42673,6,0,0,4.1845
1127,16:30:00,16:30:00,37002,1,0,0,0.0000
1127,16:31:00,16:31:00,37003,2,0,0,0.6500
1127,16:33:00,16:33:00,37004,3,0,0,1.8604
1127,16:35:00,16:35:00,37005,4,0,0,2.4227
1127,16:37:00,16:37:00,38229,5,0,0,3.2830
1128,24:08:00,24:08:00,144,1,0,0,0.0000
1128,24:11:00,24:11:00,78,2,0,0,1.3782
1128,24:14:00,24:14:00,38417,3,0,0,2.7150
1128,24:17:00,24:17:00,128,4,0,0,3.9994
1128,24:20:00,24:20:00,3,5,0,0,5.9163
1128,24:23:00,24:23:00,151,6,0,0,7.2521
1128,24:27:00,24:27:00,64,7,0,0,8.4758
1128,24:30:00,24:30:00,131,8,0,0,9.7032
1128,24:34:00,24:34:00,51,9,0,0,11.1142
1128,24:37:00,24:37:00,126,10,0,0,12.6545
1128,24:40:00,24:40:00,25,11,0,0,13.9055
1128,24:45:00,24:45:00,121,12,0,0,16.6331
1128,24:48:00,24:48:00,46,13,0,0,17.9117
1128,24:51:00,24:51:00,43599,14,0,0,18.9337
1128,24:56:00,24:56:00,134,15,0,0,20.8710
1128,25:05:00,25:05:00,38174,16,0,0,25.9892
1128,25:21:00,25:21:00,63,17,0,0,29.5491
1129,06:35:00,06:35:00,151,1,0,0,0.0000
1129,06:38:00,06:38:00,64,2,0,0,1.2239
1129,06:41:00,06:41:00,131,3,0,0,2.4513
1129,06:45:00,06:45:00,51,4,0,0,3.8623
1129,06:49:00,06:49:00,126,5,0,0,5.4027
1129,06:52:00,06:52:00,25,6,0,0,6.6536
1129,06:57:00,06:57:00,121,7,0,0,9.3812
1129,07:00:00,07:00:00,46,8,0,0,10.6598
1129,07:04:00,07:04:00,43599,9,0,0,11.6818
1129,07:08:00,07:08:00,134,10,0,0,13.6191
1129,07:16:00,07:16:00,38174,11,0,0,18.7373
1129,07:28:00,07:28:00,63,12,0,0,22.2972
1130,07:35:00,07:35:00,151,1,0,0,0.0000
1130,07:38:00,07:38:00,64,2,0,0,1.2239
1130,07:41:00,07:41:00,131,3,0,0,2.4513
1130,07:45:00,07:45:00,51,4,0,0,3.8623
1130,07:49:00,07:49:00,126,5,0,0,5.4027
1130,07:52:00,07:52:00,25,6,0,0,6.6536
1130,07:57:00,07:57:00,121,7,0,0,9.3812
1130,08:00:00,08:00:00,46,8,0,0,10.6598
1130,08:04:00,08:04:00,43599,9,0,0,11.6818
1130,08:08:00,08:08:00,134,10,0,0,13.6191
1130,08:16:00,08:16:00,38174,11,0,0,18.7373
1130,08:28:00,08:28:00,63,12,0,0,22.2972
1131,08:35:00,08:35:00,151,1,0,0,0.0000
1131,08:38:00,08:38:00,64,2,0,0,1.2239
1131,08:41:00,08:41:00,131,3,0,0,2.4513
1131,08:45:00,08:45:00,51,4,0,0,3.8623
1131,08:49:00,08:49:00,126,5,0,0,5.4027
1131,08:52:00,08:52:00,25,6,0,0,6.6536
1131,08:57:00,08:57:00,121,7,0,0,9.3812
1131,09:00:00,09:00:00,46,8,0,0,10.6598
1131,09:04:00,09:04:00,43599,9,0,0,11.6818
1131,09:08:00,09:08:00,134,10,0,0,13.6191
1131,09:16:00,09:16:00,38174,11,0,0,18.7373
1131,09:28:00,09:28:00,63,12,0,0,22.2972
1132,09:35:00,09:35:00,151,1,0,0,0.0000
1132,09:38:00,09:38:00,64,2,0,0,1.2239
1132,09:41:00,09:41:00,131,3,0,0,2.4513
1132,09:45:00,09:45:00,51,4,0,0,3.8623
1132,09:49:00,09:49:00,126,5,0,0,5.4027
1132,09:52:00,09:52:00,25,6,0,0,6.6536
1132,09:57:00,09:57:00,121,7,0,0,9.3812
1132,10:00:00,10:00:00,46,8,0,0,10.6598
1132,10:04:00,10:04:00,43599,9,0,0,11.6818
1132,10:08:00,10:08:00,134,10,0,0,13.6191
1132,10:16:00,10:16:00,38174,11,0,0,18.7373
1132,10:28:00,10:28:00,63,12,0,0,22.2972
1133,11:35:00,11:35:00,151,1,0,0,0.0000
1133,11:38:00,11:38:00,64,2,0,0,1.2239
1133,11:41:00,11:41:00,131,3,0,0,2.4513
1133,11:45:00,11:45:00,51,4,0,0,3.8623
1133,11:49:00,11:49:00,126,5,0,0,5.4027
1133,11:52:00,11:52:00,25,6,0,0,6.6536
1133,11:57:00,11:57:00,121,7,0,0,9.3812
1133,12:00:00,12:00:00,46,8,0,0,10.6598
1133,12:04:00,12:04:00,43599,9,0,0,11.6818
1133,12:08:00,12:08:00,134,10,0,0,13.6191
1133,12:16:00,12:16:00,38174,11,0,0,18.7373
1133,12:28:00,12:28:00,63,12,0,0,22.2972
1134,13:35:00,13:35:00,151,1,0,0,0.0000
1134,13:38:00,13:38:00,64,2,0,0,1.2239
1134,13:41:00,13:41:00,131,3,0,0,2.4513
1134,13:45:00,13:45:00,51,4,0,0,3.8623
1134,13:49:00,13:49:00,126,5,0,0,5.4027
1134,13:52:00,13:52:00,25,6,0,0,6.6536
1134,13:57:00,13:57:00,121,7,0,0,9.3812
1134,14:00:00,14:00:00,46,8,0,0,10.6598
1134,14:04:00,14:04:00,43599,9,0,0,11.6818
1134,14:08:00,14:08:00,134,10,0,0,13.6191
1134,14:16:00,14:16:00,38174,11,0,0,18.7373
1134,14:28:00,14:28:00,63,12,0,0,22.2972
1135,15:35:00,15:35:00,151,1,0,0,0.0000
1135,15:38:00,15:38:00,64,2,0,0,1.2239
1135,15:41:00,15:41:00,131,3,0,0,2.4513
1135,15:45:00,15:45:00,51,4,0,0,3.8623
1135,15:49:00,15:49:00,126,5,0,0,5.4027
1135,15:52:00,15:52:00,25,6,0,0,6.6536
1135,15:57:00,15:57:00,121,7,0,0,9.3812
1135,16:00:00,16:00:00,46,8,0,0,10.6598
1135,16:04:00,16:04:00,43599,9,0,0,11.6818
1135,16:08:00,16:08:00,134,10,0,0,13.6191
1135,16:16:00,16:16:00,38174,11,0,0,18.7373
1135,16:28:00,16:28:00,63,12,0,0,22.2972
1136,17:34:00,17:34:00,151,1,0,0,0.0000
1136,17:38:00,17:38:00,64,2,0,0,1.2239
1136,17:41:00,17:41:00,131,3,0,0,2.4513
1136,17:45:00,17:45:00,51,4,0,0,3.8623
1136,17:49:00,17:49:00,126,5,0,0,5.4027
1136,17:52:00,17:52:00,25,6,0,0,6.6536
1136,17:57:00,17:57:00,121,7,0,0,9.3812
1136,18:00:00,18:00:00,46,8,0,0,10.6598
1136,18:04:00,18:04:00,43599,9,0,0,11.6818
1136,18:08:00,18:08:00,134,10,0,0,13.6191
1136,18:16:00,18:16:00,38174,11,0,0,18.7373
1136,18:28:00,18:28:00,63,12,0,0,22.2972
1137,18:34:00,18:34:00,151,1,0,0,0.0000
1137,18:38:00,18:38:00,64,2,0,0,1.2239
1137,18:41:00,18:41:00,131,3,0,0,2.4513
1137,18:45:00,18:45:00,51,4,0,0,3.8623
1137,18:49:00,18:49:00,126,5,0,0,5.4027
1137,18:52:00,18:52:00,25,6,0,0,6.6536
1137,18:57:00,18:57:00,121,7,0,0,9.3812
1137,19:00:00,19:00:00,46,8,0,0,10.6598
1137,19:04:00,19:04:00,43599,9,0,0,11.6818
1137,19:08:00,19:08:00,134,10,0,0,13.6191
1137,19:16:00,19:16:00,38174,11,0,0,18.7373
1137,19:28:00,19:28:00,63,12,0,0,22.2972
1138,19:34:00,19:34:00,151,1,0,0,0.0000
1138,19:38:00,19:38:00,64,2,0,0,1.2239
1138,19:41:00,19:41:00,131,3,0,0,2.4513
1138,19:45:00,19:45:00,51,4,0,0,3.8623
1138,19:49:00,19:49:00,126,5,0,0,5.4027
1138,19:52:00,19:52:00,25,6,0,0,6.6536
1138,19:57:00,19:57:00,121,7,0,0,9.3812
1138,20:00:00,20:00:00,46,8,0,0,10.6598
1138,20:04:00,20:04:00,43599,9,0,0,11.6818
1138,20:08:00,20:08:00,134,10,0,0,13.6191
1138,20:16:00,20:16:00,38174,11,0,0,18.7373
1138,20:28:00,20:28:00,63,12,0,0,22.2972
1139,21:35:00,21:35:00,151,1,0,0,0.0000
1139,21:38:00,21:38:00,64,2,0,0,1.2239
1139,21:41:00,21:41:00,131,3,0,0,2.4513
1139,21:45:00,21:45:00,51,4,0,0,3.8623
1139,21:49:00,21:49:00,126,5,0,0,5.4027
1139,21:52:00,21:52:00,25,6,0,0,6.6536
1139,21:57:00,21:57:00,121,7,0,0,9.3812
1139,22:00:00,22:00:00,46,8,0,0,10.6598
1139,22:04:00,22:04:00,43599,9,0,0,11.6818
1139,22:08:00,22:08:00,134,10,0,0,13.6191
1139,22:16:00,22:16:00,38174,11,0,0,18.7373
1139,22:28:00,22:28:00,63,12,0,0,22.2972
1140,16:33:00,16:33:00,151,1,0,0,0.0000
1140,16:36:00,16:36:00,64,2,0,0,1.2239
1140,16:39:00,16:39:00,131,3,0,0,2.4513
1140,16:43:00,16:43:00,52,4,0,0,3.8966
1140,16:46:00,16:46:00,58,5,0,0,5.6032
1140,16:51:00,16:51:00,116,6,0,0,7.6979
1140,16:57:00,16:57:00,29,7,0,0,11.2223
1140,17:00:00,17:00:00,115,8,0,0,12.8761
1140,17:03:00,17:03:00,33,9,0,0,14.1328
1140,17:06:00,17:06:00,75,10,0,0,15.2339
1140,17:09:00,17:09:00,66,11,0,0,15.8152
1140,17:16:00,17:16:00,38174,12,0,0,19.9354
1140,17:28:00,17:28:00,63,13,0,0,23.4953
1141,07:08:00,07:08:00,144,1,0,0,0.0000
1141,07:11:00,07:11:00,78,2,0,0,1.3782
1141,07:14:00,07:14:00,38417,3,0,0,2.7150
1141,07:17:00,07:17:00,128,4,0,0,3.9994
1141,07:20:00,07:20:00,3,5,0,0,5.9163
1141,07:23:00,07:23:00,151,6,0,0,7.2521
1141,07:27:00,07:27:00,64,7,0,0,8.4758
1141,07:30:00,07:30:00,131,8,0,0,9.7032
1141,07:33:00,07:33:00,52,9,0,0,11.1485
1141,07:37:00,07:37:00,58,10,0,0,12.8551
1141,07:42:00,07:42:00,116,11,0,0,14.9498
1141,07:48:00,07:48:00,29,12,0,0,18.4742
1141,07:51:00,07:51:00,115,13,0,0,20.1280
1141,07:54:00,07:54:00,33,14,0,0,21.3847
1141,07:57:00,07:57:00,75,15,0,0,22.4858
1141,07:59:00,07:59:00,66,16,0,0,23.0670
1141,08:07:00,08:07:00,38174,17,0,0,27.1873
1141,08:19:00,08:19:00,63,18,0,0,30.7472
1142,08:08:00,08:08:00,144,1,0,0,0.0000
1142,08:11:00,08:11:00,78,2,0,0,1.3782
1142,08:14:00,08:14:00,38417,3,0,0,2.7150
1142,08:17:00,08:17:00,128,4,0,0,3.9994
1142,08:20:00,08:20:00,3,5,0,0,5.9163
1142,08:23:00,08:23:00,151,6,0,0,7.2521
1142,08:27:00,08:27:00,64,7,0,0,8.4758
1142,08:30:00,08:30:00,131,8,0,0,9.7032
1142,08:33:00,08:33:00,52,9,0,0,11.1485
1142,08:37:00,08:37:00,58,10,0,0,12.8551
1142,08:42:00,08:42:00,116,11,0,0,14.9498
1142,08:48:00,08:48:00,29,12,0,0,18.4742
1142,08:51:00,08:51:00,115,13,0,0,20.1280
1142,08:54:00,08:54:00,33,14,0,0,21.3847
1142,08:57:00,08:57:00,75,15,0,0,22.4858
1142,08:59:00,08:59:00,66,16,0,0,23.0670
1142,09:07:00,09:07:00,38174,17,0,0,27.1873
1142,09:19:00,09:19:00,63,18,0,0,30.7472
1143,09:08:00,09:08:00,144,1,0,0,0.0000
1143,09:11:00,09:11:00,78,2,0,0,1.3782
1143,09:14:00,09:14:00,38417,3,0,0,2.7150
1143,09:17:00,09:17:00,128,4,0,0,3.9994
1143,09:20:00,09:20:00,3,5,0,0,5.9163
1143,09:23:00,09:23:00,151,6,0,0,7.2521
1143,09:27:00,09:27:00,64,7,0,0,8.4758
1143,09:30:00,09:30:00,131,8,0,0,9.7032
1143,09:33:00,09:33:00,52,9,0,0,11.1485
1143,09:37:00,09:37:00,58,10,0,0,12.8551
1143,09:42:00,09:42:00,116,11,0,0,14.9498
1143,09:48:00,09:48:00,29,12,0,0,18.4742
1143,09:51:00,09:51:00,115,13,0,0,20.1280
1143,09:54:00,09:54:00,33,14,0,0,21.3847
1143,09:57:00,09:57:00,75,15,0,0,22.4858
1143,09:59:00,09:59:00,66,16,0,0,23.0670
1143,10:07:00,10:07:00,38174,17,0,0,27.1873
1143,10:19:00,10:19:00,63,18,0,0,30.7472
1144,11:08:00,11:08:00,144,1,0,0,0.0000
1144,11:11:00,11:11:00,78,2,0,0,1.3782
1144,11:14:00,11:14:00,38417,3,0,0,2.7150
1144,11:17:00,11:17:00,128,4,0,0,3.9994
1144,11:20:00,11:20:00,3,5,0,0,5.9163
1144,11:23:00,11:23:00,151,6,0,0,7.2521
1144,11:27:00,11:27:00,64,7,0,0,8.4758
1144,11:30:00,11:30:00,131,8,0,0,9.7032
1144,11:33:00,11:33:00,52,9,0,0,11.1485
1144,11:37:00,11:37:00,58,10,0,0,12.8551
1144,11:42:00,11:42:00,116,11,0,0,14.9498
1144,11:48:00,11:48:00,29,12,0,0,18.4742
1144,11:51:00,11:51:00,115,13,0,0,20.1280
1144,11:54:00,11:54:00,33,14,0,0,21.3847
1144,11:57:00,11:57:00,75,15,0,0,22.4858
1144,11:59:00,11:59:00,66,16,0,0,23.0670
1144,12:07:00,12:07:00,38174,17,0,0,27.1873
1144,12:19:00,12:19:00,63,18,0,0,30.7472
1145,13:08:00,13:08:00,144,1,0,0,0.0000
1145,13:11:00,13:11:00,78,2,0,0,1.3782
1145,13:14:00,13:14:00,38417,3,0,0,2.7150
1145,13:17:00,13:17:00,128,4,0,0,3.9994
1145,13:20:00,13:20:00,3,5,0,0,5.9163
1145,13:23:00,13:23:00,151,6,0,0,7.2521
1145,13:27:00,13:27:00,64,7,0,0,8.4758
1145,13:30:00,13:30:00,131,8,0,0,9.7032
1145,13:33:00,13:33:00,52,9,0,0,11.1485
1145,13:37:00,13:37:00,58,10,0,0,12.8551
1145,13:42:00,13:42:00,116,11,0,0,14.9498
1145,13:48:00,13:48:00,29,12,0,0,18.4742
1145,13:51:00,13:51:00,115,13,0,0,20.1280
1145,13:54:00,13:54:00,33,14,0,0,21.3847
1145,13:57:00,13:57:00,75,15,0,0,22.4858
1145,13:59:00,13:59:00,66,16,0,0,23.0670
1145,14:07:00,14:07:00,38174,17,0,0,27.1873
1145,14:19:00,14:19:00,63,18,0,0,30.7472
1146,14:08:00,14:08:00,144,1,0,0,0.0000
1146,14:11:00,14:11:00,78,2,0,0,1.3782
1146,14:14:00,14:14:00,38417,3,0,0,2.7150
1146,14:17:00,14:17:00,128,4,0,0,3.9994
1146,14:20:00,14:20:00,3,5,0,0,5.9163
1146,14:23:00,14:23:00,151,6,0,0,7.2521
1146,14:27:00,14:27:00,64,7,0,0,8.4758
1146,14:30:00,14:30:00,131,8,0,0,9.7032
1146,14:33:00,14:33:00,52,9,0,0,11.1485
1146,14:37:00,14:37:00,58,10,0,0,12.8551
1146,14:42:00,14:42:00,116,11,0,0,14.9498
1146,14:48:00,14:48:00,29,12,0,0,18.4742
1146,14:51:00,14:51:00,115,13,0,0,20.1280
1146,14:54:00,14:54:00,33,14,0,0,21.3847
1146,14:57:00,14:57:00,75,15,0,0,22.4858
1146,14:59:00,14:59:00,66,16,0,0,23.0670
1146,15:07:00,15:07:00,38174,17,0,0,27.1873
1146,15:19:00,15:19:00,63,18,0,0,30.7472
1147,15:08:00,15:08:00,144,1,0,0,0.0000
1147,15:11:00,15:11:00,78,2,0,0,1.3782
1147,15:14:00,15:14:00,38417,3,0,0,2.7150
1147,15:17:00,15:17:00,128,4,0,0,3.9994
1147,15:20:00,15:20:00,3,5,0,0,5.9163
1147,15:23:00,15:23:00,151,6,0,0,7.2521
1147,15:27:00,15:27:00,64,7,0,0,8.4758
1147,15:30:00,15:30:00,131,8,0,0,9.7032
1147,15:33:00,15:33:00,52,9,0,0,11.1485
1147,15:37:00,15:37:00,58,10,0,0,12.8551
1147,15:42:00,15:42:00,116,11,0,0,14.9498
1147,15:48:00,15:48:00,29,12,0,0,18.4742
1147,15:51:00,15:51:00,115,13,0,0,20.1280
1147,15:54:00,15:54:00,33,14,0,0,21.3847
1147,15:57:00,15:57:00,75,15,0,0,22.4858
1147,15:59:00,15:59:00,66,16,0,0,23.0670
1147,16:07:00,16:07:00,38174,17,0,0,27.1873
1147,16:19:00,16:19:00,63,18,0,0,30.7472
1148,17:08:00,17:08:00,144,1,0,0,0.0000
1148,17:11:00,17:11:00,78,2,0,0,1.3782
1148,17:14:00,17:14:00,38417,3,0,0,2.7150
1148,17:17:00,17:17:00,128,4,0,0,3.9994
1148,17:20:00,17:20:00,3,5,0,0,5.9163
1148,17:23:00,17:23:00,151,6,0,0,7.2521
1148,17:27:00,17:27:00,64,7,0,0,8.4758
1148,17:30:00,17:30:00,131,8,0,0,9.7032
1148,17:33:00,17:33:00,52,9,0,0,11.1485
1148,17:37:00,17:37:00,58,10,0,0,12.8551
1148,17:42:00,17:42:00,116,11,0,0,14.9498
1148,17:48:00,17:48:00,29,12,0,0,18.4742
1148,17:51:00,17:51:00,115,13,0,0,20.1280
1148,17:54:00,17:54:00,33,14,0,0,21.3847
1148,17:57:00,17:57:00,75,15,0,0,22.4858
1148,17:59:00,17:59:00,66,16,0,0,23.0670
1148,18:07:00,18:07:00,38174,17,0,0,27.1873
1148,18:19:00,18:19:00,63,18,0,0,30.7472
1149,18:08:00,18:08:00,144,1,0,0,0.0000
1149,18:11:00,18:11:00,78,2,0,0,1.3782
1149,18:14:00,18:14:00,38417,3,0,0,2.7150
1149,18:17:00,18:17:00,128,4,0,0,3.9994
