1149,18:20:00,18:20:00,3,5,0,0,5.9163
1149,18:23:00,18:23:00,151,6,0,0,7.2521
1149,18:27:00,18:27:00,64,7,0,0,8.4758
1149,18:30:00,18:30:00,131,8,0,0,9.7032
1149,18:33:00,18:33:00,52,9,0,0,11.1485
1149,18:37:00,18:37:00,58,10,0,0,12.8551
1149,18:42:00,18:42:00,116,11,0,0,14.9498
1149,18:48:00,18:48:00,29,12,0,0,18.4742
1149,18:51:00,18:51:00,115,13,0,0,20.1280
1149,18:54:00,18:54:00,33,14,0,0,21.3847
1149,18:57:00,18:57:00,75,15,0,0,22.4858
1149,18:59:00,18:59:00,66,16,0,0,23.0670
1149,19:07:00,19:07:00,38174,17,0,0,27.1873
1149,19:19:00,19:19:00,63,18,0,0,30.7472
1150,19:08:00,19:08:00,144,1,0,0,0.0000
1150,19:11:00,19:11:00,78,2,0,0,1.3782
1150,19:14:00,19:14:00,38417,3,0,0,2.7150
1150,19:17:00,19:17:00,128,4,0,0,3.9994
1150,19:20:00,19:20:00,3,5,0,0,5.9163
1150,19:23:00,19:23:00,151,6,0,0,7.2521
1150,19:27:00,19:27:00,64,7,0,0,8.4758
1150,19:30:00,19:30:00,131,8,0,0,9.7032
1150,19:33:00,19:33:00,52,9,0,0,11.1485
1150,19:37:00,19:37:00,58,10,0,0,12.8551
1150,19:42:00,19:42:00,116,11,0,0,14.9498
1150,19:48:00,19:48:00,29,12,0,0,18.4742
1150,19:51:00,19:51:00,115,13,0,0,20.1280
1150,19:54:00,19:54:00,33,14,0,0,21.3847
1150,19:57:00,19:57:00,75,15,0,0,22.4858
1150,19:59:00,19:59:00,66,16,0,0,23.0670
1150,20:07:00,20:07:00,38174,17,0,0,27.1873
1150,20:19:00,20:19:00,63,18,0,0,30.7472
1151,20:08:00,20:08:00,144,1,0,0,0.0000
1151,20:11:00,20:11:00,78,2,0,0,1.3782
1151,20:14:00,20:14:00,38417,3,0,0,2.7150
1151,20:17:00,20:17:00,128,4,0,0,3.9994
1151,20:20:00,20:20:00,3,5,0,0,5.9163
1151,20:23:00,20:23:00,151,6,0,0,7.2521
1151,20:27:00,20:27:00,64,7,0,0,8.4758
1151,20:30:00,20:30:00,131,8,0,0,9.7032
1151,20:33:00,20:33:00,52,9,0,0,11.1485
1151,20:37:00,20:37:00,58,10,0,0,12.8551
1151,20:42:00,20:42:00,116,11,0,0,14.9498
1151,20:48:00,20:48:00,29,12,0,0,18.4742
1151,20:51:00,20:51:00,115,13,0,0,20.1280
1151,20:54:00,20:54:00,33,14,0,0,21.3847
1151,20:57:00,20:57:00,75,15,0,0,22.4858
1151,20:59:00,20:59:00,66,16,0,0,23.0670
1151,21:07:00,21:07:00,38174,17,0,0,27.1873
1151,21:19:00,21:19:00,63,18,0,0,30.7472
1152,21:08:00,21:08:00,144,1,0,0,0.0000
1152,21:11:00,21:11:00,78,2,0,0,1.3782
1152,21:14:00,21:14:00,38417,3,0,0,2.7150
1152,21:17:00,21:17:00,128,4,0,0,3.9994
1152,21:20:00,21:20:00,3,5,0,0,5.9163
1152,21:23:00,21:23:00,151,6,0,0,7.2521
1152,21:27:00,21:27:00,64,7,0,0,8.4758
1152,21:30:00,21:30:00,131,8,0,0,9.7032
1152,21:33:00,21:33:00,52,9,0,0,11.1485
1152,21:37:00,21:37:00,58,10,0,0,12.8551
1152,21:42:00,21:42:00,116,11,0,0,14.9498
1152,21:48:00,21:48:00,29,12,0,0,18.4742
1152,21:51:00,21:51:00,115,13,0,0,20.1280
1152,21:54:00,21:54:00,33,14,0,0,21.3847
1152,21:57:00,21:57:00,75,15,0,0,22.4858
1152,21:59:00,21:59:00,66,16,0,0,23.0670
1152,22:07:00,22:07:00,38174,17,0,0,27.1873
1152,22:19:00,22:19:00,63,18,0,0,30.7472
1153,07:40:00,07:40:00,151,1,0,0,0.0000
1153,07:44:00,07:44:00,64,2,0,0,1.2239
1153,07:48:00,07:48:00,131,3,0,0,2.4513
1153,07:54:00,07:54:00,126,4,0,0,5.4027
1153,07:58:00,07:58:00,25,5,0,0,6.6536
1153,08:02:00,08:02:00,121,6,0,0,9.3812
1153,08:08:00,08:08:00,43599,7,0,0,11.6818
1153,08:13:00,08:13:00,134,8,0,0,13.6191
1153,08:21:00,08:21:00,38174,9,0,0,18.7373
1153,08:33:00,08:33:00,63,10,0,0,22.2972
1154,18:52:00,18:52:00,131,1,0,0,0.0000
1154,18:55:00,18:55:00,52,2,0,0,1.4479
1154,18:59:00,18:59:00,58,3,0,0,3.1545
1154,19:04:00,19:04:00,116,4,0,0,5.2492
1154,19:09:00,19:09:00,29,5,0,0,8.7737
1154,19:12:00,19:12:00,115,6,0,0,10.4275
1154,19:15:00,19:15:00,33,7,0,0,11.6841
1154,19:18:00,19:18:00,75,8,0,0,12.7852
1154,19:20:00,19:20:00,66,9,0,0,13.3665
1154,19:28:00,19:28:00,38174,10,0,0,17.4867
1154,19:39:00,19:39:00,63,11,0,0,21.0466
1155,19:53:00,19:53:00,151,1,0,0,0.0000
1155,19:56:00,19:56:00,64,2,0,0,1.2239
1155,20:00:00,20:00:00,131,3,0,0,2.4513
1155,20:04:00,20:04:00,51,4,0,0,3.8623
1155,20:07:00,20:07:00,126,5,0,0,5.4027
1155,20:11:00,20:11:00,25,6,0,0,6.6536
1155,20:15:00,20:15:00,121,7,0,0,9.3812
1155,20:20:00,20:20:00,43599,8,0,0,11.6818
1155,20:25:00,20:25:00,134,9,0,0,13.6191
1155,20:33:00,20:33:00,38174,10,0,0,18.7373
1155,20:44:00,20:44:00,63,11,0,0,22.2972
1156,22:12:00,22:12:00,151,1,0,0,0.0000
1156,22:15:00,22:15:00,64,2,0,0,1.2239
1156,22:19:00,22:19:00,131,3,0,0,2.4513
1156,22:22:00,22:22:00,51,4,0,0,3.8623
1156,22:26:00,22:26:00,126,5,0,0,5.4027
1156,22:29:00,22:29:00,25,6,0,0,6.6536
1156,22:34:00,22:34:00,121,7,0,0,9.3812
1156,22:39:00,22:39:00,43599,8,0,0,11.6818
1156,22:43:00,22:43:00,134,9,0,0,13.6191
1156,22:51:00,22:51:00,38174,10,0,0,18.7373
1156,23:03:00,23:03:00,63,11,0,0,22.2972
1157,06:37:00,06:37:00,144,1,0,0,0.0000
1157,06:40:00,06:40:00,78,2,0,0,1.3782
1157,06:43:00,06:43:00,38417,3,0,0,2.7150
1157,06:47:00,06:47:00,128,4,0,0,3.9994
1157,06:51:00,06:51:00,3,5,0,0,5.9163
1157,06:54:00,06:54:00,151,6,0,0,7.2521
1157,06:58:00,06:58:00,64,7,0,0,8.4758
1157,07:02:00,07:02:00,131,8,0,0,9.7032
1157,07:06:00,07:06:00,51,9,0,0,11.1142
1157,07:10:00,07:10:00,126,10,0,0,12.6545
1157,07:28:00,07:28:00,38174,11,0,0,25.9892
1157,07:40:00,07:40:00,63,12,0,0,29.5491
1158,07:11:00,07:11:00,144,1,0,0,0.0000
1158,07:14:00,07:14:00,78,2,0,0,1.3782
1158,07:18:00,07:18:00,38417,3,0,0,2.7150
1158,07:22:00,07:22:00,128,4,0,0,3.9994
1158,07:25:00,07:25:00,3,5,0,0,5.9163
1158,07:29:00,07:29:00,151,6,0,0,7.2521
1158,07:33:00,07:33:00,64,7,0,0,8.4758
1158,07:37:00,07:37:00,131,8,0,0,9.7032
1158,07:41:00,07:41:00,51,9,0,0,11.1142
1158,07:45:00,07:45:00,126,10,0,0,12.6545
1158,08:03:00,08:03:00,38174,11,0,0,25.9892
1158,08:14:00,08:14:00,63,12,0,0,29.5491
1159,07:45:00,07:45:00,144,1,0,0,0.0000
1159,07:48:00,07:48:00,78,2,0,0,1.3782
1159,07:51:00,07:51:00,38417,3,0,0,2.7150
1159,07:55:00,07:55:00,128,4,0,0,3.9994
1159,07:58:00,07:58:00,3,5,0,0,5.9163
1159,08:01:00,08:01:00,151,6,0,0,7.2521
1159,08:05:00,08:05:00,64,7,0,0,8.4758
1159,08:08:00,08:08:00,131,8,0,0,9.7032
1159,08:12:00,08:12:00,51,9,0,0,11.1142
1159,08:16:00,08:16:00,126,10,0,0,12.6545
1159,08:33:00,08:33:00,38174,11,0,0,25.9892
1159,08:44:00,08:44:00,63,12,0,0,29.5491
1160,07:09:00,07:09:00,151,1,0,0,0.0000
1160,07:13:00,07:13:00,64,2,0,0,1.2239
1160,07:17:00,07:17:00,131,3,0,0,2.4513
1160,07:22:00,07:22:00,51,4,0,0,3.8623
1160,07:26:00,07:26:00,126,5,0,0,5.4027
1160,07:30:00,07:30:00,25,6,0,0,6.6536
1160,07:35:00,07:35:00,121,7,0,0,9.3812
1160,07:39:00,07:39:00,46,8,0,0,10.6598
1160,07:42:00,07:42:00,43599,9,0,0,11.6818
1160,07:47:00,07:47:00,134,10,0,0,13.6191
1160,07:56:00,07:56:00,38174,11,0,0,18.7373
1160,08:09:00,08:09:00,63,12,0,0,22.2972
1161,12:20:00,12:20:00,151,1,0,0,0.0000
1161,12:23:00,12:23:00,64,2,0,0,1.2239
1161,12:26:00,12:26:00,131,3,0,0,2.4513
1161,12:30:00,12:30:00,51,4,0,0,3.8623
1161,12:34:00,12:34:00,126,5,0,0,5.4027
1161,12:37:00,12:37:00,25,6,0,0,6.6536
1161,12:42:00,12:42:00,121,7,0,0,9.3812
1161,12:45:00,12:45:00,46,8,0,0,10.6598
1161,12:48:00,12:48:00,43599,9,0,0,11.6818
1161,12:53:00,12:53:00,134,10,0,0,13.6191
1161,13:01:00,13:01:00,38174,11,0,0,18.7373
1161,13:13:00,13:13:00,63,12,0,0,22.2972
1162,06:25:00,06:25:00,151,1,0,0,0.0000
1162,06:28:00,06:28:00,64,2,0,0,1.2239
1162,06:32:00,06:32:00,131,3,0,0,2.4513
1162,06:35:00,06:35:00,52,4,0,0,3.8966
1162,06:39:00,06:39:00,58,5,0,0,5.6032
1162,06:44:00,06:44:00,116,6,0,0,7.6979
1162,06:50:00,06:50:00,29,7,0,0,11.2223
1162,06:54:00,06:54:00,115,8,0,0,12.8761
1162,06:57:00,06:57:00,33,9,0,0,14.1328
1162,07:00:00,07:00:00,75,10,0,0,15.2339
1162,07:03:00,07:03:00,66,11,0,0,15.8152
1162,07:12:00,07:12:00,38174,12,0,0,19.9354
1162,07:23:00,07:23:00,63,13,0,0,23.4953
1163,06:47:00,06:47:00,151,1,0,0,0.0000
1163,06:50:00,06:50:00,64,2,0,0,1.2239
1163,06:54:00,06:54:00,131,3,0,0,2.4513
1163,06:57:00,06:57:00,52,4,0,0,3.8966
1163,07:01:00,07:01:00,58,5,0,0,5.6032
1163,07:06:00,07:06:00,116,6,0,0,7.6979
1163,07:13:00,07:13:00,29,7,0,0,11.2223
1163,07:17:00,07:17:00,115,8,0,0,12.8761
1163,07:20:00,07:20:00,33,9,0,0,14.1328
1163,07:24:00,07:24:00,75,10,0,0,15.2339
1163,07:27:00,07:27:00,66,11,0,0,15.8152
1163,07:35:00,07:35:00,38174,12,0,0,19.9354
1163,07:47:00,07:47:00,63,13,0,0,23.4953
1164,07:20:00,07:20:00,151,1,0,0,0.0000
1164,07:23:00,07:23:00,64,2,0,0,1.2239
1164,07:27:00,07:27:00,131,3,0,0,2.4513
1164,07:31:00,07:31:00,52,4,0,0,3.8966
1164,07:35:00,07:35:00,58,5,0,0,5.6032
1164,07:39:00,07:39:00,116,6,0,0,7.6979
1164,07:46:00,07:46:00,29,7,0,0,11.2223
1164,07:50:00,07:50:00,115,8,0,0,12.8761
1164,07:54:00,07:54:00,33,9,0,0,14.1328
1164,07:58:00,07:58:00,75,10,0,0,15.2339
1164,08:01:00,08:01:00,66,11,0,0,15.8152
1164,08:10:00,08:10:00,38174,12,0,0,19.9354
1164,08:22:00,08:22:00,63,13,0,0,23.4953
1165,07:51:00,07:51:00,151,1,0,0,0.0000
1165,07:54:00,07:54:00,64,2,0,0,1.2239
1165,07:58:00,07:58:00,131,3,0,0,2.4513
1165,08:02:00,08:02:00,52,4,0,0,3.8966
1165,08:06:00,08:06:00,58,5,0,0,5.6032
1165,08:10:00,08:10:00,116,6,0,0,7.6979
1165,08:17:00,08:17:00,29,7,0,0,11.2223
1165,08:21:00,08:21:00,115,8,0,0,12.8761
1165,08:24:00,08:24:00,33,9,0,0,14.1328
1165,08:27:00,08:27:00,75,10,0,0,15.2339
1165,08:30:00,08:30:00,66,11,0,0,15.8152
1165,08:38:00,08:38:00,38174,12,0,0,19.9354
1165,08:49:00,08:49:00,63,13,0,0,23.4953
1166,08:33:00,08:33:00,151,1,0,0,0.0000
1166,08:36:00,08:36:00,64,2,0,0,1.2239
1166,08:39:00,08:39:00,131,3,0,0,2.4513
1166,08:43:00,08:43:00,52,4,0,0,3.8966
1166,08:47:00,08:47:00,58,5,0,0,5.6032
1166,08:51:00,08:51:00,116,6,0,0,7.6979
1166,08:58:00,08:58:00,29,7,0,0,11.2223
1166,09:01:00,09:01:00,115,8,0,0,12.8761
1166,09:04:00,09:04:00,33,9,0,0,14.1328
1166,09:07:00,09:07:00,75,10,0,0,15.2339
1166,09:10:00,09:10:00,66,11,0,0,15.8152
1166,09:17:00,09:17:00,38174,12,0,0,19.9354
1166,09:29:00,09:29:00,63,13,0,0,23.4953
1167,08:56:00,08:56:00,151,1,0,0,0.0000
1167,09:00:00,09:00:00,64,2,0,0,1.2239
1167,09:03:00,09:03:00,131,3,0,0,2.4513
1167,09:06:00,09:06:00,52,4,0,0,3.8966
1167,09:10:00,09:10:00,58,5,0,0,5.6032
1167,09:14:00,09:14:00,116,6,0,0,7.6979
1167,09:21:00,09:21:00,29,7,0,0,11.2223
1167,09:24:00,09:24:00,115,8,0,0,12.8761
1167,09:27:00,09:27:00,33,9,0,0,14.1328
1167,09:29:00,09:29:00,75,10,0,0,15.2339
1167,09:32:00,09:32:00,66,11,0,0,15.8152
1167,09:40:00,09:40:00,38174,12,0,0,19.9354
1167,09:52:00,09:52:00,63,13,0,0,23.4953
1168,09:50:00,09:50:00,151,1,0,0,0.0000
1168,09:54:00,09:54:00,64,2,0,0,1.2239
1168,09:57:00,09:57:00,131,3,0,0,2.4513
1168,10:00:00,10:00:00,52,4,0,0,3.8966
1168,10:04:00,10:04:00,58,5,0,0,5.6032
1168,10:08:00,10:08:00,116,6,0,0,7.6979
1168,10:15:00,10:15:00,29,7,0,0,11.2223
1168,10:18:00,10:18:00,115,8,0,0,12.8761
1168,10:21:00,10:21:00,33,9,0,0,14.1328
1168,10:23:00,10:23:00,75,10,0,0,15.2339
1168,10:26:00,10:26:00,66,11,0,0,15.8152
1168,10:34:00,10:34:00,38174,12,0,0,19.9354
1168,10:46:00,10:46:00,63,13,0,0,23.4953
1169,10:50:00,10:50:00,151,1,0,0,0.0000
1169,10:54:00,10:54:00,64,2,0,0,1.2239
1169,10:57:00,10:57:00,131,3,0,0,2.4513
1169,11:00:00,11:00:00,52,4,0,0,3.8966
1169,11:04:00,11:04:00,58,5,0,0,5.6032
1169,11:08:00,11:08:00,116,6,0,0,7.6979
1169,11:15:00,11:15:00,29,7,0,0,11.2223
1169,11:18:00,11:18:00,115,8,0,0,12.8761
1169,11:21:00,11:21:00,33,9,0,0,14.1328
1169,11:23:00,11:23:00,75,10,0,0,15.2339
1169,11:26:00,11:26:00,66,11,0,0,15.8152
1169,11:34:00,11:34:00,38174,12,0,0,19.9354
1169,11:46:00,11:46:00,63,13,0,0,23.4953
1170,14:10:00,14:10:00,151,1,0,0,0.0000
1170,14:13:00,14:13:00,64,2,0,0,1.2239
1170,14:16:00,14:16:00,131,3,0,0,2.4513
1170,14:19:00,14:19:00,52,4,0,0,3.8966
1170,14:23:00,14:23:00,58,5,0,0,5.6032
1170,14:27:00,14:27:00,116,6,0,0,7.6979
1170,14:34:00,14:34:00,29,7,0,0,11.2223
1170,14:37:00,14:37:00,115,8,0,0,12.8761
1170,14:40:00,14:40:00,33,9,0,0,14.1328
1170,14:42:00,14:42:00,75,10,0,0,15.2339
1170,14:45:00,14:45:00,66,11,0,0,15.8152
1170,14:52:00,14:52:00,38174,12,0,0,19.9354
1170,15:05:00,15:05:00,63,13,0,0,23.4953
1171,15:38:00,15:38:00,151,1,0,0,0.0000
1171,15:41:00,15:41:00,64,2,0,0,1.2239
1171,15:44:00,15:44:00,131,3,0,0,2.4513
1171,15:47:00,15:47:00,52,4,0,0,3.8966
1171,15:51:00,15:51:00,58,5,0,0,5.6032
1171,15:55:00,15:55:00,116,6,0,0,7.6979
1171,16:02:00,16:02:00,29,7,0,0,11.2223
1171,16:05:00,16:05:00,115,8,0,0,12.8761
1171,16:08:00,16:08:00,33,9,0,0,14.1328
1171,16:10:00,16:10:00,75,10,0,0,15.2339
1171,16:13:00,16:13:00,66,11,0,0,15.8152
1171,16:21:00,16:21:00,38174,12,0,0,19.9354
1171,16:35:00,16:35:00,63,13,0,0,23.4953
1172,23:35:00,23:35:00,151,1,0,0,0.0000
1172,23:39:00,23:39:00,64,2,0,0,1.2239
1172,23:42:00,23:42:00,131,3,0,0,2.4513
1172,23:45:00,23:45:00,52,4,0,0,3.8966
1172,23:49:00,23:49:00,58,5,0,0,5.6032
1172,23:54:00,23:54:00,116,6,0,0,7.6979
1172,23:59:00,23:59:00,29,7,0,0,11.2223
1172,24:02:00,24:02:00,115,8,0,0,12.8761
1172,24:05:00,24:05:00,33,9,0,0,14.1328
1172,24:08:00,24:08:00,75,10,0,0,15.2339
1172,24:10:00,24:10:00,66,11,0,0,15.8152
1172,24:18:00,24:18:00,38174,12,0,0,19.9354
1172,24:29:00,24:29:00,63,13,0,0,23.4953
1173,08:03:00,08:03:00,144,1,0,0,0.0000
1173,08:06:00,08:06:00,78,2,0,0,1.3782
1173,08:10:00,08:10:00,128,3,0,0,4.0337
1173,08:13:00,08:13:00,3,4,0,0,5.9167
1173,08:17:00,08:17:00,151,5,0,0,7.2525
1173,08:20:00,08:20:00,64,6,0,0,8.4761
1173,08:23:00,08:23:00,131,7,0,0,9.7036
1173,08:27:00,08:27:00,51,8,0,0,11.1146
1173,08:31:00,08:31:00,126,9,0,0,12.6549
1173,08:34:00,08:34:00,25,10,0,0,13.9059
1173,08:39:00,08:39:00,121,11,0,0,16.6335
1173,08:43:00,08:43:00,46,12,0,0,17.9121
1173,08:46:00,08:46:00,43599,13,0,0,18.9341
1173,08:51:00,08:51:00,134,14,0,0,20.8714
1173,08:59:00,08:59:00,38174,15,0,0,25.9896
1173,09:10:00,09:10:00,63,16,0,0,29.5494
1174,05:29:00,05:29:00,144,1,0,0,0.0000
1174,05:32:00,05:32:00,78,2,0,0,1.3782
1174,05:35:00,05:35:00,38417,3,0,0,2.7150
1174,05:39:00,05:39:00,128,4,0,0,3.9994
1174,05:42:00,05:42:00,3,5,0,0,5.9163
1174,05:45:00,05:45:00,151,6,0,0,7.2521
1174,05:49:00,05:49:00,64,7,0,0,8.4758
1174,05:52:00,05:52:00,131,8,0,0,9.7032
1174,05:56:00,05:56:00,51,9,0,0,11.1142
1174,06:00:00,06:00:00,126,10,0,0,12.6545
1174,06:03:00,06:03:00,25,11,0,0,13.9055
1174,06:08:00,06:08:00,121,12,0,0,16.6331
1174,06:13:00,06:13:00,43599,13,0,0,18.9337
1174,06:18:00,06:18:00,134,14,0,0,20.8710
1174,06:26:00,06:26:00,38174,15,0,0,25.9892
1174,06:37:00,06:37:00,63,16,0,0,29.5491
1175,06:22:00,06:22:00,144,1,0,0,0.0000
1175,06:25:00,06:25:00,78,2,0,0,1.3782
1175,06:28:00,06:28:00,38417,3,0,0,2.7150
1175,06:31:00,06:31:00,128,4,0,0,3.9994
1175,06:35:00,06:35:00,3,5,0,0,5.9163
1175,06:38:00,06:38:00,151,6,0,0,7.2521
1175,06:42:00,06:42:00,64,7,0,0,8.4758
1175,06:45:00,06:45:00,131,8,0,0,9.7032
1175,06:49:00,06:49:00,51,9,0,0,11.1142
1175,06:53:00,06:53:00,126,10,0,0,12.6545
1175,06:57:00,06:57:00,25,11,0,0,13.9055
1175,07:02:00,07:02:00,121,12,0,0,16.6331
1175,07:07:00,07:07:00,43599,13,0,0,18.9337
1175,07:12:00,07:12:00,134,14,0,0,20.8710
1175,07:20:00,07:20:00,38174,15,0,0,25.9892
1175,07:32:00,07:32:00,63,16,0,0,29.5491
1176,09:14:00,09:14:00,144,1,0,0,0.0000
1176,09:17:00,09:17:00,78,2,0,0,1.3782
1176,09:20:00,09:20:00,38417,3,0,0,2.7150
1176,09:23:00,09:23:00,128,4,0,0,3.9994
1176,09:27:00,09:27:00,3,5,0,0,5.9163
1176,09:30:00,09:30:00,151,6,0,0,7.2521
1176,09:34:00,09:34:00,64,7,0,0,8.4758
1176,09:37:00,09:37:00,131,8,0,0,9.7032
1176,09:41:00,09:41:00,51,9,0,0,11.1142
1176,09:44:00,09:44:00,126,10,0,0,12.6545
1176,09:48:00,09:48:00,25,11,0,0,13.9055
1176,09:52:00,09:52:00,121,12,0,0,16.6331
1176,09:57:00,09:57:00,43599,13,0,0,18.9337
1176,10:02:00,10:02:00,134,14,0,0,20.8710
1176,10:10:00,10:10:00,38174,15,0,0,25.9892
1176,10:22:00,10:22:00,63,16,0,0,29.5491
1177,16:27:00,16:27:00,144,1,0,0,0.0000
1177,16:30:00,16:30:00,78,2,0,0,1.3782
1177,16:33:00,16:33:00,38417,3,0,0,2.7150
1177,16:36:00,16:36:00,128,4,0,0,3.9994
1177,16:40:00,16:40:00,3,5,0,0,5.9163
1177,16:43:00,16:43:00,151,6,0,0,7.2521
1177,16:46:00,16:46:00,64,7,0,0,8.4758
1177,16:50:00,16:50:00,131,8,0,0,9.7032
1177,16:54:00,16:54:00,51,9,0,0,11.1142
1177,16:57:00,16:57:00,126,10,0,0,12.6545
1177,17:01:00,17:01:00,25,11,0,0,13.9055
1177,17:06:00,17:06:00,121,12,0,0,16.6331
1177,17:10:00,17:10:00,43599,13,0,0,18.9337
1177,17:15:00,17:15:00,134,14,0,0,20.8710
1177,17:23:00,17:23:00,38174,15,0,0,25.9892
1177,17:35:00,17:35:00,63,16,0,0,29.5491
1178,18:23:00,18:23:00,144,1,0,0,0.0000
1178,18:25:00,18:25:00,78,2,0,0,1.3782
1178,18:28:00,18:28:00,38417,3,0,0,2.7150
1178,18:32:00,18:32:00,128,4,0,0,3.9994
1178,18:35:00,18:35:00,3,5,0,0,5.9163
1178,18:39:00,18:39:00,151,6,0,0,7.2521
1178,18:42:00,18:42:00,64,7,0,0,8.4758
1178,18:46:00,18:46:00,131,8,0,0,9.7032
1178,18:50:00,18:50:00,51,9,0,0,11.1142
1178,18:53:00,18:53:00,126,10,0,0,12.6545
1178,18:56:00,18:56:00,25,11,0,0,13.9055
1178,19:00:00,19:00:00,121,12,0,0,16.6331
1178,19:05:00,19:05:00,43599,13,0,0,18.9337
1178,19:10:00,19:10:00,134,14,0,0,20.8710
1178,19:18:00,19:18:00,38174,15,0,0,25.9892
1178,19:29:00,19:29:00,63,16,0,0,29.5491
1179,05:54:00,05:54:00,144,1,0,0,0.0000
1179,05:57:00,05:57:00,78,2,0,0,1.3782
1179,06:00:00,06:00:00,38417,3,0,0,2.7150
1179,06:04:00,06:04:00,128,4,0,0,3.9994
1179,06:07:00,06:07:00,3,5,0,0,5.9163
1179,06:10:00,06:10:00,151,6,0,0,7.2521
1179,06:14:00,06:14:00,64,7,0,0,8.4758
1179,06:17:00,06:17:00,131,8,0,0,9.7032
1179,06:21:00,06:21:00,51,9,0,0,11.1142
1179,06:25:00,06:25:00,126,10,0,0,12.6545
1179,06:29:00,06:29:00,25,11,0,0,13.9055
1179,06:34:00,06:34:00,121,12,0,0,16.6331
1179,06:37:00,06:37:00,46,13,0,0,17.9117
1179,06:41:00,06:41:00,43599,14,0,0,18.9337
1179,06:46:00,06:46:00,134,15,0,0,20.8710
1179,06:54:00,06:54:00,38174,16,0,0,25.9892
1179,07:05:00,07:05:00,63,17,0,0,29.5491
1180,08:35:00,08:35:00,144,1,0,0,0.0000
1180,08:38:00,08:38:00,78,2,0,0,1.3782
1180,08:41:00,08:41:00,38417,3,0,0,2.7150
1180,08:44:00,08:44:00,128,4,0,0,3.9994
1180,08:47:00,08:47:00,3,5,0,0,5.9163
1180,08:51:00,08:51:00,151,6,0,0,7.2521
1180,08:54:00,08:54:00,64,7,0,0,8.4758
1180,08:57:00,08:57:00,131,8,0,0,9.7032
1180,09:01:00,09:01:00,51,9,0,0,11.1142
1180,09:05:00,09:05:00,126,10,0,0,12.6545
1180,09:08:00,09:08:00,25,11,0,0,13.9055
1180,09:13:00,09:13:00,121,12,0,0,16.6331
1180,09:16:00,09:16:00,46,13,0,0,17.9117
1180,09:19:00,09:19:00,43599,14,0,0,18.9337
1180,09:24:00,09:24:00,134,15,0,0,20.8710
1180,09:32:00,09:32:00,38174,16,0,0,25.9892
1180,09:43:00,09:43:00,63,17,0,0,29.5491
1181,10:04:00,10:04:00,144,1,0,0,0.0000
1181,10:07:00,10:07:00,78,2,0,0,1.3782
1181,10:10:00,10:10:00,38417,3,0,0,2.7150
1181,10:13:00,10:13:00,128,4,0,0,3.9994
1181,10:16:00,10:16:00,3,5,0,0,5.9163
1181,10:20:00,10:20:00,151,6,0,0,7.2521
1181,10:23:00,10:23:00,64,7,0,0,8.4758
1181,10:26:00,10:26:00,131,8,0,0,9.7032
1181,10:30:00,10:30:00,51,9,0,0,11.1142
1181,10:34:00,10:34:00,126,10,0,0,12.6545
1181,10:37:00,10:37:00,25,11,0,0,13.9055
1181,10:42:00,10:42:00,121,12,0,0,16.6331
1181,10:45:00,10:45:00,46,13,0,0,17.9117
1181,10:48:00,10:48:00,43599,14,0,0,18.9337
1181,10:53:00,10:53:00,134,15,0,0,20.8710
1181,11:01:00,11:01:00,38174,16,0,0,25.9892
1181,11:13:00,11:13:00,63,17,0,0,29.5491
1182,11:04:00,11:04:00,144,1,0,0,0.0000
1182,11:07:00,11:07:00,78,2,0,0,1.3782
1182,11:10:00,11:10:00,38417,3,0,0,2.7150
1182,11:13:00,11:13:00,128,4,0,0,3.9994
1182,11:16:00,11:16:00,3,5,0,0,5.9163
1182,11:20:00,11:20:00,151,6,0,0,7.2521
1182,11:23:00,11:23:00,64,7,0,0,8.4758
1182,11:26:00,11:26:00,131,8,0,0,9.7032
1182,11:30:00,11:30:00,51,9,0,0,11.1142
1182,11:34:00,11:34:00,126,10,0,0,12.6545
1182,11:37:00,11:37:00,25,11,0,0,13.9055
1182,11:42:00,11:42:00,121,12,0,0,16.6331
1182,11:45:00,11:45:00,46,13,0,0,17.9117
1182,11:48:00,11:48:00,43599,14,0,0,18.9337
1182,11:53:00,11:53:00,134,15,0,0,20.8710
1182,12:01:00,12:01:00,38174,16,0,0,25.9892
1182,12:13:00,12:13:00,63,17,0,0,29.5491
1183,13:04:00,13:04:00,144,1,0,0,0.0000
1183,13:07:00,13:07:00,78,2,0,0,1.3782
1183,13:10:00,13:10:00,38417,3,0,0,2.7150
1183,13:13:00,13:13:00,128,4,0,0,3.9994
1183,13:16:00,13:16:00,3,5,0,0,5.9163
1183,13:20:00,13:20:00,151,6,0,0,7.2521
1183,13:23:00,13:23:00,64,7,0,0,8.4758
1183,13:26:00,13:26:00,131,8,0,0,9.7032
1183,13:30:00,13:30:00,51,9,0,0,11.1142
1183,13:34:00,13:34:00,126,10,0,0,12.6545
1183,13:37:00,13:37:00,25,11,0,0,13.9055
1183,13:42:00,13:42:00,121,12,0,0,16.6331
1183,13:45:00,13:45:00,46,13,0,0,17.9117
1183,13:48:00,13:48:00,43599,14,0,0,18.9337
1183,13:53:00,13:53:00,134,15,0,0,20.8710
1183,14:01:00,14:01:00,38174,16,0,0,25.9892
1183,14:13:00,14:13:00,63,17,0,0,29.5491
1184,14:00:00,14:00:00,144,1,0,0,0.0000
1184,14:03:00,14:03:00,78,2,0,0,1.3782
1184,14:06:00,14:06:00,38417,3,0,0,2.7150
1184,14:09:00,14:09:00,128,4,0,0,3.9994
1184,14:12:00,14:12:00,3,5,0,0,5.9163
1184,14:16:00,14:16:00,151,6,0,0,7.2521
1184,14:19:00,14:19:00,64,7,0,0,8.4758
1184,14:22:00,14:22:00,131,8,0,0,9.7032
1184,14:26:00,14:26:00,51,9,0,0,11.1142
1184,14:30:00,14:30:00,126,10,0,0,12.6545
1184,14:33:00,14:33:00,25,11,0,0,13.9055
1184,14:38:00,14:38:00,121,12,0,0,16.6331
1184,14:41:00,14:41:00,46,13,0,0,17.9117
1184,14:44:00,14:44:00,43599,14,0,0,18.9337
1184,14:49:00,14:49:00,134,15,0,0,20.8710
1184,14:57:00,14:57:00,38174,16,0,0,25.9892
1184,15:09:00,15:09:00,63,17,0,0,29.5491
1185,15:12:00,15:12:00,144,1,0,0,0.0000
1185,15:15:00,15:15:00,78,2,0,0,1.3782
1185,15:18:00,15:18:00,38417,3,0,0,2.7150
1185,15:21:00,15:21:00,128,4,0,0,3.9994
1185,15:24:00,15:24:00,3,5,0,0,5.9163
1185,15:27:00,15:27:00,151,6,0,0,7.2521
1185,15:31:00,15:31:00,64,7,0,0,8.4758
1185,15:34:00,15:34:00,131,8,0,0,9.7032
1185,15:38:00,15:38:00,51,9,0,0,11.1142
1185,15:42:00,15:42:00,126,10,0,0,12.6545
1185,15:45:00,15:45:00,25,11,0,0,13.9055
1185,15:49:00,15:49:00,121,12,0,0,16.6331
1185,15:52:00,15:52:00,46,13,0,0,17.9117
1185,15:56:00,15:56:00,43599,14,0,0,18.9337
1185,16:00:00,16:00:00,134,15,0,0,20.8710
1185,16:08:00,16:08:00,38174,16,0,0,25.9892
1185,16:20:00,16:20:00,63,17,0,0,29.5491
1186,04:49:00,04:49:00,144,1,0,0,0.0000
1186,04:52:00,04:52:00,78,2,0,0,1.3782
1186,04:55:00,04:55:00,38417,3,0,0,2.7150
1186,04:58:00,04:58:00,128,4,0,0,3.9994
1186,05:01:00,05:01:00,3,5,0,0,5.9163
1186,05:04:00,05:04:00,151,6,0,0,7.2521
1186,05:07:00,05:07:00,64,7,0,0,8.4758
1186,05:10:00,05:10:00,131,8,0,0,9.7032
1186,05:13:00,05:13:00,52,9,0,0,11.1485
1186,05:16:00,05:16:00,58,10,0,0,12.8551
1186,05:20:00,05:20:00,116,11,0,0,14.9498
1186,05:27:00,05:27:00,29,12,0,0,18.4742
1186,05:30:00,05:30:00,115,13,0,0,20.1280
1186,05:33:00,05:33:00,33,14,0,0,21.3847
1186,05:36:00,05:36:00,75,15,0,0,22.4858
1186,05:39:00,05:39:00,66,16,0,0,23.0670
1186,05:47:00,05:47:00,38174,17,0,0,27.1873
1186,06:00:00,06:00:00,63,18,0,0,30.7472
1187,05:21:00,05:21:00,144,1,0,0,0.0000
1187,05:23:00,05:23:00,78,2,0,0,1.3782
1187,05:26:00,05:26:00,38417,3,0,0,2.7150
1187,05:29:00,05:29:00,128,4,0,0,3.9994
1187,05:32:00,05:32:00,3,5,0,0,5.9163
1187,05:35:00,05:35:00,151,6,0,0,7.2521
1187,05:38:00,05:38:00,64,7,0,0,8.4758
1187,05:41:00,05:41:00,131,8,0,0,9.7032
1187,05:44:00,05:44:00,52,9,0,0,11.1485
1187,05:48:00,05:48:00,58,10,0,0,12.8551
1187,05:52:00,05:52:00,116,11,0,0,14.9498
1187,05:59:00,05:59:00,29,12,0,0,18.4742
1187,06:02:00,06:02:00,115,13,0,0,20.1280
1187,06:05:00,06:05:00,33,14,0,0,21.3847
1187,06:08:00,06:08:00,75,15,0,0,22.4858
1187,06:11:00,06:11:00,66,16,0,0,23.0670
1187,06:18:00,06:18:00,38174,17,0,0,27.1873
1187,06:30:00,06:30:00,63,18,0,0,30.7472
1188,11:54:00,11:54:00,144,1,0,0,0.0000
1188,11:57:00,11:57:00,78,2,0,0,1.3782
1188,12:00:00,12:00:00,38417,3,0,0,2.7150
1188,12:03:00,12:03:00,128,4,0,0,3.9994
1188,12:06:00,12:06:00,3,5,0,0,5.9163
1188,12:10:00,12:10:00,151,6,0,0,7.2521
1188,12:13:00,12:13:00,64,7,0,0,8.4758
1188,12:16:00,12:16:00,131,8,0,0,9.7032
1188,12:19:00,12:19:00,52,9,0,0,11.1485
1188,12:23:00,12:23:00,58,10,0,0,12.8551
1188,12:27:00,12:27:00,116,11,0,0,14.9498
1188,12:34:00,12:34:00,29,12,0,0,18.4742
1188,12:37:00,12:37:00,115,13,0,0,20.1280
1188,12:40:00,12:40:00,33,14,0,0,21.3847
1188,12:42:00,12:42:00,75,15,0,0,22.4858
1188,12:45:00,12:45:00,66,16,0,0,23.0670
1188,12:52:00,12:52:00,38174,17,0,0,27.1873
1188,13:05:00,13:05:00,63,18,0,0,30.7472
1189,14:48:00,14:48:00,144,1,0,0,0.0000
1189,14:51:00,14:51:00,78,2,0,0,1.3782
1189,14:54:00,14:54:00,38417,3,0,0,2.7150
1189,14:57:00,14:57:00,128,4,0,0,3.9994
1189,15:00:00,15:00:00,3,5,0,0,5.9163
1189,15:04:00,15:04:00,151,6,0,0,7.2521
1189,15:07:00,15:07:00,64,7,0,0,8.4758
1189,15:10:00,15:10:00,131,8,0,0,9.7032
1189,15:13:00,15:13:00,52,9,0,0,11.1485
1189,15:17:00,15:17:00,58,10,0,0,12.8551
1189,15:21:00,15:21:00,116,11,0,0,14.9498
1189,15:28:00,15:28:00,29,12,0,0,18.4742
1189,15:31:00,15:31:00,115,13,0,0,20.1280
1189,15:34:00,15:34:00,33,14,0,0,21.3847
1189,15:36:00,15:36:00,75,15,0,0,22.4858
1189,15:39:00,15:39:00,66,16,0,0,23.0670
1189,15:46:00,15:46:00,38174,17,0,0,27.1873
1189,15:59:00,15:59:00,63,18,0,0,30.7472
1190,16:06:00,16:06:00,144,1,0,0,0.0000
1190,16:09:00,16:09:00,78,2,0,0,1.3782
1190,16:12:00,16:12:00,38417,3,0,0,2.7150
1190,16:15:00,16:15:00,128,4,0,0,3.9994
1190,16:18:00,16:18:00,3,5,0,0,5.9163
1190,16:22:00,16:22:00,151,6,0,0,7.2521
1190,16:25:00,16:25:00,64,7,0,0,8.4758
1190,16:28:00,16:28:00,131,8,0,0,9.7032
1190,16:32:00,16:32:00,52,9,0,0,11.1485
1190,16:35:00,16:35:00,58,10,0,0,12.8551
1190,16:40:00,16:40:00,116,11,0,0,14.9498
1190,16:46:00,16:46:00,29,12,0,0,18.4742
1190,16:49:00,16:49:00,115,13,0,0,20.1280
1190,16:52:00,16:52:00,33,14,0,0,21.3847
1190,16:55:00,16:55:00,75,15,0,0,22.4858
1190,16:57:00,16:57:00,66,16,0,0,23.0670
1190,17:05:00,17:05:00,38174,17,0,0,27.1873
1190,17:17:00,17:17:00,63,18,0,0,30.7472
1191,16:56:00,16:56:00,144,1,0,0,0.0000
1191,16:58:00,16:58:00,78,2,0,0,1.3782
1191,17:01:00,17:01:00,38417,3,0,0,2.7150
1191,17:04:00,17:04:00,128,4,0,0,3.9994
1191,17:08:00,17:08:00,3,5,0,0,5.9163
1191,17:11:00,17:11:00,151,6,0,0,7.2521
1191,17:14:00,17:14:00,64,7,0,0,8.4758
1191,17:18:00,17:18:00,131,8,0,0,9.7032
1191,17:21:00,17:21:00,52,9,0,0,11.1485
1191,17:25:00,17:25:00,58,10,0,0,12.8551
1191,17:29:00,17:29:00,116,11,0,0,14.9498
1191,17:35:00,17:35:00,29,12,0,0,18.4742
1191,17:38:00,17:38:00,115,13,0,0,20.1280
1191,17:41:00,17:41:00,33,14,0,0,21.3847
1191,17:44:00,17:44:00,75,15,0,0,22.4858
1191,17:46:00,17:46:00,66,16,0,0,23.0670
1191,17:54:00,17:54:00,38174,17,0,0,27.1873
1191,18:06:00,18:06:00,63,18,0,0,30.7472
1192,17:46:00,17:46:00,144,1,0,0,0.0000
1192,17:49:00,17:49:00,78,2,0,0,1.3782
1192,17:52:00,17:52:00,38417,3,0,0,2.7150
1192,17:55:00,17:55:00,128,4,0,0,3.9994
1192,17:59:00,17:59:00,3,5,0,0,5.9163
1192,18:03:00,18:03:00,151,6,0,0,7.2521
1192,18:06:00,18:06:00,64,7,0,0,8.4758
1192,18:09:00,18:09:00,131,8,0,0,9.7032
1192,18:13:00,18:13:00,52,9,0,0,11.1485
1192,18:16:00,18:16:00,58,10,0,0,12.8551
1192,18:21:00,18:21:00,116,11,0,0,14.9498
1192,18:27:00,18:27:00,29,12,0,0,18.4742
1192,18:31:00,18:31:00,115,13,0,0,20.1280
1192,18:34:00,18:34:00,33,14,0,0,21.3847
1192,18:37:00,18:37:00,75,15,0,0,22.4858
1192,18:39:00,18:39:00,66,16,0,0,23.0670
1192,18:47:00,18:47:00,38174,17,0,0,27.1873
1192,18:59:00,18:59:00,63,18,0,0,30.7472
1193,19:09:00,19:09:00,144,1,0,0,0.0000
1193,19:12:00,19:12:00,78,2,0,0,1.3782
1193,19:15:00,19:15:00,38417,3,0,0,2.7150
1193,19:18:00,19:18:00,128,4,0,0,3.9994
1193,19:21:00,19:21:00,3,5,0,0,5.9163
1193,19:25:00,19:25:00,151,6,0,0,7.2521
1193,19:28:00,19:28:00,64,7,0,0,8.4758
1193,19:31:00,19:31:00,131,8,0,0,9.7032
1193,19:34:00,19:34:00,52,9,0,0,11.1485
1193,19:38:00,19:38:00,58,10,0,0,12.8551
1193,19:42:00,19:42:00,116,11,0,0,14.9498
1193,19:49:00,19:49:00,29,12,0,0,18.4742
1193,19:52:00,19:52:00,115,13,0,0,20.1280
1193,19:55:00,19:55:00,33,14,0,0,21.3847
1193,19:57:00,19:57:00,75,15,0,0,22.4858
1193,20:00:00,20:00:00,66,16,0,0,23.0670
1193,20:07:00,20:07:00,38174,17,0,0,27.1873
1193,20:19:00,20:19:00,63,18,0,0,30.7472
1194,20:00:00,20:00:00,144,1,0,0,0.0000
1194,20:02:00,20:02:00,78,2,0,0,1.3782
1194,20:05:00,20:05:00,38417,3,0,0,2.7150
1194,20:09:00,20:09:00,128,4,0,0,3.9994
1194,20:12:00,20:12:00,3,5,0,0,5.9163
1194,20:15:00,20:15:00,151,6,0,0,7.2521
1194,20:18:00,20:18:00,64,7,0,0,8.4758
1194,20:22:00,20:22:00,131,8,0,0,9.7032
1194,20:25:00,20:25:00,52,9,0,0,11.1485
1194,20:29:00,20:29:00,58,10,0,0,12.8551
1194,20:33:00,20:33:00,116,11,0,0,14.9498
1194,20:40:00,20:40:00,29,12,0,0,18.4742
1194,20:43:00,20:43:00,115,13,0,0,20.1280
1194,20:46:00,20:46:00,33,14,0,0,21.3847
1194,20:48:00,20:48:00,75,15,0,0,22.4858
1194,20:51:00,20:51:00,66,16,0,0,23.0670
1194,20:58:00,20:58:00,38174,17,0,0,27.1873
1194,21:10:00,21:10:00,63,18,0,0,30.7472
1195,20:50:00,20:50:00,144,1,0,0,0.0000
1195,20:52:00,20:52:00,78,2,0,0,1.3782
1195,20:55:00,20:55:00,38417,3,0,0,2.7150
1195,20:59:00,20:59:00,128,4,0,0,3.9994
1195,21:02:00,21:02:00,3,5,0,0,5.9163
1195,21:05:00,21:05:00,151,6,0,0,7.2521
1195,21:08:00,21:08:00,64,7,0,0,8.4758
1195,21:12:00,21:12:00,131,8,0,0,9.7032
1195,21:15:00,21:15:00,52,9,0,0,11.1485
1195,21:19:00,21:19:00,58,10,0,0,12.8551
1195,21:23:00,21:23:00,116,11,0,0,14.9498
1195,21:28:00,21:28:00,29,12,0,0,18.4742
1195,21:31:00,21:31:00,115,13,0,0,20.1280
1195,21:34:00,21:34:00,33,14,0,0,21.3847
1195,21:37:00,21:37:00,75,15,0,0,22.4858
1195,21:39:00,21:39:00,66,16,0,0,23.0670
1195,21:47:00,21:47:00,38174,17,0,0,27.1873
1195,21:59:00,21:59:00,63,18,0,0,30.7472
1196,21:50:00,21:50:00,144,1,0,0,0.0000
1196,21:52:00,21:52:00,78,2,0,0,1.3782
1196,21:55:00,21:55:00,38417,3,0,0,2.7150
1196,21:59:00,21:59:00,128,4,0,0,3.9994
1196,22:02:00,22:02:00,3,5,0,0,5.9163
1196,22:05:00,22:05:00,151,6,0,0,7.2521
1196,22:08:00,22:08:00,64,7,0,0,8.4758
1196,22:12:00,22:12:00,131,8,0,0,9.7032
1196,22:15:00,22:15:00,52,9,0,0,11.1485
1196,22:19:00,22:19:00,58,10,0,0,12.8551
1196,22:23:00,22:23:00,116,11,0,0,14.9498
1196,22:28:00,22:28:00,29,12,0,0,18.4742
1196,22:31:00,22:31:00,115,13,0,0,20.1280
1196,22:34:00,22:34:00,33,14,0,0,21.3847
1196,22:37:00,22:37:00,75,15,0,0,22.4858
1196,22:39:00,22:39:00,66,16,0,0,23.0670
1196,22:47:00,22:47:00,38174,17,0,0,27.1873
1196,22:59:00,22:59:00,63,18,0,0,30.7472
1197,17:39:00,17:39:00,131,1,0,0,0.0000
1197,17:43:00,17:43:00,51,2,0,0,1.4136
1197,17:46:00,17:46:00,126,3,0,0,2.9540
1197,17:50:00,17:50:00,25,4,0,0,4.2049
1197,17:54:00,17:54:00,121,5,0,0,6.9326
1197,18:00:00,18:00:00,43599,6,0,0,9.2331
1197,18:04:00,18:04:00,134,7,0,0,11.1705
1197,18:12:00,18:12:00,38174,8,0,0,16.2886
1197,18:24:00,18:24:00,63,9,0,0,19.8485
1198,24:08:00,24:08:00,63,1,0,0,0.0000
1198,24:18:00,24:18:00,38174,2,0,0,3.5600
1198,24:24:00,24:24:00,66,3,0,0,7.6585
1198,24:27:00,24:27:00,75,4,0,0,8.2180
1198,24:30:00,24:30:00,33,5,0,0,9.3191
1198,24:33:00,24:33:00,115,6,0,0,10.5657
1198,24:36:00,24:36:00,29,7,0,0,12.2295
1198,24:42:00,24:42:00,116,8,0,0,15.7517
1198,24:46:00,24:46:00,58,9,0,0,17.8487
1198,24:50:00,24:50:00,52,10,0,0,19.5386
1198,24:54:00,24:54:00,131,11,0,0,21.0006
1198,24:57:00,24:57:00,64,12,0,0,22.2282
1198,25:00:00,25:00:00,151,13,0,0,23.4703
1198,25:04:00,25:04:00,3,14,0,0,24.8100
1198,25:08:00,25:08:00,128,15,0,0,26.6928
1198,25:11:00,25:11:00,38417,16,0,0,28.0114
1198,25:15:00,25:15:00,78,17,0,0,29.3481
1198,25:19:00,25:19:00,144,18,0,0,30.7256
1199,06:17:00,06:17:00,63,1,0,0,0.0000
1199,06:27:00,06:27:00,38174,2,0,0,3.5600
1199,06:35:00,06:35:00,134,3,0,0,8.6782
1199,06:39:00,06:39:00,43599,4,0,0,10.6155
1199,06:44:00,06:44:00,121,5,0,0,12.9161
1199,06:49:00,06:49:00,25,6,0,0,15.6438
1199,06:52:00,06:52:00,126,7,0,0,16.8947
1199,06:55:00,06:55:00,51,8,0,0,18.4343
1199,06:59:00,06:59:00,131,9,0,0,19.8432
1199,07:03:00,07:03:00,64,10,0,0,21.0737
1199,07:07:00,07:07:00,151,11,0,0,22.3157
1200,07:17:00,07:17:00,63,1,0,0,0.0000
1200,07:27:00,07:27:00,38174,2,0,0,3.5600
1200,07:35:00,07:35:00,134,3,0,0,8.6782
1200,07:39:00,07:39:00,43599,4,0,0,10.6155
1200,07:42:00,07:42:00,46,5,0,0,11.6375
1200,07:45:00,07:45:00,121,6,0,0,12.9161
1200,07:50:00,07:50:00,25,7,0,0,15.6438
1200,07:54:00,07:54:00,126,8,0,0,16.8947
1200,07:57:00,07:57:00,51,9,0,0,18.4343
1200,08:01:00,08:01:00,131,10,0,0,19.8432
1200,08:04:00,08:04:00,64,11,0,0,21.0737
1200,08:08:00,08:08:00,151,12,0,0,22.3157
1201,08:17:00,08:17:00,63,1,0,0,0.0000
1201,08:27:00,08:27:00,38174,2,0,0,3.5600
1201,08:35:00,08:35:00,134,3,0,0,8.6782
1201,08:39:00,08:39:00,43599,4,0,0,10.6155
1201,08:42:00,08:42:00,46,5,0,0,11.6375
1201,08:45:00,08:45:00,121,6,0,0,12.9161
1201,08:50:00,08:50:00,25,7,0,0,15.6438
1201,08:54:00,08:54:00,126,8,0,0,16.8947
1201,08:57:00,08:57:00,51,9,0,0,18.4343
1201,09:01:00,09:01:00,131,10,0,0,19.8432
1201,09:04:00,09:04:00,64,11,0,0,21.0737
1201,09:08:00,09:08:00,151,12,0,0,22.3157
1202,10:17:00,10:17:00,63,1,0,0,0.0000
1202,10:27:00,10:27:00,38174,2,0,0,3.5600
1202,10:35:00,10:35:00,134,3,0,0,8.6782
1202,10:39:00,10:39:00,43599,4,0,0,10.6155
1202,10:42:00,10:42:00,46,5,0,0,11.6375
1202,10:45:00,10:45:00,121,6,0,0,12.9161
1202,10:50:00,10:50:00,25,7,0,0,15.6438
1202,10:54:00,10:54:00,126,8,0,0,16.8947
1202,10:57:00,10:57:00,51,9,0,0,18.4343
1202,11:01:00,11:01:00,131,10,0,0,19.8432
1202,11:04:00,11:04:00,64,11,0,0,21.0737
1202,11:08:00,11:08:00,151,12,0,0,22.3157
1203,12:17:00,12:17:00,63,1,0,0,0.0000
1203,12:27:00,12:27:00,38174,2,0,0,3.5600
1203,12:35:00,12:35:00,134,3,0,0,8.6782
1203,12:39:00,12:39:00,43599,4,0,0,10.6155
1203,12:42:00,12:42:00,46,5,0,0,11.6375
1203,12:45:00,12:45:00,121,6,0,0,12.9161
1203,12:50:00,12:50:00,25,7,0,0,15.6438
1203,12:54:00,12:54:00,126,8,0,0,16.8947
1203,12:57:00,12:57:00,51,9,0,0,18.4343
1203,13:01:00,13:01:00,131,10,0,0,19.8432
1203,13:04:00,13:04:00,64,11,0,0,21.0737
1203,13:08:00,13:08:00,151,12,0,0,22.3157
1204,14:17:00,14:17:00,63,1,0,0,0.0000
1204,14:27:00,14:27:00,38174,2,0,0,3.5600
1204,14:35:00,14:35:00,134,3,0,0,8.6782
1204,14:39:00,14:39:00,43599,4,0,0,10.6155
1204,14:42:00,14:42:00,46,5,0,0,11.6375
1204,14:45:00,14:45:00,121,6,0,0,12.9161
1204,14:50:00,14:50:00,25,7,0,0,15.6438
1204,14:54:00,14:54:00,126,8,0,0,16.8947
1204,14:57:00,14:57:00,51,9,0,0,18.4343
1204,15:01:00,15:01:00,131,10,0,0,19.8432
1204,15:04:00,15:04:00,64,11,0,0,21.0737
1204,15:08:00,15:08:00,151,12,0,0,22.3157
1205,15:17:00,15:17:00,63,1,0,0,0.0000
1205,15:27:00,15:27:00,38174,2,0,0,3.5600
1205,15:35:00,15:35:00,134,3,0,0,8.6782
1205,15:39:00,15:39:00,43599,4,0,0,10.6155
1205,15:42:00,15:42:00,46,5,0,0,11.6375
1205,15:45:00,15:45:00,121,6,0,0,12.9161
1205,15:50:00,15:50:00,25,7,0,0,15.6438
1205,15:54:00,15:54:00,126,8,0,0,16.8947
1205,15:57:00,15:57:00,51,9,0,0,18.4343
1205,16:01:00,16:01:00,131,10,0,0,19.8432
1205,16:04:00,16:04:00,64,11,0,0,21.0737
1205,16:08:00,16:08:00,151,12,0,0,22.3157
1206,16:17:00,16:17:00,63,1,0,0,0.0000
1206,16:27:00,16:27:00,38174,2,0,0,3.5600
1206,16:35:00,16:35:00,134,3,0,0,8.6782
1206,16:39:00,16:39:00,43599,4,0,0,10.6155
1206,16:42:00,16:42:00,46,5,0,0,11.6375
1206,16:45:00,16:45:00,121,6,0,0,12.9161
1206,16:50:00,16:50:00,25,7,0,0,15.6438
1206,16:54:00,16:54:00,126,8,0,0,16.8947
1206,16:57:00,16:57:00,51,9,0,0,18.4343
1206,17:01:00,17:01:00,131,10,0,0,19.8432
1206,17:04:00,17:04:00,64,11,0,0,21.0737
1206,17:07:00,17:07:00,151,12,0,0,22.3157
1207,17:17:00,17:17:00,63,1,0,0,0.0000
1207,17:27:00,17:27:00,38174,2,0,0,3.5600
1207,17:35:00,17:35:00,134,3,0,0,8.6782
1207,17:39:00,17:39:00,43599,4,0,0,10.6155
1207,17:42:00,17:42:00,46,5,0,0,11.6375
1207,17:45:00,17:45:00,121,6,0,0,12.9161
1207,17:50:00,17:50:00,25,7,0,0,15.6438
1207,17:54:00,17:54:00,126,8,0,0,16.8947
1207,17:57:00,17:57:00,51,9,0,0,18.4343
1207,18:01:00,18:01:00,131,10,0,0,19.8432
1207,18:04:00,18:04:00,64,11,0,0,21.0737
1207,18:08:00,18:08:00,151,12,0,0,22.3157
1208,18:17:00,18:17:00,63,1,0,0,0.0000
1208,18:27:00,18:27:00,38174,2,0,0,3.5600
1208,18:35:00,18:35:00,134,3,0,0,8.6782
1208,18:39:00,18:39:00,43599,4,0,0,10.6155
1208,18:42:00,18:42:00,46,5,0,0,11.6375
1208,18:45:00,18:45:00,121,6,0,0,12.9161
1208,18:50:00,18:50:00,25,7,0,0,15.6438
1208,18:54:00,18:54:00,126,8,0,0,16.8947
1208,18:57:00,18:57:00,51,9,0,0,18.4343
1208,19:01:00,19:01:00,131,10,0,0,19.8432
1208,19:04:00,19:04:00,64,11,0,0,21.0737
1208,19:07:00,19:07:00,151,12,0,0,22.3157
1209,20:17:00,20:17:00,63,1,0,0,0.0000
1209,20:27:00,20:27:00,38174,2,0,0,3.5600
1209,20:35:00,20:35:00,134,3,0,0,8.6782
1209,20:39:00,20:39:00,43599,4,0,0,10.6155
1209,20:42:00,20:42:00,46,5,0,0,11.6375
1209,20:45:00,20:45:00,121,6,0,0,12.9161
1209,20:50:00,20:50:00,25,7,0,0,15.6438
1209,20:54:00,20:54:00,126,8,0,0,16.8947
1209,20:57:00,20:57:00,51,9,0,0,18.4343
1209,21:00:00,21:00:00,131,10,0,0,19.8432
1209,21:04:00,21:04:00,64,11,0,0,21.0737
1209,21:08:00,21:08:00,151,12,0,0,22.3157
1210,22:15:00,22:15:00,63,1,0,0,0.0000
1210,22:25:00,22:25:00,38174,2,0,0,3.5600
1210,22:31:00,22:31:00,66,3,0,0,7.6585
1210,22:34:00,22:34:00,75,4,0,0,8.2180
1210,22:36:00,22:36:00,33,5,0,0,9.3191
1210,22:39:00,22:39:00,115,6,0,0,10.5657
1210,22:42:00,22:42:00,29,7,0,0,12.2295
1210,22:49:00,22:49:00,116,8,0,0,15.7517
1210,22:53:00,22:53:00,58,9,0,0,17.8487
1210,22:57:00,22:57:00,52,10,0,0,19.5386
1210,23:01:00,23:01:00,131,11,0,0,21.0006
1210,23:05:00,23:05:00,64,12,0,0,22.2282
1210,23:09:00,23:09:00,151,13,0,0,23.4703
1211,22:30:00,22:30:00,63,1,0,0,0.0000
1211,22:40:00,22:40:00,38174,2,0,0,3.5600
1211,22:48:00,22:48:00,134,3,0,0,8.6782
1211,22:52:00,22:52:00,43599,4,0,0,10.6155
1211,22:55:00,22:55:00,46,5,0,0,11.6375
1211,22:58:00,22:58:00,121,6,0,0,12.9161
1211,23:03:00,23:03:00,25,7,0,0,15.6438
1211,23:07:00,23:07:00,126,8,0,0,16.8947
1211,23:10:00,23:10:00,51,9,0,0,18.4343
1211,23:14:00,23:14:00,131,10,0,0,19.8432
1211,23:17:00,23:17:00,64,11,0,0,21.0737
1211,23:20:00,23:20:00,151,12,0,0,22.3157
1211,23:24:00,23:24:00,3,13,0,0,23.6555
1211,23:28:00,23:28:00,128,14,0,0,25.5383
1211,23:31:00,23:31:00,38417,15,0,0,26.8568
1211,23:34:00,23:34:00,78,16,0,0,28.1936
1211,23:38:00,23:38:00,144,17,0,0,29.5710
1212,23:33:00,23:33:00,63,1,0,0,0.0000
1212,23:43:00,23:43:00,38174,2,0,0,3.5600
1212,23:49:00,23:49:00,66,3,0,0,7.6585
1212,23:51:00,23:51:00,75,4,0,0,8.2180
1212,23:54:00,23:54:00,33,5,0,0,9.3191
1212,23:57:00,23:57:00,115,6,0,0,10.5657
1212,24:00:00,24:00:00,29,7,0,0,12.2295
1212,24:05:00,24:05:00,116,8,0,0,15.7517
1212,24:09:00,24:09:00,58,9,0,0,17.8487
1212,24:13:00,24:13:00,52,10,0,0,19.5386
1212,24:17:00,24:17:00,131,11,0,0,21.0006
1212,24:20:00,24:20:00,64,12,0,0,22.2282
1212,24:23:00,24:23:00,151,13,0,0,23.4703
1212,24:26:00,24:26:00,3,14,0,0,24.8100
1212,24:31:00,24:31:00,128,15,0,0,26.6928
1212,24:34:00,24:34:00,38417,16,0,0,28.0114
1212,24:37:00,24:37:00,78,17,0,0,29.3481
1212,24:42:00,24:42:00,144,18,0,0,30.7256
1213,25:32:00,25:32:00,63,1,0,0,0.0000
1213,25:42:00,25:42:00,38174,2,0,0,3.5600
1213,25:48:00,25:48:00,66,3,0,0,7.6585
1213,25:51:00,25:51:00,75,4,0,0,8.2180
1213,25:53:00,25:53:00,33,5,0,0,9.3191
1213,25:56:00,25:56:00,115,6,0,0,10.5657
1213,25:59:00,25:59:00,29,7,0,0,12.2295
1213,26:05:00,26:05:00,116,8,0,0,15.7517
1213,26:09:00,26:09:00,58,9,0,0,17.8487
1213,26:13:00,26:13:00,52,10,0,0,19.5386
1213,26:17:00,26:17:00,131,11,0,0,21.0006
1213,26:20:00,26:20:00,64,12,0,0,22.2282
1213,26:23:00,26:23:00,151,13,0,0,23.4703
1213,26:27:00,26:27:00,3,14,0,0,24.8100
1213,26:31:00,26:31:00,128,15,0,0,26.6928
1213,26:34:00,26:34:00,38417,16,0,0,28.0114
1213,26:37:00,26:37:00,78,17,0,0,29.3481
1213,26:41:00,26:41:00,144,18,0,0,30.7256
1214,06:25:00,06:25:00,63,1,0,0,0.0000
1214,06:35:00,06:35:00,38174,2,0,0,3.5600
1214,06:41:00,06:41:00,66,3,0,0,7.6585
1214,06:44:00,06:44:00,75,4,0,0,8.2180
1214,06:46:00,06:46:00,33,5,0,0,9.3191
1214,06:49:00,06:49:00,115,6,0,0,10.5657
1214,06:53:00,06:53:00,29,7,0,0,12.2295
1214,06:59:00,06:59:00,116,8,0,0,15.7517
1214,07:04:00,07:04:00,58,9,0,0,17.8487
1214,07:08:00,07:08:00,52,10,0,0,19.5386
1214,07:12:00,07:12:00,131,11,0,0,21.0006
1214,07:15:00,07:15:00,64,12,0,0,22.2282
1214,07:19:00,07:19:00,151,13,0,0,23.4703
1214,07:23:00,07:23:00,3,14,0,0,24.8100
1214,07:28:00,07:28:00,128,15,0,0,26.6928
1214,07:31:00,07:31:00,38417,16,0,0,28.0114
1214,07:34:00,07:34:00,78,17,0,0,29.3481
1214,07:40:00,07:40:00,144,18,0,0,30.7256
1215,07:25:00,07:25:00,63,1,0,0,0.0000
1215,07:35:00,07:35:00,38174,2,0,0,3.5600
1215,07:41:00,07:41:00,66,3,0,0,7.6585
1215,07:44:00,07:44:00,75,4,0,0,8.2180
1215,07:46:00,07:46:00,33,5,0,0,9.3191
1215,07:49:00,07:49:00,115,6,0,0,10.5657
1215,07:53:00,07:53:00,29,7,0,0,12.2295
1215,07:59:00,07:59:00,116,8,0,0,15.7517
1215,08:04:00,08:04:00,58,9,0,0,17.8487
1215,08:08:00,08:08:00,52,10,0,0,19.5386
1215,08:12:00,08:12:00,131,11,0,0,21.0006
1215,08:15:00,08:15:00,64,12,0,0,22.2282
1215,08:19:00,08:19:00,151,13,0,0,23.4703
1215,08:23:00,08:23:00,3,14,0,0,24.8100
1215,08:28:00,08:28:00,128,15,0,0,26.6928
1215,08:31:00,08:31:00,38417,16,0,0,28.0114
1215,08:34:00,08:34:00,78,17,0,0,29.3481
1215,08:40:00,08:40:00,144,18,0,0,30.7256
1216,09:25:00,09:25:00,63,1,0,0,0.0000
1216,09:35:00,09:35:00,38174,2,0,0,3.5600
1216,09:41:00,09:41:00,66,3,0,0,7.6585
1216,09:44:00,09:44:00,75,4,0,0,8.2180
1216,09:46:00,09:46:00,33,5,0,0,9.3191
1216,09:49:00,09:49:00,115,6,0,0,10.5657
1216,09:53:00,09:53:00,29,7,0,0,12.2295
1216,09:59:00,09:59:00,116,8,0,0,15.7517
1216,10:04:00,10:04:00,58,9,0,0,17.8487
1216,10:08:00,10:08:00,52,10,0,0,19.5386
1216,10:12:00,10:12:00,131,11,0,0,21.0006
1216,10:15:00,10:15:00,64,12,0,0,22.2282
1216,10:19:00,10:19:00,151,13,0,0,23.4703
