2956,18:21:00,18:21:00,129,8,0,0,28.8867
2956,18:27:00,18:27:00,108,9,0,0,32.3640
2956,18:34:00,18:34:00,157,10,0,0,37.2634
2956,18:40:00,18:40:00,68,11,0,0,41.0470
2956,18:45:00,18:45:00,6,12,0,0,43.4053
2956,18:54:00,18:54:00,60,13,0,0,45.1964
2957,09:06:00,09:06:00,107,1,0,0,0.0000
2957,09:15:00,09:15:00,38105,2,0,0,5.2593
2957,09:18:00,09:18:00,31,3,0,0,7.1057
2957,09:23:00,09:23:00,32,4,0,0,9.2496
2957,09:27:00,09:27:00,155,5,0,0,11.6123
2957,09:32:00,09:32:00,44,6,0,0,13.7009
2957,09:35:00,09:35:00,102,7,0,0,14.9523
2957,09:38:00,09:38:00,120,8,0,0,16.0970
2957,09:43:00,09:43:00,36,9,0,0,19.0369
2957,09:49:00,09:49:00,21,10,0,0,23.2784
2957,09:52:00,09:52:00,24,11,0,0,24.3894
2957,09:57:00,09:57:00,138,12,0,0,27.7229
2957,10:11:00,10:11:00,129,13,0,0,28.8867
2958,17:17:00,17:17:00,107,1,0,0,0.0000
2958,17:26:00,17:26:00,38105,2,0,0,5.2593
2958,17:30:00,17:30:00,31,3,0,0,7.1057
2958,17:35:00,17:35:00,32,4,0,0,9.2496
2958,17:40:00,17:40:00,155,5,0,0,11.6123
2958,17:44:00,17:44:00,44,6,0,0,13.7009
2958,17:47:00,17:47:00,102,7,0,0,14.9523
2958,17:50:00,17:50:00,120,8,0,0,16.0970
2958,17:55:00,17:55:00,36,9,0,0,19.0369
2958,18:01:00,18:01:00,21,10,0,0,23.2784
2958,18:04:00,18:04:00,24,11,0,0,24.3894
2958,18:09:00,18:09:00,138,12,0,0,27.7229
2958,18:14:00,18:14:00,129,13,0,0,28.8867
2959,18:05:00,18:05:00,107,1,0,0,0.0000
2959,18:14:00,18:14:00,38105,2,0,0,5.2593
2959,18:18:00,18:18:00,31,3,0,0,7.1057
2959,18:23:00,18:23:00,32,4,0,0,9.2496
2959,18:28:00,18:28:00,155,5,0,0,11.6123
2959,18:33:00,18:33:00,44,6,0,0,13.7009
2959,18:37:00,18:37:00,102,7,0,0,14.9523
2959,18:40:00,18:40:00,120,8,0,0,16.0970
2959,18:45:00,18:45:00,36,9,0,0,19.0369
2959,18:51:00,18:51:00,21,10,0,0,23.2784
2959,18:54:00,18:54:00,24,11,0,0,24.3894
2959,19:00:00,19:00:00,138,12,0,0,27.7229
2959,19:07:00,19:07:00,129,13,0,0,28.8867
2960,25:28:00,25:28:00,107,1,0,0,0.0000
2960,25:37:00,25:37:00,38105,2,0,0,5.2593
2960,25:40:00,25:40:00,31,3,0,0,7.1057
2960,25:45:00,25:45:00,32,4,0,0,9.2496
2960,25:47:00,25:47:00,47,5,0,0,10.4335
2960,25:50:00,25:50:00,155,6,0,0,11.6487
2960,25:54:00,25:54:00,44,7,0,0,13.7373
2960,25:57:00,25:57:00,102,8,0,0,14.9886
2960,26:00:00,26:00:00,120,9,0,0,16.1333
2960,26:05:00,26:05:00,36,10,0,0,19.0733
2960,26:11:00,26:11:00,21,11,0,0,23.3148
2960,26:13:00,26:13:00,24,12,0,0,24.4258
2960,26:18:00,26:18:00,138,13,0,0,27.7593
2960,26:34:00,26:34:00,129,14,0,0,28.9231
2961,07:59:00,07:59:00,107,1,0,0,0.0000
2961,08:08:00,08:08:00,38105,2,0,0,5.2593
2961,08:12:00,08:12:00,31,3,0,0,7.1057
2961,08:17:00,08:17:00,32,4,0,0,9.2496
2961,08:20:00,08:20:00,47,5,0,0,10.4335
2961,08:23:00,08:23:00,155,6,0,0,11.6487
2961,08:28:00,08:28:00,44,7,0,0,13.7373
2961,08:31:00,08:31:00,102,8,0,0,14.9886
2961,08:34:00,08:34:00,120,9,0,0,16.1333
2961,08:39:00,08:39:00,36,10,0,0,19.0733
2961,08:45:00,08:45:00,21,11,0,0,23.3148
2961,08:48:00,08:48:00,24,12,0,0,24.4258
2961,08:53:00,08:53:00,138,13,0,0,27.7593
2961,09:07:00,09:07:00,129,14,0,0,28.9231
2962,16:11:00,16:11:00,107,1,0,0,0.0000
2962,16:20:00,16:20:00,38105,2,0,0,5.2593
2962,16:24:00,16:24:00,31,3,0,0,7.1057
2962,16:29:00,16:29:00,32,4,0,0,9.2496
2962,16:32:00,16:32:00,47,5,0,0,10.4335
2962,16:35:00,16:35:00,155,6,0,0,11.6487
2962,16:40:00,16:40:00,44,7,0,0,13.7373
2962,16:43:00,16:43:00,102,8,0,0,14.9886
2962,16:47:00,16:47:00,120,9,0,0,16.1333
2962,16:52:00,16:52:00,36,10,0,0,19.0733
2962,16:58:00,16:58:00,21,11,0,0,23.3148
2962,17:01:00,17:01:00,24,12,0,0,24.4258
2962,17:07:00,17:07:00,138,13,0,0,27.7593
2962,17:12:00,17:12:00,129,14,0,0,28.9231
2963,17:45:00,17:45:00,107,1,0,0,0.0000
2963,17:54:00,17:54:00,38105,2,0,0,5.2593
2963,17:58:00,17:58:00,31,3,0,0,7.1057
2963,18:03:00,18:03:00,32,4,0,0,9.2496
2963,18:06:00,18:06:00,47,5,0,0,10.4335
2963,18:10:00,18:10:00,155,6,0,0,11.6487
2963,18:14:00,18:14:00,44,7,0,0,13.7373
2963,18:18:00,18:18:00,102,8,0,0,14.9886
2963,18:21:00,18:21:00,120,9,0,0,16.1333
2963,18:27:00,18:27:00,36,10,0,0,19.0733
2963,18:33:00,18:33:00,21,11,0,0,23.3148
2963,18:36:00,18:36:00,24,12,0,0,24.4258
2963,18:41:00,18:41:00,138,13,0,0,27.7593
2963,18:47:00,18:47:00,129,14,0,0,28.9231
2964,19:00:00,19:00:00,107,1,0,0,0.0000
2964,19:09:00,19:09:00,38105,2,0,0,5.2593
2964,19:13:00,19:13:00,31,3,0,0,7.1057
2964,19:18:00,19:18:00,32,4,0,0,9.2496
2964,19:21:00,19:21:00,47,5,0,0,10.4335
2964,19:24:00,19:24:00,155,6,0,0,11.6487
2964,19:29:00,19:29:00,44,7,0,0,13.7373
2964,19:33:00,19:33:00,102,8,0,0,14.9886
2964,19:36:00,19:36:00,120,9,0,0,16.1333
2964,19:41:00,19:41:00,36,10,0,0,19.0733
2964,19:47:00,19:47:00,21,11,0,0,23.3148
2964,19:50:00,19:50:00,24,12,0,0,24.4258
2964,19:55:00,19:55:00,138,13,0,0,27.7593
2964,20:02:00,20:02:00,129,14,0,0,28.9231
2965,20:12:00,20:12:00,107,1,0,0,0.0000
2965,20:21:00,20:21:00,38105,2,0,0,5.2593
2965,20:24:00,20:24:00,31,3,0,0,7.1057
2965,20:29:00,20:29:00,32,4,0,0,9.2496
2965,20:32:00,20:32:00,47,5,0,0,10.4335
2965,20:35:00,20:35:00,155,6,0,0,11.6487
2965,20:40:00,20:40:00,44,7,0,0,13.7373
2965,20:43:00,20:43:00,102,8,0,0,14.9886
2965,20:46:00,20:46:00,120,9,0,0,16.1333
2965,20:51:00,20:51:00,36,10,0,0,19.0733
2965,20:57:00,20:57:00,21,11,0,0,23.3148
2965,21:00:00,21:00:00,24,12,0,0,24.4258
2965,21:05:00,21:05:00,138,13,0,0,27.7593
2965,21:11:00,21:11:00,129,14,0,0,28.9231
2966,06:05:00,06:05:00,107,1,0,0,0.0000
2966,06:14:00,06:14:00,38105,2,0,0,5.2593
2966,06:18:00,06:18:00,31,3,0,0,7.1057
2966,06:22:00,06:22:00,32,4,0,0,9.2496
2966,06:25:00,06:25:00,47,5,0,0,10.4335
2966,06:28:00,06:28:00,155,6,0,0,11.6487
2966,06:33:00,06:33:00,44,7,0,0,13.7373
2966,06:36:00,06:36:00,102,8,0,0,14.9886
2966,06:40:00,06:40:00,120,9,0,0,16.1333
2966,06:45:00,06:45:00,36,10,0,0,19.0733
2966,06:50:00,06:50:00,21,11,0,0,23.3148
2966,06:53:00,06:53:00,24,12,0,0,24.4258
2966,06:59:00,06:59:00,138,13,0,0,27.7593
2966,07:03:00,07:03:00,129,14,0,0,28.9231
2967,10:44:00,10:44:00,105,1,0,0,0.0000
2967,10:53:00,10:53:00,38187,2,0,0,4.9884
2967,11:06:00,11:06:00,107,3,0,0,10.0572
2967,11:15:00,11:15:00,38105,4,0,0,15.3146
2967,11:18:00,11:18:00,31,5,0,0,17.1610
2967,11:23:00,11:23:00,32,6,0,0,19.3049
2967,11:27:00,11:27:00,155,7,0,0,21.6676
2967,11:32:00,11:32:00,44,8,0,0,23.7563
2967,11:35:00,11:35:00,102,9,0,0,25.0076
2967,11:38:00,11:38:00,120,10,0,0,26.1523
2967,11:43:00,11:43:00,36,11,0,0,29.0922
2967,11:49:00,11:49:00,21,12,0,0,33.3337
2967,11:52:00,11:52:00,24,13,0,0,34.4447
2967,11:57:00,11:57:00,138,14,0,0,37.7782
2967,12:10:00,12:10:00,129,15,0,0,38.9420
2968,11:49:00,11:49:00,105,1,0,0,0.0000
2968,11:58:00,11:58:00,38187,2,0,0,4.9884
2968,12:08:00,12:08:00,107,3,0,0,10.0572
2968,12:17:00,12:17:00,38105,4,0,0,15.3146
2968,12:20:00,12:20:00,31,5,0,0,17.1610
2968,12:25:00,12:25:00,32,6,0,0,19.3049
2968,12:29:00,12:29:00,155,7,0,0,21.6676
2968,12:34:00,12:34:00,44,8,0,0,23.7563
2968,12:37:00,12:37:00,102,9,0,0,25.0076
2968,12:40:00,12:40:00,120,10,0,0,26.1523
2968,12:45:00,12:45:00,36,11,0,0,29.0922
2968,12:51:00,12:51:00,21,12,0,0,33.3337
2968,12:54:00,12:54:00,24,13,0,0,34.4447
2968,12:59:00,12:59:00,138,14,0,0,37.7782
2968,13:11:00,13:11:00,129,15,0,0,38.9420
2969,13:47:00,13:47:00,105,1,0,0,0.0000
2969,13:56:00,13:56:00,38187,2,0,0,4.9884
2969,14:06:00,14:06:00,107,3,0,0,10.0572
2969,14:15:00,14:15:00,38105,4,0,0,15.3146
2969,14:18:00,14:18:00,31,5,0,0,17.1610
2969,14:23:00,14:23:00,32,6,0,0,19.3049
2969,14:26:00,14:26:00,47,7,0,0,20.4888
2969,14:29:00,14:29:00,155,8,0,0,21.7040
2969,14:34:00,14:34:00,44,9,0,0,23.7926
2969,14:37:00,14:37:00,102,10,0,0,25.0439
2969,14:41:00,14:41:00,120,11,0,0,26.1886
2969,14:46:00,14:46:00,36,12,0,0,29.1286
2969,14:51:00,14:51:00,21,13,0,0,33.3701
2969,14:54:00,14:54:00,24,14,0,0,34.4811
2969,15:00:00,15:00:00,138,15,0,0,37.8146
2969,15:12:00,15:12:00,129,16,0,0,38.9784
2970,21:48:00,21:48:00,105,1,0,0,0.0000
2970,21:57:00,21:57:00,38187,2,0,0,4.9884
2970,22:08:00,22:08:00,107,3,0,0,10.0572
2970,22:17:00,22:17:00,38105,4,0,0,15.3146
2970,22:20:00,22:20:00,31,5,0,0,17.1610
2970,22:25:00,22:25:00,32,6,0,0,19.3049
2970,22:28:00,22:28:00,47,7,0,0,20.4888
2970,22:31:00,22:31:00,155,8,0,0,21.7040
2970,22:36:00,22:36:00,44,9,0,0,23.7926
2970,22:39:00,22:39:00,102,10,0,0,25.0439
2970,22:42:00,22:42:00,120,11,0,0,26.1886
2970,22:48:00,22:48:00,36,12,0,0,29.1286
2970,22:53:00,22:53:00,21,13,0,0,33.3701
2970,22:56:00,22:56:00,24,14,0,0,34.4811
2970,23:02:00,23:02:00,138,15,0,0,37.8146
2970,23:09:00,23:09:00,129,16,0,0,38.9784
2971,19:35:00,19:35:00,107,1,0,0,0.0000
2971,19:44:00,19:44:00,38105,2,0,0,5.2593
2971,19:48:00,19:48:00,31,3,0,0,7.1057
2971,19:52:00,19:52:00,32,4,0,0,9.2496
2971,19:56:00,19:56:00,155,5,0,0,11.6123
2971,20:01:00,20:01:00,44,6,0,0,13.7009
2971,20:04:00,20:04:00,102,7,0,0,14.9523
2971,20:07:00,20:07:00,120,8,0,0,16.0970
2971,20:12:00,20:12:00,36,9,0,0,19.0369
2971,20:18:00,20:18:00,21,10,0,0,23.2784
2971,20:21:00,20:21:00,24,11,0,0,24.3894
2971,20:26:00,20:26:00,138,12,0,0,27.7229
2971,20:29:00,20:29:00,129,13,0,0,28.8867
2971,20:36:00,20:36:00,108,14,0,0,32.3640
2971,20:43:00,20:43:00,157,15,0,0,37.2634
2971,20:49:00,20:49:00,68,16,0,0,41.0470
2971,20:54:00,20:54:00,6,17,0,0,43.4053
2971,21:04:00,21:04:00,60,18,0,0,45.1964
2972,07:08:00,07:08:00,107,1,0,0,0.0000
2972,07:17:00,07:17:00,38105,2,0,0,5.2593
2972,07:20:00,07:20:00,31,3,0,0,7.1057
2972,07:25:00,07:25:00,32,4,0,0,9.2496
2972,07:28:00,07:28:00,47,5,0,0,10.4335
2972,07:31:00,07:31:00,155,6,0,0,11.6487
2972,07:36:00,07:36:00,44,7,0,0,13.7373
2972,07:39:00,07:39:00,102,8,0,0,14.9886
2972,07:42:00,07:42:00,120,9,0,0,16.1333
2972,07:47:00,07:47:00,36,10,0,0,19.0733
2972,07:53:00,07:53:00,21,11,0,0,23.3148
2972,07:56:00,07:56:00,24,12,0,0,24.4258
2972,08:01:00,08:01:00,138,13,0,0,27.7593
2972,08:04:00,08:04:00,129,14,0,0,28.9231
2972,08:11:00,08:11:00,108,15,0,0,32.4004
2972,08:18:00,08:18:00,157,16,0,0,37.2998
2972,08:25:00,08:25:00,68,17,0,0,41.0833
2972,08:29:00,08:29:00,6,18,0,0,43.4417
2972,08:39:00,08:39:00,60,19,0,0,45.2328
2973,10:06:00,10:06:00,107,1,0,0,0.0000
2973,10:15:00,10:15:00,38105,2,0,0,5.2593
2973,10:18:00,10:18:00,31,3,0,0,7.1057
2973,10:23:00,10:23:00,32,4,0,0,9.2496
2973,10:26:00,10:26:00,47,5,0,0,10.4335
2973,10:29:00,10:29:00,155,6,0,0,11.6487
2973,10:34:00,10:34:00,44,7,0,0,13.7373
2973,10:37:00,10:37:00,102,8,0,0,14.9886
2973,10:41:00,10:41:00,120,9,0,0,16.1333
2973,10:46:00,10:46:00,36,10,0,0,19.0733
2973,10:51:00,10:51:00,21,11,0,0,23.3148
2973,10:54:00,10:54:00,24,12,0,0,24.4258
2973,11:00:00,11:00:00,138,13,0,0,27.7593
2973,11:03:00,11:03:00,129,14,0,0,28.9231
2973,11:09:00,11:09:00,108,15,0,0,32.4004
2973,11:16:00,11:16:00,157,16,0,0,37.2998
2973,11:22:00,11:22:00,68,17,0,0,41.0833
2973,11:27:00,11:27:00,6,18,0,0,43.4417
2973,11:40:00,11:40:00,60,19,0,0,45.2328
2974,16:44:00,16:44:00,107,1,0,0,0.0000
2974,16:54:00,16:54:00,38105,2,0,0,5.2593
2974,16:58:00,16:58:00,31,3,0,0,7.1057
2974,17:03:00,17:03:00,32,4,0,0,9.2496
2974,17:06:00,17:06:00,47,5,0,0,10.4335
2974,17:10:00,17:10:00,155,6,0,0,11.6487
2974,17:15:00,17:15:00,44,7,0,0,13.7373
2974,17:18:00,17:18:00,102,8,0,0,14.9886
2974,17:22:00,17:22:00,120,9,0,0,16.1333
2974,17:27:00,17:27:00,36,10,0,0,19.0733
2974,17:33:00,17:33:00,21,11,0,0,23.3148
2974,17:36:00,17:36:00,24,12,0,0,24.4258
2974,17:42:00,17:42:00,138,13,0,0,27.7593
2974,17:45:00,17:45:00,129,14,0,0,28.9231
2974,17:52:00,17:52:00,108,15,0,0,32.4004
2974,17:59:00,17:59:00,157,16,0,0,37.2998
2974,18:06:00,18:06:00,68,17,0,0,41.0833
2974,18:11:00,18:11:00,6,18,0,0,43.4417
2974,18:20:00,18:20:00,60,19,0,0,45.2328
2975,12:49:00,12:49:00,105,1,0,0,0.0000
2975,12:58:00,12:58:00,38187,2,0,0,4.9884
2975,13:08:00,13:08:00,107,3,0,0,10.0572
2975,13:17:00,13:17:00,38105,4,0,0,15.3146
2975,13:20:00,13:20:00,31,5,0,0,17.1610
2975,13:25:00,13:25:00,32,6,0,0,19.3049
2975,13:29:00,13:29:00,155,7,0,0,21.6676
2975,13:34:00,13:34:00,44,8,0,0,23.7563
2975,13:37:00,13:37:00,102,9,0,0,25.0076
2975,13:40:00,13:40:00,120,10,0,0,26.1523
2975,13:45:00,13:45:00,36,11,0,0,29.0922
2975,13:51:00,13:51:00,21,12,0,0,33.3337
2975,13:54:00,13:54:00,24,13,0,0,34.4447
2975,13:59:00,13:59:00,138,14,0,0,37.7782
2975,14:02:00,14:02:00,129,15,0,0,38.9420
2975,14:09:00,14:09:00,108,16,0,0,42.4193
2975,14:16:00,14:16:00,157,17,0,0,47.3188
2975,14:22:00,14:22:00,68,18,0,0,51.1023
2975,14:27:00,14:27:00,6,19,0,0,53.4606
2975,14:41:00,14:41:00,60,20,0,0,55.2517
2976,22:48:00,22:48:00,105,1,0,0,0.0000
2976,22:57:00,22:57:00,38187,2,0,0,4.9884
2976,23:08:00,23:08:00,107,3,0,0,10.0572
2976,23:17:00,23:17:00,38105,4,0,0,15.3146
2976,23:20:00,23:20:00,31,5,0,0,17.1610
2976,23:25:00,23:25:00,32,6,0,0,19.3049
2976,23:29:00,23:29:00,155,7,0,0,21.6676
2976,23:34:00,23:34:00,44,8,0,0,23.7563
2976,23:37:00,23:37:00,102,9,0,0,25.0076
2976,23:40:00,23:40:00,120,10,0,0,26.1523
2976,23:45:00,23:45:00,36,11,0,0,29.0922
2976,23:51:00,23:51:00,21,12,0,0,33.3337
2976,23:54:00,23:54:00,24,13,0,0,34.4447
2976,23:59:00,23:59:00,138,14,0,0,37.7782
2976,24:02:00,24:02:00,129,15,0,0,38.9420
2976,24:08:00,24:08:00,108,16,0,0,42.4193
2976,24:15:00,24:15:00,157,17,0,0,47.3188
2976,24:22:00,24:22:00,68,18,0,0,51.1023
2976,24:26:00,24:26:00,6,19,0,0,53.4606
2976,24:36:00,24:36:00,60,20,0,0,55.2517
2977,14:39:00,14:39:00,105,1,0,0,0.0000
2977,14:48:00,14:48:00,38187,2,0,0,4.9884
2977,15:01:00,15:01:00,107,3,0,0,10.0572
2977,15:10:00,15:10:00,38105,4,0,0,15.3146
2977,15:13:00,15:13:00,31,5,0,0,17.1610
2977,15:18:00,15:18:00,32,6,0,0,19.3049
2977,15:21:00,15:21:00,47,7,0,0,20.4888
2977,15:24:00,15:24:00,155,8,0,0,21.7040
2977,15:28:00,15:28:00,44,9,0,0,23.7926
2977,15:31:00,15:31:00,102,10,0,0,25.0439
2977,15:35:00,15:35:00,120,11,0,0,26.1886
2977,15:40:00,15:40:00,36,12,0,0,29.1286
2977,15:45:00,15:45:00,21,13,0,0,33.3701
2977,15:48:00,15:48:00,24,14,0,0,34.4811
2977,15:53:00,15:53:00,138,15,0,0,37.8146
2977,15:56:00,15:56:00,129,16,0,0,38.9784
2977,16:02:00,16:02:00,108,17,0,0,42.4557
2977,16:09:00,16:09:00,157,18,0,0,47.3551
2977,16:15:00,16:15:00,68,19,0,0,51.1386
2977,16:20:00,16:20:00,6,20,0,0,53.4970
2977,16:30:00,16:30:00,60,21,0,0,55.2881
2978,20:48:00,20:48:00,105,1,0,0,0.0000
2978,20:57:00,20:57:00,38187,2,0,0,4.9884
2978,21:08:00,21:08:00,107,3,0,0,10.0572
2978,21:17:00,21:17:00,38105,4,0,0,15.3146
2978,21:21:00,21:21:00,31,5,0,0,17.1610
2978,21:25:00,21:25:00,32,6,0,0,19.3049
2978,21:28:00,21:28:00,47,7,0,0,20.4888
2978,21:31:00,21:31:00,155,8,0,0,21.7040
2978,21:36:00,21:36:00,44,9,0,0,23.7926
2978,21:39:00,21:39:00,102,10,0,0,25.0439
2978,21:42:00,21:42:00,120,11,0,0,26.1886
2978,21:47:00,21:47:00,36,12,0,0,29.1286
2978,21:52:00,21:52:00,21,13,0,0,33.3701
2978,21:55:00,21:55:00,24,14,0,0,34.4811
2978,22:00:00,22:00:00,138,15,0,0,37.8146
2978,22:03:00,22:03:00,129,16,0,0,38.9784
2978,22:10:00,22:10:00,108,17,0,0,42.4557
2978,22:17:00,22:17:00,157,18,0,0,47.3551
2978,22:23:00,22:23:00,68,19,0,0,51.1386
2978,22:28:00,22:28:00,6,20,0,0,53.4970
2978,22:37:00,22:37:00,60,21,0,0,55.2881
2979,06:14:00,06:14:00,38291,1,0,0,0.0000
2979,06:16:00,06:16:00,38292,2,0,0,0.4892
2979,06:18:00,06:18:00,38293,3,0,0,0.9515
2979,06:25:00,06:25:00,38294,4,0,0,5.9814
2979,06:30:00,06:30:00,38295,5,0,0,9.8280
2979,06:33:00,06:33:00,38296,6,0,0,12.0078
2979,06:38:00,06:38:00,38297,7,0,0,15.3055
2979,06:40:00,06:40:00,38298,8,0,0,15.8451
2979,06:44:00,06:44:00,38299,9,0,0,18.4570
2979,06:48:00,06:48:00,38300,10,0,0,20.5407
2979,06:50:00,06:50:00,38301,11,0,0,21.3051
2979,06:55:00,06:55:00,38302,12,0,0,23.9790
2979,06:57:00,06:57:00,38303,13,0,0,24.8530
2979,06:59:00,06:59:00,38304,14,0,0,25.3602
2979,07:02:00,07:02:00,38305,15,0,0,26.6244
2979,07:04:00,07:04:00,43288,16,0,0,28.1941
2979,07:08:00,07:08:00,38306,17,0,0,29.7492
2979,07:13:00,07:13:00,38307,18,0,0,32.3871
2979,07:16:00,07:16:00,38308,19,0,0,32.8119
2979,07:18:00,07:18:00,38309,20,0,0,33.1928
2979,07:21:00,07:21:00,38310,21,0,0,33.5335
2980,06:44:00,06:44:00,38291,1,0,0,0.0000
2980,06:46:00,06:46:00,38292,2,0,0,0.4892
2980,06:48:00,06:48:00,38293,3,0,0,0.9515
2980,06:55:00,06:55:00,38294,4,0,0,5.9814
2980,07:00:00,07:00:00,38295,5,0,0,9.8280
2980,07:03:00,07:03:00,38296,6,0,0,12.0078
2980,07:08:00,07:08:00,38297,7,0,0,15.3055
2980,07:10:00,07:10:00,38298,8,0,0,15.8451
2980,07:14:00,07:14:00,38299,9,0,0,18.4570
2980,07:18:00,07:18:00,38300,10,0,0,20.5407
2980,07:20:00,07:20:00,38301,11,0,0,21.3051
2980,07:25:00,07:25:00,38302,12,0,0,23.9790
2980,07:27:00,07:27:00,38303,13,0,0,24.8530
2980,07:29:00,07:29:00,38304,14,0,0,25.3602
2980,07:32:00,07:32:00,38305,15,0,0,26.6244
2980,07:34:00,07:34:00,43288,16,0,0,28.1941
2980,07:38:00,07:38:00,38306,17,0,0,29.7492
2980,07:43:00,07:43:00,38307,18,0,0,32.3871
2980,07:46:00,07:46:00,38308,19,0,0,32.8119
2980,07:48:00,07:48:00,38309,20,0,0,33.1928
2980,07:51:00,07:51:00,38310,21,0,0,33.5335
2981,07:14:00,07:14:00,38291,1,0,0,0.0000
2981,07:16:00,07:16:00,38292,2,0,0,0.4892
2981,07:18:00,07:18:00,38293,3,0,0,0.9515
2981,07:25:00,07:25:00,38294,4,0,0,5.9814
2981,07:30:00,07:30:00,38295,5,0,0,9.8280
2981,07:33:00,07:33:00,38296,6,0,0,12.0078
2981,07:38:00,07:38:00,38297,7,0,0,15.3055
2981,07:40:00,07:40:00,38298,8,0,0,15.8451
2981,07:44:00,07:44:00,38299,9,0,0,18.4570
2981,07:48:00,07:48:00,38300,10,0,0,20.5407
2981,07:50:00,07:50:00,38301,11,0,0,21.3051
2981,07:55:00,07:55:00,38302,12,0,0,23.9790
2981,07:57:00,07:57:00,38303,13,0,0,24.8530
2981,07:59:00,07:59:00,38304,14,0,0,25.3602
2981,08:02:00,08:02:00,38305,15,0,0,26.6244
2981,08:04:00,08:04:00,43288,16,0,0,28.1941
2981,08:08:00,08:08:00,38306,17,0,0,29.7492
2981,08:13:00,08:13:00,38307,18,0,0,32.3871
2981,08:16:00,08:16:00,38308,19,0,0,32.8119
2981,08:18:00,08:18:00,38309,20,0,0,33.1928
2981,08:21:00,08:21:00,38310,21,0,0,33.5335
2982,07:44:00,07:44:00,38291,1,0,0,0.0000
2982,07:46:00,07:46:00,38292,2,0,0,0.4892
2982,07:48:00,07:48:00,38293,3,0,0,0.9515
2982,07:55:00,07:55:00,38294,4,0,0,5.9814
2982,08:00:00,08:00:00,38295,5,0,0,9.8280
2982,08:03:00,08:03:00,38296,6,0,0,12.0078
2982,08:08:00,08:08:00,38297,7,0,0,15.3055
2982,08:10:00,08:10:00,38298,8,0,0,15.8451
2982,08:14:00,08:14:00,38299,9,0,0,18.4570
2982,08:18:00,08:18:00,38300,10,0,0,20.5407
2982,08:20:00,08:20:00,38301,11,0,0,21.3051
2982,08:25:00,08:25:00,38302,12,0,0,23.9790
2982,08:27:00,08:27:00,38303,13,0,0,24.8530
2982,08:29:00,08:29:00,38304,14,0,0,25.3602
2982,08:32:00,08:32:00,38305,15,0,0,26.6244
2982,08:34:00,08:34:00,43288,16,0,0,28.1941
2982,08:38:00,08:38:00,38306,17,0,0,29.7492
2982,08:43:00,08:43:00,38307,18,0,0,32.3871
2982,08:46:00,08:46:00,38308,19,0,0,32.8119
2982,08:48:00,08:48:00,38309,20,0,0,33.1928
2982,08:51:00,08:51:00,38310,21,0,0,33.5335
2983,08:14:00,08:14:00,38291,1,0,0,0.0000
2983,08:16:00,08:16:00,38292,2,0,0,0.4892
2983,08:18:00,08:18:00,38293,3,0,0,0.9515
2983,08:25:00,08:25:00,38294,4,0,0,5.9814
2983,08:30:00,08:30:00,38295,5,0,0,9.8280
2983,08:33:00,08:33:00,38296,6,0,0,12.0078
2983,08:38:00,08:38:00,38297,7,0,0,15.3055
2983,08:40:00,08:40:00,38298,8,0,0,15.8451
2983,08:44:00,08:44:00,38299,9,0,0,18.4570
2983,08:48:00,08:48:00,38300,10,0,0,20.5407
2983,08:50:00,08:50:00,38301,11,0,0,21.3051
2983,08:55:00,08:55:00,38302,12,0,0,23.9790
2983,08:57:00,08:57:00,38303,13,0,0,24.8530
2983,08:59:00,08:59:00,38304,14,0,0,25.3602
2983,09:02:00,09:02:00,38305,15,0,0,26.6244
2983,09:04:00,09:04:00,43288,16,0,0,28.1941
2983,09:08:00,09:08:00,38306,17,0,0,29.7492
2983,09:13:00,09:13:00,38307,18,0,0,32.3871
2983,09:16:00,09:16:00,38308,19,0,0,32.8119
2983,09:18:00,09:18:00,38309,20,0,0,33.1928
2983,09:21:00,09:21:00,38310,21,0,0,33.5335
2984,08:44:00,08:44:00,38291,1,0,0,0.0000
2984,08:46:00,08:46:00,38292,2,0,0,0.4892
2984,08:48:00,08:48:00,38293,3,0,0,0.9515
2984,08:55:00,08:55:00,38294,4,0,0,5.9814
2984,09:00:00,09:00:00,38295,5,0,0,9.8280
2984,09:03:00,09:03:00,38296,6,0,0,12.0078
2984,09:08:00,09:08:00,38297,7,0,0,15.3055
2984,09:10:00,09:10:00,38298,8,0,0,15.8451
2984,09:14:00,09:14:00,38299,9,0,0,18.4570
2984,09:18:00,09:18:00,38300,10,0,0,20.5407
2984,09:20:00,09:20:00,38301,11,0,0,21.3051
2984,09:25:00,09:25:00,38302,12,0,0,23.9790
2984,09:27:00,09:27:00,38303,13,0,0,24.8530
2984,09:29:00,09:29:00,38304,14,0,0,25.3602
2984,09:32:00,09:32:00,38305,15,0,0,26.6244
2984,09:34:00,09:34:00,43288,16,0,0,28.1941
2984,09:38:00,09:38:00,38306,17,0,0,29.7492
2984,09:43:00,09:43:00,38307,18,0,0,32.3871
2984,09:46:00,09:46:00,38308,19,0,0,32.8119
2984,09:48:00,09:48:00,38309,20,0,0,33.1928
2984,09:51:00,09:51:00,38310,21,0,0,33.5335
2985,09:14:00,09:14:00,38291,1,0,0,0.0000
2985,09:16:00,09:16:00,38292,2,0,0,0.4892
2985,09:18:00,09:18:00,38293,3,0,0,0.9515
2985,09:25:00,09:25:00,38294,4,0,0,5.9814
2985,09:30:00,09:30:00,38295,5,0,0,9.8280
2985,09:33:00,09:33:00,38296,6,0,0,12.0078
2985,09:38:00,09:38:00,38297,7,0,0,15.3055
2985,09:40:00,09:40:00,38298,8,0,0,15.8451
2985,09:44:00,09:44:00,38299,9,0,0,18.4570
2985,09:48:00,09:48:00,38300,10,0,0,20.5407
2985,09:50:00,09:50:00,38301,11,0,0,21.3051
2985,09:55:00,09:55:00,38302,12,0,0,23.9790
2985,09:57:00,09:57:00,38303,13,0,0,24.8530
2985,09:59:00,09:59:00,38304,14,0,0,25.3602
2985,10:02:00,10:02:00,38305,15,0,0,26.6244
2985,10:04:00,10:04:00,43288,16,0,0,28.1941
2985,10:08:00,10:08:00,38306,17,0,0,29.7492
2985,10:13:00,10:13:00,38307,18,0,0,32.3871
2985,10:16:00,10:16:00,38308,19,0,0,32.8119
2985,10:18:00,10:18:00,38309,20,0,0,33.1928
2985,10:21:00,10:21:00,38310,21,0,0,33.5335
2986,09:44:00,09:44:00,38291,1,0,0,0.0000
2986,09:46:00,09:46:00,38292,2,0,0,0.4892
2986,09:48:00,09:48:00,38293,3,0,0,0.9515
2986,09:55:00,09:55:00,38294,4,0,0,5.9814
2986,10:00:00,10:00:00,38295,5,0,0,9.8280
2986,10:03:00,10:03:00,38296,6,0,0,12.0078
2986,10:08:00,10:08:00,38297,7,0,0,15.3055
2986,10:10:00,10:10:00,38298,8,0,0,15.8451
2986,10:14:00,10:14:00,38299,9,0,0,18.4570
2986,10:18:00,10:18:00,38300,10,0,0,20.5407
2986,10:20:00,10:20:00,38301,11,0,0,21.3051
2986,10:25:00,10:25:00,38302,12,0,0,23.9790
2986,10:27:00,10:27:00,38303,13,0,0,24.8530
2986,10:29:00,10:29:00,38304,14,0,0,25.3602
2986,10:32:00,10:32:00,38305,15,0,0,26.6244
2986,10:34:00,10:34:00,43288,16,0,0,28.1941
2986,10:38:00,10:38:00,38306,17,0,0,29.7492
2986,10:43:00,10:43:00,38307,18,0,0,32.3871
2986,10:46:00,10:46:00,38308,19,0,0,32.8119
2986,10:48:00,10:48:00,38309,20,0,0,33.1928
2986,10:51:00,10:51:00,38310,21,0,0,33.5335
2987,10:14:00,10:14:00,38291,1,0,0,0.0000
2987,10:16:00,10:16:00,38292,2,0,0,0.4892
2987,10:18:00,10:18:00,38293,3,0,0,0.9515
2987,10:25:00,10:25:00,38294,4,0,0,5.9814
2987,10:30:00,10:30:00,38295,5,0,0,9.8280
2987,10:33:00,10:33:00,38296,6,0,0,12.0078
2987,10:38:00,10:38:00,38297,7,0,0,15.3055
2987,10:40:00,10:40:00,38298,8,0,0,15.8451
2987,10:44:00,10:44:00,38299,9,0,0,18.4570
2987,10:48:00,10:48:00,38300,10,0,0,20.5407
2987,10:50:00,10:50:00,38301,11,0,0,21.3051
2987,10:55:00,10:55:00,38302,12,0,0,23.9790
2987,10:57:00,10:57:00,38303,13,0,0,24.8530
2987,10:59:00,10:59:00,38304,14,0,0,25.3602
2987,11:02:00,11:02:00,38305,15,0,0,26.6244
2987,11:04:00,11:04:00,43288,16,0,0,28.1941
2987,11:08:00,11:08:00,38306,17,0,0,29.7492
2987,11:13:00,11:13:00,38307,18,0,0,32.3871
2987,11:16:00,11:16:00,38308,19,0,0,32.8119
2987,11:18:00,11:18:00,38309,20,0,0,33.1928
2987,11:21:00,11:21:00,38310,21,0,0,33.5335
2988,10:44:00,10:44:00,38291,1,0,0,0.0000
2988,10:46:00,10:46:00,38292,2,0,0,0.4892
2988,10:48:00,10:48:00,38293,3,0,0,0.9515
2988,10:55:00,10:55:00,38294,4,0,0,5.9814
2988,11:00:00,11:00:00,38295,5,0,0,9.8280
2988,11:03:00,11:03:00,38296,6,0,0,12.0078
2988,11:08:00,11:08:00,38297,7,0,0,15.3055
2988,11:10:00,11:10:00,38298,8,0,0,15.8451
2988,11:14:00,11:14:00,38299,9,0,0,18.4570
2988,11:18:00,11:18:00,38300,10,0,0,20.5407
2988,11:20:00,11:20:00,38301,11,0,0,21.3051
2988,11:25:00,11:25:00,38302,12,0,0,23.9790
2988,11:27:00,11:27:00,38303,13,0,0,24.8530
2988,11:29:00,11:29:00,38304,14,0,0,25.3602
2988,11:32:00,11:32:00,38305,15,0,0,26.6244
2988,11:34:00,11:34:00,43288,16,0,0,28.1941
2988,11:38:00,11:38:00,38306,17,0,0,29.7492
2988,11:43:00,11:43:00,38307,18,0,0,32.3871
2988,11:46:00,11:46:00,38308,19,0,0,32.8119
2988,11:48:00,11:48:00,38309,20,0,0,33.1928
2988,11:51:00,11:51:00,38310,21,0,0,33.5335
2989,11:14:00,11:14:00,38291,1,0,0,0.0000
2989,11:16:00,11:16:00,38292,2,0,0,0.4892
2989,11:18:00,11:18:00,38293,3,0,0,0.9515
2989,11:25:00,11:25:00,38294,4,0,0,5.9814
2989,11:30:00,11:30:00,38295,5,0,0,9.8280
2989,11:33:00,11:33:00,38296,6,0,0,12.0078
2989,11:38:00,11:38:00,38297,7,0,0,15.3055
2989,11:40:00,11:40:00,38298,8,0,0,15.8451
2989,11:44:00,11:44:00,38299,9,0,0,18.4570
2989,11:48:00,11:48:00,38300,10,0,0,20.5407
2989,11:50:00,11:50:00,38301,11,0,0,21.3051
2989,11:55:00,11:55:00,38302,12,0,0,23.9790
2989,11:57:00,11:57:00,38303,13,0,0,24.8530
2989,11:59:00,11:59:00,38304,14,0,0,25.3602
2989,12:02:00,12:02:00,38305,15,0,0,26.6244
2989,12:04:00,12:04:00,43288,16,0,0,28.1941
2989,12:08:00,12:08:00,38306,17,0,0,29.7492
2989,12:13:00,12:13:00,38307,18,0,0,32.3871
2989,12:16:00,12:16:00,38308,19,0,0,32.8119
2989,12:18:00,12:18:00,38309,20,0,0,33.1928
2989,12:21:00,12:21:00,38310,21,0,0,33.5335
2990,11:44:00,11:44:00,38291,1,0,0,0.0000
2990,11:46:00,11:46:00,38292,2,0,0,0.4892
2990,11:48:00,11:48:00,38293,3,0,0,0.9515
2990,11:55:00,11:55:00,38294,4,0,0,5.9814
2990,12:00:00,12:00:00,38295,5,0,0,9.8280
2990,12:03:00,12:03:00,38296,6,0,0,12.0078
2990,12:08:00,12:08:00,38297,7,0,0,15.3055
2990,12:10:00,12:10:00,38298,8,0,0,15.8451
2990,12:14:00,12:14:00,38299,9,0,0,18.4570
2990,12:18:00,12:18:00,38300,10,0,0,20.5407
2990,12:20:00,12:20:00,38301,11,0,0,21.3051
2990,12:25:00,12:25:00,38302,12,0,0,23.9790
2990,12:27:00,12:27:00,38303,13,0,0,24.8530
2990,12:29:00,12:29:00,38304,14,0,0,25.3602
2990,12:32:00,12:32:00,38305,15,0,0,26.6244
2990,12:34:00,12:34:00,43288,16,0,0,28.1941
2990,12:38:00,12:38:00,38306,17,0,0,29.7492
2990,12:43:00,12:43:00,38307,18,0,0,32.3871
2990,12:46:00,12:46:00,38308,19,0,0,32.8119
2990,12:48:00,12:48:00,38309,20,0,0,33.1928
2990,12:51:00,12:51:00,38310,21,0,0,33.5335
2991,12:14:00,12:14:00,38291,1,0,0,0.0000
2991,12:16:00,12:16:00,38292,2,0,0,0.4892
2991,12:18:00,12:18:00,38293,3,0,0,0.9515
2991,12:25:00,12:25:00,38294,4,0,0,5.9814
2991,12:30:00,12:30:00,38295,5,0,0,9.8280
2991,12:33:00,12:33:00,38296,6,0,0,12.0078
2991,12:38:00,12:38:00,38297,7,0,0,15.3055
2991,12:40:00,12:40:00,38298,8,0,0,15.8451
2991,12:44:00,12:44:00,38299,9,0,0,18.4570
2991,12:48:00,12:48:00,38300,10,0,0,20.5407
2991,12:50:00,12:50:00,38301,11,0,0,21.3051
2991,12:55:00,12:55:00,38302,12,0,0,23.9790
2991,12:57:00,12:57:00,38303,13,0,0,24.8530
2991,12:59:00,12:59:00,38304,14,0,0,25.3602
2991,13:02:00,13:02:00,38305,15,0,0,26.6244
2991,13:04:00,13:04:00,43288,16,0,0,28.1941
2991,13:08:00,13:08:00,38306,17,0,0,29.7492
2991,13:13:00,13:13:00,38307,18,0,0,32.3871
2991,13:16:00,13:16:00,38308,19,0,0,32.8119
2991,13:18:00,13:18:00,38309,20,0,0,33.1928
2991,13:21:00,13:21:00,38310,21,0,0,33.5335
2992,12:44:00,12:44:00,38291,1,0,0,0.0000
2992,12:46:00,12:46:00,38292,2,0,0,0.4892
2992,12:48:00,12:48:00,38293,3,0,0,0.9515
2992,12:55:00,12:55:00,38294,4,0,0,5.9814
2992,13:00:00,13:00:00,38295,5,0,0,9.8280
2992,13:03:00,13:03:00,38296,6,0,0,12.0078
2992,13:08:00,13:08:00,38297,7,0,0,15.3055
2992,13:10:00,13:10:00,38298,8,0,0,15.8451
2992,13:14:00,13:14:00,38299,9,0,0,18.4570
2992,13:18:00,13:18:00,38300,10,0,0,20.5407
2992,13:20:00,13:20:00,38301,11,0,0,21.3051
2992,13:25:00,13:25:00,38302,12,0,0,23.9790
2992,13:27:00,13:27:00,38303,13,0,0,24.8530
2992,13:29:00,13:29:00,38304,14,0,0,25.3602
2992,13:32:00,13:32:00,38305,15,0,0,26.6244
2992,13:34:00,13:34:00,43288,16,0,0,28.1941
2992,13:38:00,13:38:00,38306,17,0,0,29.7492
2992,13:43:00,13:43:00,38307,18,0,0,32.3871
2992,13:46:00,13:46:00,38308,19,0,0,32.8119
2992,13:48:00,13:48:00,38309,20,0,0,33.1928
2992,13:51:00,13:51:00,38310,21,0,0,33.5335
2993,13:14:00,13:14:00,38291,1,0,0,0.0000
2993,13:16:00,13:16:00,38292,2,0,0,0.4892
2993,13:18:00,13:18:00,38293,3,0,0,0.9515
2993,13:25:00,13:25:00,38294,4,0,0,5.9814
2993,13:30:00,13:30:00,38295,5,0,0,9.8280
2993,13:33:00,13:33:00,38296,6,0,0,12.0078
2993,13:38:00,13:38:00,38297,7,0,0,15.3055
2993,13:40:00,13:40:00,38298,8,0,0,15.8451
2993,13:44:00,13:44:00,38299,9,0,0,18.4570
2993,13:48:00,13:48:00,38300,10,0,0,20.5407
2993,13:50:00,13:50:00,38301,11,0,0,21.3051
2993,13:55:00,13:55:00,38302,12,0,0,23.9790
2993,13:57:00,13:57:00,38303,13,0,0,24.8530
2993,13:59:00,13:59:00,38304,14,0,0,25.3602
2993,14:02:00,14:02:00,38305,15,0,0,26.6244
2993,14:04:00,14:04:00,43288,16,0,0,28.1941
2993,14:08:00,14:08:00,38306,17,0,0,29.7492
2993,14:13:00,14:13:00,38307,18,0,0,32.3871
2993,14:16:00,14:16:00,38308,19,0,0,32.8119
2993,14:18:00,14:18:00,38309,20,0,0,33.1928
2993,14:21:00,14:21:00,38310,21,0,0,33.5335
2994,13:44:00,13:44:00,38291,1,0,0,0.0000
2994,13:46:00,13:46:00,38292,2,0,0,0.4892
2994,13:48:00,13:48:00,38293,3,0,0,0.9515
2994,13:55:00,13:55:00,38294,4,0,0,5.9814
2994,14:00:00,14:00:00,38295,5,0,0,9.8280
2994,14:03:00,14:03:00,38296,6,0,0,12.0078
2994,14:08:00,14:08:00,38297,7,0,0,15.3055
2994,14:10:00,14:10:00,38298,8,0,0,15.8451
2994,14:14:00,14:14:00,38299,9,0,0,18.4570
2994,14:18:00,14:18:00,38300,10,0,0,20.5407
2994,14:20:00,14:20:00,38301,11,0,0,21.3051
2994,14:25:00,14:25:00,38302,12,0,0,23.9790
2994,14:27:00,14:27:00,38303,13,0,0,24.8530
2994,14:29:00,14:29:00,38304,14,0,0,25.3602
2994,14:32:00,14:32:00,38305,15,0,0,26.6244
2994,14:34:00,14:34:00,43288,16,0,0,28.1941
2994,14:38:00,14:38:00,38306,17,0,0,29.7492
2994,14:43:00,14:43:00,38307,18,0,0,32.3871
2994,14:46:00,14:46:00,38308,19,0,0,32.8119
2994,14:48:00,14:48:00,38309,20,0,0,33.1928
2994,14:51:00,14:51:00,38310,21,0,0,33.5335
2995,14:14:00,14:14:00,38291,1,0,0,0.0000
2995,14:16:00,14:16:00,38292,2,0,0,0.4892
2995,14:18:00,14:18:00,38293,3,0,0,0.9515
2995,14:25:00,14:25:00,38294,4,0,0,5.9814
2995,14:30:00,14:30:00,38295,5,0,0,9.8280
2995,14:33:00,14:33:00,38296,6,0,0,12.0078
2995,14:38:00,14:38:00,38297,7,0,0,15.3055
2995,14:40:00,14:40:00,38298,8,0,0,15.8451
2995,14:44:00,14:44:00,38299,9,0,0,18.4570
2995,14:48:00,14:48:00,38300,10,0,0,20.5407
2995,14:50:00,14:50:00,38301,11,0,0,21.3051
2995,14:55:00,14:55:00,38302,12,0,0,23.9790
2995,14:57:00,14:57:00,38303,13,0,0,24.8530
2995,14:59:00,14:59:00,38304,14,0,0,25.3602
2995,15:02:00,15:02:00,38305,15,0,0,26.6244
2995,15:04:00,15:04:00,43288,16,0,0,28.1941
2995,15:08:00,15:08:00,38306,17,0,0,29.7492
2995,15:13:00,15:13:00,38307,18,0,0,32.3871
2995,15:16:00,15:16:00,38308,19,0,0,32.8119
2995,15:18:00,15:18:00,38309,20,0,0,33.1928
2995,15:21:00,15:21:00,38310,21,0,0,33.5335
2996,14:44:00,14:44:00,38291,1,0,0,0.0000
2996,14:46:00,14:46:00,38292,2,0,0,0.4892
2996,14:48:00,14:48:00,38293,3,0,0,0.9515
2996,14:55:00,14:55:00,38294,4,0,0,5.9814
2996,15:00:00,15:00:00,38295,5,0,0,9.8280
2996,15:03:00,15:03:00,38296,6,0,0,12.0078
2996,15:08:00,15:08:00,38297,7,0,0,15.3055
2996,15:10:00,15:10:00,38298,8,0,0,15.8451
2996,15:14:00,15:14:00,38299,9,0,0,18.4570
2996,15:18:00,15:18:00,38300,10,0,0,20.5407
2996,15:20:00,15:20:00,38301,11,0,0,21.3051
2996,15:25:00,15:25:00,38302,12,0,0,23.9790
2996,15:27:00,15:27:00,38303,13,0,0,24.8530
2996,15:29:00,15:29:00,38304,14,0,0,25.3602
2996,15:32:00,15:32:00,38305,15,0,0,26.6244
2996,15:34:00,15:34:00,43288,16,0,0,28.1941
2996,15:38:00,15:38:00,38306,17,0,0,29.7492
2996,15:43:00,15:43:00,38307,18,0,0,32.3871
2996,15:46:00,15:46:00,38308,19,0,0,32.8119
2996,15:48:00,15:48:00,38309,20,0,0,33.1928
2996,15:51:00,15:51:00,38310,21,0,0,33.5335
2997,15:14:00,15:14:00,38291,1,0,0,0.0000
2997,15:16:00,15:16:00,38292,2,0,0,0.4892
2997,15:18:00,15:18:00,38293,3,0,0,0.9515
2997,15:25:00,15:25:00,38294,4,0,0,5.9814
2997,15:30:00,15:30:00,38295,5,0,0,9.8280
2997,15:33:00,15:33:00,38296,6,0,0,12.0078
2997,15:38:00,15:38:00,38297,7,0,0,15.3055
2997,15:40:00,15:40:00,38298,8,0,0,15.8451
2997,15:44:00,15:44:00,38299,9,0,0,18.4570
2997,15:48:00,15:48:00,38300,10,0,0,20.5407
2997,15:50:00,15:50:00,38301,11,0,0,21.3051
2997,15:55:00,15:55:00,38302,12,0,0,23.9790
2997,15:57:00,15:57:00,38303,13,0,0,24.8530
2997,15:59:00,15:59:00,38304,14,0,0,25.3602
2997,16:02:00,16:02:00,38305,15,0,0,26.6244
2997,16:04:00,16:04:00,43288,16,0,0,28.1941
2997,16:08:00,16:08:00,38306,17,0,0,29.7492
2997,16:13:00,16:13:00,38307,18,0,0,32.3871
2997,16:16:00,16:16:00,38308,19,0,0,32.8119
2997,16:18:00,16:18:00,38309,20,0,0,33.1928
2997,16:21:00,16:21:00,38310,21,0,0,33.5335
2998,15:44:00,15:44:00,38291,1,0,0,0.0000
2998,15:46:00,15:46:00,38292,2,0,0,0.4892
2998,15:48:00,15:48:00,38293,3,0,0,0.9515
2998,15:55:00,15:55:00,38294,4,0,0,5.9814
2998,16:00:00,16:00:00,38295,5,0,0,9.8280
2998,16:03:00,16:03:00,38296,6,0,0,12.0078
2998,16:08:00,16:08:00,38297,7,0,0,15.3055
2998,16:10:00,16:10:00,38298,8,0,0,15.8451
2998,16:14:00,16:14:00,38299,9,0,0,18.4570
2998,16:18:00,16:18:00,38300,10,0,0,20.5407
2998,16:20:00,16:20:00,38301,11,0,0,21.3051
2998,16:25:00,16:25:00,38302,12,0,0,23.9790
2998,16:27:00,16:27:00,38303,13,0,0,24.8530
2998,16:29:00,16:29:00,38304,14,0,0,25.3602
2998,16:32:00,16:32:00,38305,15,0,0,26.6244
2998,16:34:00,16:34:00,43288,16,0,0,28.1941
2998,16:38:00,16:38:00,38306,17,0,0,29.7492
2998,16:43:00,16:43:00,38307,18,0,0,32.3871
2998,16:46:00,16:46:00,38308,19,0,0,32.8119
2998,16:48:00,16:48:00,38309,20,0,0,33.1928
2998,16:51:00,16:51:00,38310,21,0,0,33.5335
2999,16:14:00,16:14:00,38291,1,0,0,0.0000
2999,16:16:00,16:16:00,38292,2,0,0,0.4892
2999,16:18:00,16:18:00,38293,3,0,0,0.9515
2999,16:25:00,16:25:00,38294,4,0,0,5.9814
2999,16:30:00,16:30:00,38295,5,0,0,9.8280
2999,16:33:00,16:33:00,38296,6,0,0,12.0078
2999,16:38:00,16:38:00,38297,7,0,0,15.3055
2999,16:40:00,16:40:00,38298,8,0,0,15.8451
2999,16:44:00,16:44:00,38299,9,0,0,18.4570
2999,16:48:00,16:48:00,38300,10,0,0,20.5407
2999,16:50:00,16:50:00,38301,11,0,0,21.3051
2999,16:55:00,16:55:00,38302,12,0,0,23.9790
2999,16:57:00,16:57:00,38303,13,0,0,24.8530
2999,16:59:00,16:59:00,38304,14,0,0,25.3602
2999,17:02:00,17:02:00,38305,15,0,0,26.6244
2999,17:04:00,17:04:00,43288,16,0,0,28.1941
2999,17:08:00,17:08:00,38306,17,0,0,29.7492
2999,17:13:00,17:13:00,38307,18,0,0,32.3871
2999,17:16:00,17:16:00,38308,19,0,0,32.8119
2999,17:18:00,17:18:00,38309,20,0,0,33.1928
2999,17:21:00,17:21:00,38310,21,0,0,33.5335
3000,16:44:00,16:44:00,38291,1,0,0,0.0000
3000,16:46:00,16:46:00,38292,2,0,0,0.4892
3000,16:48:00,16:48:00,38293,3,0,0,0.9515
3000,16:55:00,16:55:00,38294,4,0,0,5.9814
3000,17:00:00,17:00:00,38295,5,0,0,9.8280
3000,17:03:00,17:03:00,38296,6,0,0,12.0078
3000,17:08:00,17:08:00,38297,7,0,0,15.3055
3000,17:10:00,17:10:00,38298,8,0,0,15.8451
3000,17:14:00,17:14:00,38299,9,0,0,18.4570
3000,17:18:00,17:18:00,38300,10,0,0,20.5407
3000,17:20:00,17:20:00,38301,11,0,0,21.3051
3000,17:25:00,17:25:00,38302,12,0,0,23.9790
3000,17:27:00,17:27:00,38303,13,0,0,24.8530
3000,17:29:00,17:29:00,38304,14,0,0,25.3602
3000,17:32:00,17:32:00,38305,15,0,0,26.6244
3000,17:34:00,17:34:00,43288,16,0,0,28.1941
3000,17:38:00,17:38:00,38306,17,0,0,29.7492
3000,17:43:00,17:43:00,38307,18,0,0,32.3871
3000,17:46:00,17:46:00,38308,19,0,0,32.8119
3000,17:48:00,17:48:00,38309,20,0,0,33.1928
3000,17:51:00,17:51:00,38310,21,0,0,33.5335
3001,17:14:00,17:14:00,38291,1,0,0,0.0000
3001,17:16:00,17:16:00,38292,2,0,0,0.4892
3001,17:18:00,17:18:00,38293,3,0,0,0.9515
3001,17:25:00,17:25:00,38294,4,0,0,5.9814
3001,17:30:00,17:30:00,38295,5,0,0,9.8280
3001,17:33:00,17:33:00,38296,6,0,0,12.0078
3001,17:38:00,17:38:00,38297,7,0,0,15.3055
3001,17:40:00,17:40:00,38298,8,0,0,15.8451
3001,17:44:00,17:44:00,38299,9,0,0,18.4570
3001,17:48:00,17:48:00,38300,10,0,0,20.5407
3001,17:50:00,17:50:00,38301,11,0,0,21.3051
3001,17:55:00,17:55:00,38302,12,0,0,23.9790
3001,17:57:00,17:57:00,38303,13,0,0,24.8530
3001,17:59:00,17:59:00,38304,14,0,0,25.3602
3001,18:02:00,18:02:00,38305,15,0,0,26.6244
3001,18:04:00,18:04:00,43288,16,0,0,28.1941
3001,18:08:00,18:08:00,38306,17,0,0,29.7492
3001,18:13:00,18:13:00,38307,18,0,0,32.3871
3001,18:16:00,18:16:00,38308,19,0,0,32.8119
3001,18:18:00,18:18:00,38309,20,0,0,33.1928
3001,18:21:00,18:21:00,38310,21,0,0,33.5335
3002,17:44:00,17:44:00,38291,1,0,0,0.0000
3002,17:46:00,17:46:00,38292,2,0,0,0.4892
3002,17:48:00,17:48:00,38293,3,0,0,0.9515
3002,17:55:00,17:55:00,38294,4,0,0,5.9814
3002,18:00:00,18:00:00,38295,5,0,0,9.8280
3002,18:03:00,18:03:00,38296,6,0,0,12.0078
3002,18:08:00,18:08:00,38297,7,0,0,15.3055
3002,18:10:00,18:10:00,38298,8,0,0,15.8451
3002,18:14:00,18:14:00,38299,9,0,0,18.4570
3002,18:18:00,18:18:00,38300,10,0,0,20.5407
3002,18:20:00,18:20:00,38301,11,0,0,21.3051
3002,18:25:00,18:25:00,38302,12,0,0,23.9790
3002,18:27:00,18:27:00,38303,13,0,0,24.8530
3002,18:29:00,18:29:00,38304,14,0,0,25.3602
3002,18:32:00,18:32:00,38305,15,0,0,26.6244
3002,18:34:00,18:34:00,43288,16,0,0,28.1941
3002,18:38:00,18:38:00,38306,17,0,0,29.7492
3002,18:43:00,18:43:00,38307,18,0,0,32.3871
3002,18:46:00,18:46:00,38308,19,0,0,32.8119
3002,18:48:00,18:48:00,38309,20,0,0,33.1928
3002,18:51:00,18:51:00,38310,21,0,0,33.5335
3003,18:14:00,18:14:00,38291,1,0,0,0.0000
3003,18:16:00,18:16:00,38292,2,0,0,0.4892
3003,18:18:00,18:18:00,38293,3,0,0,0.9515
3003,18:25:00,18:25:00,38294,4,0,0,5.9814
3003,18:30:00,18:30:00,38295,5,0,0,9.8280
3003,18:33:00,18:33:00,38296,6,0,0,12.0078
3003,18:38:00,18:38:00,38297,7,0,0,15.3055
3003,18:40:00,18:40:00,38298,8,0,0,15.8451
3003,18:44:00,18:44:00,38299,9,0,0,18.4570
3003,18:48:00,18:48:00,38300,10,0,0,20.5407
3003,18:50:00,18:50:00,38301,11,0,0,21.3051
3003,18:55:00,18:55:00,38302,12,0,0,23.9790
3003,18:57:00,18:57:00,38303,13,0,0,24.8530
3003,18:59:00,18:59:00,38304,14,0,0,25.3602
3003,19:02:00,19:02:00,38305,15,0,0,26.6244
3003,19:04:00,19:04:00,43288,16,0,0,28.1941
3003,19:08:00,19:08:00,38306,17,0,0,29.7492
3003,19:13:00,19:13:00,38307,18,0,0,32.3871
3003,19:16:00,19:16:00,38308,19,0,0,32.8119
3003,19:18:00,19:18:00,38309,20,0,0,33.1928
3003,19:21:00,19:21:00,38310,21,0,0,33.5335
3004,18:44:00,18:44:00,38291,1,0,0,0.0000
3004,18:46:00,18:46:00,38292,2,0,0,0.4892
3004,18:48:00,18:48:00,38293,3,0,0,0.9515
3004,18:55:00,18:55:00,38294,4,0,0,5.9814
3004,19:00:00,19:00:00,38295,5,0,0,9.8280
3004,19:03:00,19:03:00,38296,6,0,0,12.0078
3004,19:08:00,19:08:00,38297,7,0,0,15.3055
3004,19:10:00,19:10:00,38298,8,0,0,15.8451
3004,19:14:00,19:14:00,38299,9,0,0,18.4570
3004,19:18:00,19:18:00,38300,10,0,0,20.5407
3004,19:20:00,19:20:00,38301,11,0,0,21.3051
3004,19:25:00,19:25:00,38302,12,0,0,23.9790
3004,19:27:00,19:27:00,38303,13,0,0,24.8530
3004,19:29:00,19:29:00,38304,14,0,0,25.3602
3004,19:32:00,19:32:00,38305,15,0,0,26.6244
3004,19:34:00,19:34:00,43288,16,0,0,28.1941
3004,19:38:00,19:38:00,38306,17,0,0,29.7492
3004,19:43:00,19:43:00,38307,18,0,0,32.3871
3004,19:46:00,19:46:00,38308,19,0,0,32.8119
3004,19:48:00,19:48:00,38309,20,0,0,33.1928
3004,19:51:00,19:51:00,38310,21,0,0,33.5335
3005,19:14:00,19:14:00,38291,1,0,0,0.0000
3005,19:16:00,19:16:00,38292,2,0,0,0.4892
3005,19:18:00,19:18:00,38293,3,0,0,0.9515
3005,19:25:00,19:25:00,38294,4,0,0,5.9814
3005,19:30:00,19:30:00,38295,5,0,0,9.8280
3005,19:33:00,19:33:00,38296,6,0,0,12.0078
3005,19:38:00,19:38:00,38297,7,0,0,15.3055
3005,19:40:00,19:40:00,38298,8,0,0,15.8451
3005,19:44:00,19:44:00,38299,9,0,0,18.4570
3005,19:48:00,19:48:00,38300,10,0,0,20.5407
3005,19:50:00,19:50:00,38301,11,0,0,21.3051
3005,19:55:00,19:55:00,38302,12,0,0,23.9790
3005,19:57:00,19:57:00,38303,13,0,0,24.8530
3005,19:59:00,19:59:00,38304,14,0,0,25.3602
3005,20:02:00,20:02:00,38305,15,0,0,26.6244
3005,20:04:00,20:04:00,43288,16,0,0,28.1941
3005,20:08:00,20:08:00,38306,17,0,0,29.7492
3005,20:13:00,20:13:00,38307,18,0,0,32.3871
3005,20:16:00,20:16:00,38308,19,0,0,32.8119
3005,20:18:00,20:18:00,38309,20,0,0,33.1928
3005,20:21:00,20:21:00,38310,21,0,0,33.5335
3006,19:44:00,19:44:00,38291,1,0,0,0.0000
3006,19:46:00,19:46:00,38292,2,0,0,0.4892
3006,19:48:00,19:48:00,38293,3,0,0,0.9515
3006,19:55:00,19:55:00,38294,4,0,0,5.9814
3006,20:00:00,20:00:00,38295,5,0,0,9.8280
3006,20:03:00,20:03:00,38296,6,0,0,12.0078
3006,20:08:00,20:08:00,38297,7,0,0,15.3055
3006,20:10:00,20:10:00,38298,8,0,0,15.8451
3006,20:14:00,20:14:00,38299,9,0,0,18.4570
3006,20:18:00,20:18:00,38300,10,0,0,20.5407
3006,20:20:00,20:20:00,38301,11,0,0,21.3051
3006,20:25:00,20:25:00,38302,12,0,0,23.9790
3006,20:27:00,20:27:00,38303,13,0,0,24.8530
3006,20:29:00,20:29:00,38304,14,0,0,25.3602
3006,20:32:00,20:32:00,38305,15,0,0,26.6244
3006,20:34:00,20:34:00,43288,16,0,0,28.1941
3006,20:38:00,20:38:00,38306,17,0,0,29.7492
3006,20:43:00,20:43:00,38307,18,0,0,32.3871
3006,20:46:00,20:46:00,38308,19,0,0,32.8119
3006,20:48:00,20:48:00,38309,20,0,0,33.1928
3006,20:51:00,20:51:00,38310,21,0,0,33.5335
3007,20:14:00,20:14:00,38291,1,0,0,0.0000
3007,20:16:00,20:16:00,38292,2,0,0,0.4892
3007,20:18:00,20:18:00,38293,3,0,0,0.9515
3007,20:25:00,20:25:00,38294,4,0,0,5.9814
3007,20:30:00,20:30:00,38295,5,0,0,9.8280
3007,20:33:00,20:33:00,38296,6,0,0,12.0078
3007,20:38:00,20:38:00,38297,7,0,0,15.3055
3007,20:40:00,20:40:00,38298,8,0,0,15.8451
3007,20:44:00,20:44:00,38299,9,0,0,18.4570
3007,20:48:00,20:48:00,38300,10,0,0,20.5407
3007,20:50:00,20:50:00,38301,11,0,0,21.3051
3007,20:55:00,20:55:00,38302,12,0,0,23.9790
3007,20:57:00,20:57:00,38303,13,0,0,24.8530
3007,20:59:00,20:59:00,38304,14,0,0,25.3602
3007,21:02:00,21:02:00,38305,15,0,0,26.6244
3007,21:04:00,21:04:00,43288,16,0,0,28.1941
3007,21:08:00,21:08:00,38306,17,0,0,29.7492
3007,21:13:00,21:13:00,38307,18,0,0,32.3871
3007,21:16:00,21:16:00,38308,19,0,0,32.8119
3007,21:18:00,21:18:00,38309,20,0,0,33.1928
3007,21:21:00,21:21:00,38310,21,0,0,33.5335
3008,20:59:00,20:59:00,38291,1,0,0,0.0000
3008,21:01:00,21:01:00,38292,2,0,0,0.4892
3008,21:03:00,21:03:00,38293,3,0,0,0.9515
3008,21:10:00,21:10:00,38294,4,0,0,5.9814
3008,21:15:00,21:15:00,38295,5,0,0,9.8280
3008,21:18:00,21:18:00,38296,6,0,0,12.0078
3008,21:23:00,21:23:00,38297,7,0,0,15.3055
3008,21:25:00,21:25:00,38298,8,0,0,15.8451
3008,21:29:00,21:29:00,38299,9,0,0,18.4570
3008,21:33:00,21:33:00,38300,10,0,0,20.5407
3008,21:35:00,21:35:00,38301,11,0,0,21.3051
3008,21:40:00,21:40:00,38302,12,0,0,23.9790
3008,21:42:00,21:42:00,38303,13,0,0,24.8530
3008,21:44:00,21:44:00,38304,14,0,0,25.3602
3008,21:47:00,21:47:00,38305,15,0,0,26.6244
3008,21:49:00,21:49:00,43288,16,0,0,28.1941
3008,21:53:00,21:53:00,38306,17,0,0,29.7492
3008,21:58:00,21:58:00,38307,18,0,0,32.3871
3008,22:01:00,22:01:00,38308,19,0,0,32.8119
3008,22:03:00,22:03:00,38309,20,0,0,33.1928
3008,22:06:00,22:06:00,38310,21,0,0,33.5335
3009,21:29:00,21:29:00,38291,1,0,0,0.0000
3009,21:31:00,21:31:00,38292,2,0,0,0.4892
3009,21:33:00,21:33:00,38293,3,0,0,0.9515
3009,21:40:00,21:40:00,38294,4,0,0,5.9814
3009,21:45:00,21:45:00,38295,5,0,0,9.8280
3009,21:48:00,21:48:00,38296,6,0,0,12.0078
3009,21:53:00,21:53:00,38297,7,0,0,15.3055
3009,21:55:00,21:55:00,38298,8,0,0,15.8451
