86,23:19:00,23:19:00,150,3,0,0,2.0339
86,23:22:00,23:22:00,153,4,0,0,2.9917
86,23:24:00,23:24:00,152,5,0,0,3.8523
86,23:28:00,23:28:00,14,6,0,0,4.5161
86,23:30:00,23:30:00,50,7,0,0,5.1189
86,23:33:00,23:33:00,19,8,0,0,5.7180
86,23:40:00,23:40:00,106,9,0,0,9.5212
86,23:51:00,23:51:00,38187,10,0,0,14.9549
86,24:04:00,24:04:00,105,11,0,0,19.9430
87,06:30:00,06:30:00,38081,1,0,0,0.0000
87,06:33:00,06:33:00,89,2,0,0,0.8892
87,06:36:00,06:36:00,95,3,0,0,1.5223
87,06:38:00,06:38:00,150,4,0,0,2.0339
87,06:40:00,06:40:00,153,5,0,0,2.9917
87,06:43:00,06:43:00,152,6,0,0,3.8523
87,06:46:00,06:46:00,14,7,0,0,4.5161
87,06:49:00,06:49:00,50,8,0,0,5.1189
87,06:52:00,06:52:00,19,9,0,0,5.7180
87,06:55:00,06:55:00,154,10,0,0,6.4169
87,07:01:00,07:01:00,106,11,0,0,9.5312
87,07:17:00,07:17:00,63,12,0,0,17.3295
88,07:10:00,07:10:00,38081,1,0,0,0.0000
88,07:13:00,07:13:00,89,2,0,0,0.8892
88,07:15:00,07:15:00,95,3,0,0,1.5223
88,07:17:00,07:17:00,150,4,0,0,2.0339
88,07:20:00,07:20:00,153,5,0,0,2.9917
88,07:23:00,07:23:00,152,6,0,0,3.8523
88,07:26:00,07:26:00,14,7,0,0,4.5161
88,07:29:00,07:29:00,50,8,0,0,5.1189
88,07:32:00,07:32:00,19,9,0,0,5.7180
88,07:34:00,07:34:00,154,10,0,0,6.4169
88,07:41:00,07:41:00,106,11,0,0,9.5312
88,07:57:00,07:57:00,63,12,0,0,17.3295
89,07:50:00,07:50:00,38081,1,0,0,0.0000
89,07:53:00,07:53:00,89,2,0,0,0.8892
89,07:55:00,07:55:00,95,3,0,0,1.5223
89,07:57:00,07:57:00,150,4,0,0,2.0339
89,08:00:00,08:00:00,153,5,0,0,2.9917
89,08:03:00,08:03:00,152,6,0,0,3.8523
89,08:06:00,08:06:00,14,7,0,0,4.5161
89,08:09:00,08:09:00,50,8,0,0,5.1189
89,08:12:00,08:12:00,19,9,0,0,5.7180
89,08:14:00,08:14:00,154,10,0,0,6.4169
89,08:21:00,08:21:00,106,11,0,0,9.5312
89,08:37:00,08:37:00,63,12,0,0,17.3295
90,05:53:00,05:53:00,38081,1,0,0,0.0000
90,05:57:00,05:57:00,89,2,0,0,0.8892
90,05:59:00,05:59:00,95,3,0,0,1.5223
90,06:01:00,06:01:00,150,4,0,0,2.0339
90,06:03:00,06:03:00,153,5,0,0,2.9917
90,06:06:00,06:06:00,152,6,0,0,3.8523
90,06:09:00,06:09:00,14,7,0,0,4.5161
90,06:12:00,06:12:00,50,8,0,0,5.1189
90,06:15:00,06:15:00,19,9,0,0,5.7180
90,06:17:00,06:17:00,154,10,0,0,6.4169
90,06:25:00,06:25:00,106,11,0,0,9.5312
90,06:46:00,06:46:00,105,12,0,0,19.9633
91,06:45:00,06:45:00,38081,1,0,0,0.0000
91,06:48:00,06:48:00,89,2,0,0,0.8892
91,06:50:00,06:50:00,95,3,0,0,1.5223
91,06:52:00,06:52:00,150,4,0,0,2.0339
91,06:55:00,06:55:00,153,5,0,0,2.9917
91,06:58:00,06:58:00,152,6,0,0,3.8523
91,07:02:00,07:02:00,14,7,0,0,4.5161
91,07:05:00,07:05:00,50,8,0,0,5.1189
91,07:08:00,07:08:00,19,9,0,0,5.7180
91,07:10:00,07:10:00,154,10,0,0,6.4169
91,07:17:00,07:17:00,106,11,0,0,9.5312
91,07:40:00,07:40:00,105,12,0,0,19.9633
92,08:03:00,08:03:00,38081,1,0,0,0.0000
92,08:07:00,08:07:00,89,2,0,0,0.8892
92,08:09:00,08:09:00,95,3,0,0,1.5223
92,08:12:00,08:12:00,150,4,0,0,2.0339
92,08:14:00,08:14:00,153,5,0,0,2.9917
92,08:17:00,08:17:00,152,6,0,0,3.8523
92,08:21:00,08:21:00,14,7,0,0,4.5161
92,08:24:00,08:24:00,50,8,0,0,5.1189
92,08:27:00,08:27:00,19,9,0,0,5.7180
92,08:30:00,08:30:00,154,10,0,0,6.4169
92,08:37:00,08:37:00,106,11,0,0,9.5312
92,08:59:00,08:59:00,105,12,0,0,19.9633
93,05:10:00,05:10:00,38081,1,0,0,0.0000
93,05:14:00,05:14:00,89,2,0,0,0.8892
93,05:16:00,05:16:00,95,3,0,0,1.5223
93,05:18:00,05:18:00,150,4,0,0,2.0339
93,05:21:00,05:21:00,153,5,0,0,2.9917
93,05:24:00,05:24:00,152,6,0,0,3.8523
93,05:27:00,05:27:00,14,7,0,0,4.5161
93,05:30:00,05:30:00,50,8,0,0,5.1189
93,05:33:00,05:33:00,19,9,0,0,5.7180
93,05:35:00,05:35:00,154,10,0,0,6.4169
93,05:41:00,05:41:00,106,11,0,0,9.5312
93,05:51:00,05:51:00,38187,12,0,0,14.9750
93,06:04:00,06:04:00,105,13,0,0,19.9631
94,08:56:00,08:56:00,38081,1,0,0,0.0000
94,08:59:00,08:59:00,89,2,0,0,0.8892
94,09:01:00,09:01:00,95,3,0,0,1.5223
94,09:03:00,09:03:00,150,4,0,0,2.0339
94,09:06:00,09:06:00,153,5,0,0,2.9917
94,09:09:00,09:09:00,152,6,0,0,3.8523
94,09:12:00,09:12:00,14,7,0,0,4.5161
94,09:15:00,09:15:00,50,8,0,0,5.1189
94,09:18:00,09:18:00,19,9,0,0,5.7180
94,09:20:00,09:20:00,154,10,0,0,6.4169
94,09:26:00,09:26:00,106,11,0,0,9.5312
94,09:36:00,09:36:00,38187,12,0,0,14.9750
94,09:50:00,09:50:00,105,13,0,0,19.9631
95,10:51:00,10:51:00,38081,1,0,0,0.0000
95,10:53:00,10:53:00,89,2,0,0,0.8892
95,10:56:00,10:56:00,95,3,0,0,1.5223
95,10:58:00,10:58:00,150,4,0,0,2.0339
95,11:01:00,11:01:00,153,5,0,0,2.9917
95,11:04:00,11:04:00,152,6,0,0,3.8523
95,11:07:00,11:07:00,14,7,0,0,4.5161
95,11:10:00,11:10:00,50,8,0,0,5.1189
95,11:13:00,11:13:00,19,9,0,0,5.7180
95,11:15:00,11:15:00,154,10,0,0,6.4169
95,11:24:00,11:24:00,106,11,0,0,9.5312
95,11:39:00,11:39:00,38187,12,0,0,14.9750
95,11:52:00,11:52:00,105,13,0,0,19.9631
96,11:47:00,11:47:00,38081,1,0,0,0.0000
96,11:51:00,11:51:00,89,2,0,0,0.8892
96,11:53:00,11:53:00,95,3,0,0,1.5223
96,11:55:00,11:55:00,150,4,0,0,2.0339
96,11:58:00,11:58:00,153,5,0,0,2.9917
96,12:01:00,12:01:00,152,6,0,0,3.8523
96,12:04:00,12:04:00,14,7,0,0,4.5161
96,12:07:00,12:07:00,50,8,0,0,5.1189
96,12:10:00,12:10:00,19,9,0,0,5.7180
96,12:12:00,12:12:00,154,10,0,0,6.4169
96,12:19:00,12:19:00,106,11,0,0,9.5312
96,12:31:00,12:31:00,38187,12,0,0,14.9750
96,12:44:00,12:44:00,105,13,0,0,19.9631
97,12:47:00,12:47:00,38081,1,0,0,0.0000
97,12:51:00,12:51:00,89,2,0,0,0.8892
97,12:53:00,12:53:00,95,3,0,0,1.5223
97,12:55:00,12:55:00,150,4,0,0,2.0339
97,12:58:00,12:58:00,153,5,0,0,2.9917
97,13:01:00,13:01:00,152,6,0,0,3.8523
97,13:04:00,13:04:00,14,7,0,0,4.5161
97,13:07:00,13:07:00,50,8,0,0,5.1189
97,13:10:00,13:10:00,19,9,0,0,5.7180
97,13:12:00,13:12:00,154,10,0,0,6.4169
97,13:19:00,13:19:00,106,11,0,0,9.5312
97,13:29:00,13:29:00,38187,12,0,0,14.9750
97,13:42:00,13:42:00,105,13,0,0,19.9631
98,13:47:00,13:47:00,38081,1,0,0,0.0000
98,13:51:00,13:51:00,89,2,0,0,0.8892
98,13:53:00,13:53:00,95,3,0,0,1.5223
98,13:55:00,13:55:00,150,4,0,0,2.0339
98,13:58:00,13:58:00,153,5,0,0,2.9917
98,14:01:00,14:01:00,152,6,0,0,3.8523
98,14:04:00,14:04:00,14,7,0,0,4.5161
98,14:07:00,14:07:00,50,8,0,0,5.1189
98,14:10:00,14:10:00,19,9,0,0,5.7180
98,14:12:00,14:12:00,154,10,0,0,6.4169
98,14:20:00,14:20:00,106,11,0,0,9.5312
98,14:35:00,14:35:00,38187,12,0,0,14.9750
98,14:49:00,14:49:00,105,13,0,0,19.9631
99,14:45:00,14:45:00,38081,1,0,0,0.0000
99,14:49:00,14:49:00,89,2,0,0,0.8892
99,14:51:00,14:51:00,95,3,0,0,1.5223
99,14:53:00,14:53:00,150,4,0,0,2.0339
99,14:55:00,14:55:00,153,5,0,0,2.9917
99,14:58:00,14:58:00,152,6,0,0,3.8523
99,15:01:00,15:01:00,14,7,0,0,4.5161
99,15:04:00,15:04:00,50,8,0,0,5.1189
99,15:07:00,15:07:00,19,9,0,0,5.7180
99,15:09:00,15:09:00,154,10,0,0,6.4169
99,15:18:00,15:18:00,106,11,0,0,9.5312
99,15:35:00,15:35:00,38187,12,0,0,14.9750
99,15:48:00,15:48:00,105,13,0,0,19.9631
100,16:14:00,16:14:00,38081,1,0,0,0.0000
100,16:17:00,16:17:00,89,2,0,0,0.8892
100,16:19:00,16:19:00,95,3,0,0,1.5223
100,16:21:00,16:21:00,150,4,0,0,2.0339
100,16:24:00,16:24:00,153,5,0,0,2.9917
100,16:27:00,16:27:00,152,6,0,0,3.8523
100,16:30:00,16:30:00,14,7,0,0,4.5161
100,16:33:00,16:33:00,50,8,0,0,5.1189
100,16:36:00,16:36:00,19,9,0,0,5.7180
100,16:38:00,16:38:00,154,10,0,0,6.4169
100,16:45:00,16:45:00,106,11,0,0,9.5312
100,16:57:00,16:57:00,38187,12,0,0,14.9750
100,17:10:00,17:10:00,105,13,0,0,19.9631
101,18:04:00,18:04:00,38081,1,0,0,0.0000
101,18:07:00,18:07:00,89,2,0,0,0.8892
101,18:10:00,18:10:00,95,3,0,0,1.5223
101,18:12:00,18:12:00,150,4,0,0,2.0339
101,18:15:00,18:15:00,153,5,0,0,2.9917
101,18:18:00,18:18:00,152,6,0,0,3.8523
101,18:21:00,18:21:00,14,7,0,0,4.5161
101,18:24:00,18:24:00,50,8,0,0,5.1189
101,18:27:00,18:27:00,19,9,0,0,5.7180
101,18:29:00,18:29:00,154,10,0,0,6.4169
101,18:37:00,18:37:00,106,11,0,0,9.5312
101,18:50:00,18:50:00,38187,12,0,0,14.9750
101,19:03:00,19:03:00,105,13,0,0,19.9631
102,19:22:00,19:22:00,38081,1,0,0,0.0000
102,19:25:00,19:25:00,89,2,0,0,0.8892
102,19:27:00,19:27:00,95,3,0,0,1.5223
102,19:29:00,19:29:00,150,4,0,0,2.0339
102,19:32:00,19:32:00,153,5,0,0,2.9917
102,19:35:00,19:35:00,152,6,0,0,3.8523
102,19:38:00,19:38:00,14,7,0,0,4.5161
102,19:41:00,19:41:00,50,8,0,0,5.1189
102,19:43:00,19:43:00,19,9,0,0,5.7180
102,19:45:00,19:45:00,154,10,0,0,6.4169
102,19:52:00,19:52:00,106,11,0,0,9.5312
102,20:03:00,20:03:00,38187,12,0,0,14.9750
102,20:16:00,20:16:00,105,13,0,0,19.9631
103,21:09:00,21:09:00,38081,1,0,0,0.0000
103,21:14:00,21:14:00,89,2,0,0,0.8892
103,21:16:00,21:16:00,95,3,0,0,1.5223
103,21:19:00,21:19:00,150,4,0,0,2.0339
103,21:21:00,21:21:00,153,5,0,0,2.9917
103,21:24:00,21:24:00,152,6,0,0,3.8523
103,21:27:00,21:27:00,14,7,0,0,4.5161
103,21:30:00,21:30:00,50,8,0,0,5.1189
103,21:32:00,21:32:00,19,9,0,0,5.7180
103,21:34:00,21:34:00,154,10,0,0,6.4169
103,21:41:00,21:41:00,106,11,0,0,9.5312
103,21:52:00,21:52:00,38187,12,0,0,14.9750
103,22:05:00,22:05:00,105,13,0,0,19.9631
104,10:02:00,10:02:00,38081,1,0,0,0.0000
104,10:06:00,10:06:00,89,2,0,0,0.8892
104,10:08:00,10:08:00,95,3,0,0,1.5223
104,10:10:00,10:10:00,150,4,0,0,2.0339
104,10:13:00,10:13:00,153,5,0,0,2.9917
104,10:16:00,10:16:00,152,6,0,0,3.8523
104,10:19:00,10:19:00,14,7,0,0,4.5161
104,10:22:00,10:22:00,50,8,0,0,5.1189
104,10:25:00,10:25:00,19,9,0,0,5.7180
104,10:27:00,10:27:00,154,10,0,0,6.4169
104,10:34:00,10:34:00,106,11,0,0,9.5312
104,10:44:00,10:44:00,38187,12,0,0,14.9750
104,10:56:00,10:56:00,105,13,0,0,19.9634
105,20:04:00,20:04:00,38081,1,0,0,0.0000
105,20:08:00,20:08:00,89,2,0,0,0.8892
105,20:10:00,20:10:00,95,3,0,0,1.5223
105,20:12:00,20:12:00,150,4,0,0,2.0339
105,20:15:00,20:15:00,153,5,0,0,2.9917
105,20:18:00,20:18:00,152,6,0,0,3.8523
105,20:21:00,20:21:00,14,7,0,0,4.5161
105,20:24:00,20:24:00,50,8,0,0,5.1189
105,20:26:00,20:26:00,19,9,0,0,5.7180
105,20:28:00,20:28:00,154,10,0,0,6.4169
105,20:36:00,20:36:00,106,11,0,0,9.5312
105,20:47:00,20:47:00,38187,12,0,0,14.9750
105,21:00:00,21:00:00,105,13,0,0,19.9634
106,04:45:00,04:45:00,38081,1,0,0,0.0000
106,04:50:00,04:50:00,150,2,0,0,2.0339
106,04:52:00,04:52:00,153,3,0,0,2.9917
106,04:55:00,04:55:00,152,4,0,0,3.8523
106,04:58:00,04:58:00,14,5,0,0,4.5161
106,05:01:00,05:01:00,50,6,0,0,5.1189
106,05:04:00,05:04:00,19,7,0,0,5.7180
106,05:11:00,05:11:00,106,8,0,0,9.5212
106,05:32:00,05:32:00,105,9,0,0,19.9432
107,24:34:00,24:34:00,105,1,0,0,0.0000
107,24:43:00,24:43:00,38187,2,0,0,4.9884
107,24:53:00,24:53:00,106,3,0,0,10.4222
107,24:59:00,24:59:00,154,4,0,0,13.5265
107,25:02:00,25:02:00,19,5,0,0,14.2254
107,25:04:00,25:04:00,50,6,0,0,14.8244
107,25:07:00,25:07:00,14,7,0,0,15.4273
107,25:10:00,25:10:00,152,8,0,0,16.0911
107,25:12:00,25:12:00,153,9,0,0,16.9517
107,25:15:00,25:15:00,150,10,0,0,17.9095
107,25:17:00,25:17:00,95,11,0,0,18.4210
107,25:19:00,25:19:00,89,12,0,0,19.0542
107,25:23:00,25:23:00,38081,13,0,0,19.9434
108,15:44:00,15:44:00,105,1,0,0,0.0000
108,16:00:00,16:00:00,106,2,0,0,10.4223
108,16:07:00,16:07:00,154,3,0,0,13.5267
108,16:09:00,16:09:00,19,4,0,0,14.2256
108,16:12:00,16:12:00,50,5,0,0,14.8246
108,16:15:00,16:15:00,14,6,0,0,15.4275
108,16:18:00,16:18:00,152,7,0,0,16.0913
108,16:20:00,16:20:00,153,8,0,0,16.9519
108,16:23:00,16:23:00,150,9,0,0,17.9097
108,16:25:00,16:25:00,95,10,0,0,18.4212
108,16:28:00,16:28:00,89,11,0,0,19.0544
108,16:32:00,16:32:00,38081,12,0,0,19.9436
109,16:44:00,16:44:00,105,1,0,0,0.0000
109,17:00:00,17:00:00,106,2,0,0,10.4223
109,17:07:00,17:07:00,154,3,0,0,13.5267
109,17:09:00,17:09:00,19,4,0,0,14.2256
109,17:12:00,17:12:00,50,5,0,0,14.8246
109,17:15:00,17:15:00,14,6,0,0,15.4275
109,17:18:00,17:18:00,152,7,0,0,16.0913
109,17:20:00,17:20:00,153,8,0,0,16.9519
109,17:23:00,17:23:00,150,9,0,0,17.9097
109,17:25:00,17:25:00,95,10,0,0,18.4212
109,17:28:00,17:28:00,89,11,0,0,19.0544
109,17:32:00,17:32:00,38081,12,0,0,19.9436
110,17:48:00,17:48:00,105,1,0,0,0.0000
110,18:04:00,18:04:00,106,2,0,0,10.4223
110,18:11:00,18:11:00,154,3,0,0,13.5267
110,18:13:00,18:13:00,19,4,0,0,14.2256
110,18:16:00,18:16:00,50,5,0,0,14.8246
110,18:19:00,18:19:00,14,6,0,0,15.4275
110,18:22:00,18:22:00,152,7,0,0,16.0913
110,18:24:00,18:24:00,153,8,0,0,16.9519
110,18:27:00,18:27:00,150,9,0,0,17.9097
110,18:29:00,18:29:00,95,10,0,0,18.4212
110,18:32:00,18:32:00,89,11,0,0,19.0544
110,18:36:00,18:36:00,38081,12,0,0,19.9436
111,25:17:00,25:17:00,63,1,0,0,0.0000
111,25:32:00,25:41:00,106,2,0,0,7.7985
111,25:47:00,25:47:00,154,3,0,0,10.9129
111,25:49:00,25:49:00,19,4,0,0,11.6117
111,25:51:00,25:51:00,50,5,0,0,12.2108
111,25:53:00,25:53:00,14,6,0,0,12.8136
112,06:08:00,06:08:00,63,1,0,0,0.0000
112,06:24:00,06:24:00,106,2,0,0,7.7884
112,06:30:00,06:30:00,154,3,0,0,10.8928
112,06:33:00,06:33:00,19,4,0,0,11.5917
112,06:35:00,06:35:00,50,5,0,0,12.1907
112,06:38:00,06:38:00,14,6,0,0,12.7936
113,08:08:00,08:08:00,63,1,0,0,0.0000
113,08:26:00,08:32:00,106,2,0,0,7.7985
113,08:38:00,08:38:00,154,3,0,0,10.9129
113,08:40:00,08:40:00,19,4,0,0,11.6117
113,08:43:00,08:43:00,50,5,0,0,12.2108
113,08:45:00,08:45:00,14,6,0,0,12.8136
114,10:10:00,10:10:00,63,1,0,0,0.0000
114,10:26:00,10:32:00,106,2,0,0,7.7985
114,10:38:00,10:38:00,154,3,0,0,10.9129
114,10:40:00,10:40:00,19,4,0,0,11.6117
114,10:43:00,10:43:00,50,5,0,0,12.2108
114,10:45:00,10:45:00,14,6,0,0,12.8136
115,12:10:00,12:10:00,63,1,0,0,0.0000
115,12:26:00,12:32:00,106,2,0,0,7.7985
115,12:38:00,12:38:00,154,3,0,0,10.9129
115,12:40:00,12:40:00,19,4,0,0,11.6117
115,12:43:00,12:43:00,50,5,0,0,12.2108
115,12:45:00,12:45:00,14,6,0,0,12.8136
116,14:08:00,14:08:00,63,1,0,0,0.0000
116,14:26:00,14:32:00,106,2,0,0,7.7985
116,14:38:00,14:38:00,154,3,0,0,10.9129
116,14:40:00,14:40:00,19,4,0,0,11.6117
116,14:43:00,14:43:00,50,5,0,0,12.2108
116,14:45:00,14:45:00,14,6,0,0,12.8136
117,16:08:00,16:08:00,63,1,0,0,0.0000
117,16:26:00,16:32:00,106,2,0,0,7.7985
117,16:38:00,16:38:00,154,3,0,0,10.9129
117,16:40:00,16:40:00,19,4,0,0,11.6117
117,16:43:00,16:43:00,50,5,0,0,12.2108
117,16:45:00,16:45:00,14,6,0,0,12.8136
118,18:10:00,18:10:00,63,1,0,0,0.0000
118,18:26:00,18:32:00,106,2,0,0,7.7985
118,18:38:00,18:38:00,154,3,0,0,10.9129
118,18:40:00,18:40:00,19,4,0,0,11.6117
118,18:43:00,18:43:00,50,5,0,0,12.2108
118,18:45:00,18:45:00,14,6,0,0,12.8136
119,20:08:00,20:08:00,63,1,0,0,0.0000
119,20:26:00,20:32:00,106,2,0,0,7.7985
119,20:38:00,20:38:00,154,3,0,0,10.9129
119,20:40:00,20:40:00,19,4,0,0,11.6117
119,20:43:00,20:43:00,50,5,0,0,12.2108
119,20:45:00,20:45:00,14,6,0,0,12.8136
120,23:08:00,23:08:00,63,1,0,0,0.0000
120,23:26:00,23:32:00,106,2,0,0,7.7985
120,23:38:00,23:38:00,154,3,0,0,10.9129
120,23:40:00,23:40:00,19,4,0,0,11.6117
120,23:43:00,23:43:00,50,5,0,0,12.2108
120,23:45:00,23:45:00,14,6,0,0,12.8136
121,06:38:00,06:38:00,63,1,0,0,0.0000
121,06:54:00,06:54:00,106,2,0,0,7.7884
121,07:00:00,07:00:00,154,3,0,0,10.8928
121,07:02:00,07:02:00,19,4,0,0,11.5917
121,07:04:00,07:04:00,50,5,0,0,12.1907
121,07:07:00,07:07:00,14,6,0,0,12.7936
121,07:10:00,07:10:00,152,7,0,0,13.4574
121,07:15:00,07:15:00,89,8,0,0,16.3379
121,07:17:00,07:17:00,38081,9,0,0,17.2271
122,16:52:00,16:52:00,105,1,0,0,0.0000
122,17:09:00,17:09:00,106,2,0,0,10.4223
122,17:15:00,17:15:00,154,3,0,0,13.5267
122,17:17:00,17:17:00,19,4,0,0,14.2256
122,17:20:00,17:20:00,50,5,0,0,14.8246
122,17:23:00,17:23:00,14,6,0,0,15.4275
122,17:26:00,17:26:00,152,7,0,0,16.0913
122,17:29:00,17:29:00,153,8,0,0,16.9519
122,17:31:00,17:31:00,150,9,0,0,17.9097
122,17:34:00,17:34:00,95,10,0,0,18.4212
122,17:36:00,17:36:00,89,11,0,0,19.0544
122,17:39:00,17:39:00,38081,12,0,0,19.9436
123,06:50:00,06:50:00,105,1,0,0,0.0000
123,06:59:00,06:59:00,38187,2,0,0,4.9884
123,07:08:00,07:08:00,106,3,0,0,10.4222
123,07:15:00,07:15:00,154,4,0,0,13.5265
123,07:17:00,07:17:00,19,5,0,0,14.2254
123,07:20:00,07:20:00,50,6,0,0,14.8244
123,07:23:00,07:23:00,14,7,0,0,15.4273
123,07:26:00,07:26:00,152,8,0,0,16.0911
123,07:29:00,07:29:00,153,9,0,0,16.9517
123,07:32:00,07:32:00,150,10,0,0,17.9095
123,07:35:00,07:35:00,89,11,0,0,19.0542
123,07:39:00,07:39:00,38081,12,0,0,19.9434
124,17:24:00,17:24:00,63,1,0,0,0.0000
124,17:40:00,17:40:00,106,2,0,0,7.7884
124,17:46:00,17:46:00,154,3,0,0,10.8928
124,17:49:00,17:49:00,19,4,0,0,11.5917
124,17:52:00,17:52:00,50,5,0,0,12.1907
124,17:55:00,17:55:00,14,6,0,0,12.7936
124,17:58:00,17:58:00,152,7,0,0,13.4574
124,18:01:00,18:01:00,153,8,0,0,14.3180
124,18:03:00,18:03:00,150,9,0,0,15.2758
124,18:05:00,18:05:00,95,10,0,0,15.7873
124,18:08:00,18:08:00,89,11,0,0,16.4205
124,18:11:00,18:11:00,38081,12,0,0,17.3097
125,17:55:00,17:55:00,63,1,0,0,0.0000
125,18:12:00,18:12:00,106,2,0,0,7.7884
125,18:18:00,18:18:00,154,3,0,0,10.8928
125,18:21:00,18:21:00,19,4,0,0,11.5917
125,18:24:00,18:24:00,50,5,0,0,12.1907
125,18:27:00,18:27:00,14,6,0,0,12.7936
125,18:30:00,18:30:00,152,7,0,0,13.4574
125,18:33:00,18:33:00,153,8,0,0,14.3180
125,18:35:00,18:35:00,150,9,0,0,15.2758
125,18:37:00,18:37:00,95,10,0,0,15.7873
125,18:40:00,18:40:00,89,11,0,0,16.4205
125,18:42:00,18:42:00,38081,12,0,0,17.3097
126,17:32:00,17:32:00,105,1,0,0,0.0000
126,17:49:00,17:49:00,106,2,0,0,10.4223
126,17:56:00,17:56:00,154,3,0,0,13.5267
126,17:59:00,17:59:00,19,4,0,0,14.2256
126,18:02:00,18:02:00,50,5,0,0,14.8246
126,18:06:00,18:06:00,14,6,0,0,15.4275
126,18:10:00,18:10:00,152,7,0,0,16.0913
126,18:13:00,18:13:00,153,8,0,0,16.9519
126,18:16:00,18:16:00,150,9,0,0,17.9097
126,18:18:00,18:18:00,95,10,0,0,18.4212
126,18:21:00,18:21:00,89,11,0,0,19.0544
126,18:24:00,18:24:00,38081,12,0,0,19.9436
127,18:10:00,18:10:00,105,1,0,0,0.0000
127,18:29:00,18:29:00,106,2,0,0,10.4223
127,18:36:00,18:36:00,154,3,0,0,13.5267
127,18:39:00,18:39:00,19,4,0,0,14.2256
127,18:42:00,18:42:00,50,5,0,0,14.8246
127,18:45:00,18:45:00,14,6,0,0,15.4275
127,18:49:00,18:49:00,152,7,0,0,16.0913
127,18:52:00,18:52:00,153,8,0,0,16.9519
127,18:55:00,18:55:00,150,9,0,0,17.9097
127,18:57:00,18:57:00,95,10,0,0,18.4212
127,19:00:00,19:00:00,89,11,0,0,19.0544
127,19:04:00,19:04:00,38081,12,0,0,19.9436
128,09:09:00,09:09:00,105,1,0,0,0.0000
128,09:18:00,09:18:00,38187,2,0,0,4.9884
128,09:27:00,09:27:00,106,3,0,0,10.4222
128,09:33:00,09:33:00,154,4,0,0,13.5265
128,09:35:00,09:35:00,19,5,0,0,14.2254
128,09:37:00,09:37:00,50,6,0,0,14.8244
128,09:40:00,09:40:00,14,7,0,0,15.4273
128,09:43:00,09:43:00,152,8,0,0,16.0911
128,09:45:00,09:45:00,153,9,0,0,16.9517
128,09:48:00,09:48:00,150,10,0,0,17.9095
128,09:51:00,09:51:00,89,11,0,0,19.0542
128,09:54:00,09:54:00,38081,12,0,0,19.9434
129,10:29:00,10:29:00,105,1,0,0,0.0000
129,10:38:00,10:38:00,38187,2,0,0,4.9884
129,10:49:00,10:49:00,106,3,0,0,10.4222
129,10:56:00,10:56:00,154,4,0,0,13.5265
129,10:58:00,10:58:00,19,5,0,0,14.2254
129,11:01:00,11:01:00,50,6,0,0,14.8244
129,11:04:00,11:04:00,14,7,0,0,15.4273
129,11:07:00,11:07:00,152,8,0,0,16.0911
129,11:09:00,11:09:00,153,9,0,0,16.9517
129,11:12:00,11:12:00,150,10,0,0,17.9095
129,11:14:00,11:14:00,95,11,0,0,18.4210
129,11:17:00,11:17:00,89,12,0,0,19.0542
129,11:27:00,11:27:00,38081,13,0,0,19.9434
130,08:20:00,08:20:00,105,1,0,0,0.0000
130,08:29:00,08:29:00,38187,2,0,0,4.9884
130,08:38:00,08:38:00,106,3,0,0,10.4222
130,08:45:00,08:45:00,154,4,0,0,13.5265
130,08:47:00,08:47:00,19,5,0,0,14.2254
130,08:50:00,08:50:00,50,6,0,0,14.8244
130,08:53:00,08:53:00,14,7,0,0,15.4273
130,08:56:00,08:56:00,152,8,0,0,16.0911
130,08:58:00,08:58:00,153,9,0,0,16.9517
130,09:01:00,09:01:00,150,10,0,0,17.9095
130,09:03:00,09:03:00,95,11,0,0,18.4210
130,09:06:00,09:06:00,89,12,0,0,19.0542
130,09:12:00,09:12:00,38081,13,0,0,19.9434
131,11:29:00,11:29:00,105,1,0,0,0.0000
131,11:38:00,11:38:00,38187,2,0,0,4.9884
131,11:49:00,11:49:00,106,3,0,0,10.4222
131,11:56:00,11:56:00,154,4,0,0,13.5265
131,11:58:00,11:58:00,19,5,0,0,14.2254
131,12:01:00,12:01:00,50,6,0,0,14.8244
131,12:04:00,12:04:00,14,7,0,0,15.4273
131,12:07:00,12:07:00,152,8,0,0,16.0911
131,12:09:00,12:09:00,153,9,0,0,16.9517
131,12:12:00,12:12:00,150,10,0,0,17.9095
131,12:14:00,12:14:00,95,11,0,0,18.4210
131,12:17:00,12:17:00,89,12,0,0,19.0542
131,12:25:00,12:25:00,38081,13,0,0,19.9434
132,12:29:00,12:29:00,105,1,0,0,0.0000
132,12:38:00,12:38:00,38187,2,0,0,4.9884
132,12:49:00,12:49:00,106,3,0,0,10.4222
132,12:56:00,12:56:00,154,4,0,0,13.5265
132,12:58:00,12:58:00,19,5,0,0,14.2254
132,13:01:00,13:01:00,50,6,0,0,14.8244
132,13:04:00,13:04:00,14,7,0,0,15.4273
132,13:07:00,13:07:00,152,8,0,0,16.0911
132,13:09:00,13:09:00,153,9,0,0,16.9517
132,13:12:00,13:12:00,150,10,0,0,17.9095
132,13:14:00,13:14:00,95,11,0,0,18.4210
132,13:17:00,13:17:00,89,12,0,0,19.0542
132,13:25:00,13:25:00,38081,13,0,0,19.9434
133,13:29:00,13:29:00,105,1,0,0,0.0000
133,13:38:00,13:38:00,38187,2,0,0,4.9884
133,13:49:00,13:49:00,106,3,0,0,10.4222
133,13:56:00,13:56:00,154,4,0,0,13.5265
133,13:58:00,13:58:00,19,5,0,0,14.2254
133,14:01:00,14:01:00,50,6,0,0,14.8244
133,14:04:00,14:04:00,14,7,0,0,15.4273
133,14:07:00,14:07:00,152,8,0,0,16.0911
133,14:09:00,14:09:00,153,9,0,0,16.9517
133,14:12:00,14:12:00,150,10,0,0,17.9095
133,14:14:00,14:14:00,95,11,0,0,18.4210
133,14:17:00,14:17:00,89,12,0,0,19.0542
133,14:27:00,14:27:00,38081,13,0,0,19.9434
134,14:51:00,14:51:00,105,1,0,0,0.0000
134,15:01:00,15:01:00,38187,2,0,0,4.9884
134,15:11:00,15:11:00,106,3,0,0,10.4222
134,15:18:00,15:18:00,154,4,0,0,13.5265
134,15:20:00,15:20:00,19,5,0,0,14.2254
134,15:23:00,15:23:00,50,6,0,0,14.8244
134,15:26:00,15:26:00,14,7,0,0,15.4273
134,15:29:00,15:29:00,152,8,0,0,16.0911
134,15:31:00,15:31:00,153,9,0,0,16.9517
134,15:34:00,15:34:00,150,10,0,0,17.9095
134,15:36:00,15:36:00,95,11,0,0,18.4210
134,15:39:00,15:39:00,89,12,0,0,19.0542
134,15:44:00,15:44:00,38081,13,0,0,19.9434
135,15:47:00,15:47:00,105,1,0,0,0.0000
135,15:57:00,15:57:00,38187,2,0,0,4.9884
135,16:06:00,16:06:00,106,3,0,0,10.4222
135,16:12:00,16:12:00,154,4,0,0,13.5265
135,16:15:00,16:15:00,19,5,0,0,14.2254
135,16:17:00,16:17:00,50,6,0,0,14.8244
135,16:20:00,16:20:00,14,7,0,0,15.4273
135,16:24:00,16:24:00,152,8,0,0,16.0911
135,16:26:00,16:26:00,153,9,0,0,16.9517
135,16:29:00,16:29:00,150,10,0,0,17.9095
135,16:31:00,16:31:00,95,11,0,0,18.4210
135,16:34:00,16:34:00,89,12,0,0,19.0542
135,16:37:00,16:37:00,38081,13,0,0,19.9434
136,18:41:00,18:41:00,105,1,0,0,0.0000
136,18:51:00,18:51:00,38187,2,0,0,4.9884
136,19:01:00,19:01:00,106,3,0,0,10.4222
136,19:08:00,19:08:00,154,4,0,0,13.5265
136,19:11:00,19:11:00,19,5,0,0,14.2254
136,19:14:00,19:14:00,50,6,0,0,14.8244
136,19:17:00,19:17:00,14,7,0,0,15.4273
136,19:21:00,19:21:00,152,8,0,0,16.0911
136,19:23:00,19:23:00,153,9,0,0,16.9517
136,19:26:00,19:26:00,150,10,0,0,17.9095
136,19:29:00,19:29:00,95,11,0,0,18.4210
136,19:31:00,19:31:00,89,12,0,0,19.0542
136,19:35:00,19:35:00,38081,13,0,0,19.9434
137,19:37:00,19:37:00,105,1,0,0,0.0000
137,19:47:00,19:47:00,38187,2,0,0,4.9884
137,19:56:00,19:56:00,106,3,0,0,10.4222
137,20:02:00,20:02:00,154,4,0,0,13.5265
137,20:05:00,20:05:00,19,5,0,0,14.2254
137,20:08:00,20:08:00,50,6,0,0,14.8244
137,20:11:00,20:11:00,14,7,0,0,15.4273
137,20:14:00,20:14:00,152,8,0,0,16.0911
137,20:17:00,20:17:00,153,9,0,0,16.9517
137,20:20:00,20:20:00,150,10,0,0,17.9095
137,20:22:00,20:22:00,95,11,0,0,18.4210
137,20:25:00,20:25:00,89,12,0,0,19.0542
137,20:29:00,20:29:00,38081,13,0,0,19.9434
138,20:35:00,20:35:00,105,1,0,0,0.0000
138,20:44:00,20:44:00,38187,2,0,0,4.9884
138,20:54:00,20:54:00,106,3,0,0,10.4222
138,21:00:00,21:00:00,154,4,0,0,13.5265
138,21:03:00,21:03:00,19,5,0,0,14.2254
138,21:06:00,21:06:00,50,6,0,0,14.8244
138,21:09:00,21:09:00,14,7,0,0,15.4273
138,21:12:00,21:12:00,152,8,0,0,16.0911
138,21:15:00,21:15:00,153,9,0,0,16.9517
138,21:18:00,21:18:00,150,10,0,0,17.9095
138,21:20:00,21:20:00,95,11,0,0,18.4210
138,21:23:00,21:23:00,89,12,0,0,19.0542
138,21:26:00,21:26:00,38081,13,0,0,19.9434
139,21:32:00,21:32:00,105,1,0,0,0.0000
139,21:42:00,21:42:00,38187,2,0,0,4.9884
139,21:52:00,21:52:00,106,3,0,0,10.4222
139,21:58:00,21:58:00,154,4,0,0,13.5265
139,22:00:00,22:00:00,19,5,0,0,14.2254
139,22:03:00,22:03:00,50,6,0,0,14.8244
139,22:06:00,22:06:00,14,7,0,0,15.4273
139,22:09:00,22:09:00,152,8,0,0,16.0911
139,22:12:00,22:12:00,153,9,0,0,16.9517
139,22:15:00,22:15:00,150,10,0,0,17.9095
139,22:17:00,22:17:00,95,11,0,0,18.4210
139,22:20:00,22:20:00,89,12,0,0,19.0542
139,22:23:00,22:23:00,38081,13,0,0,19.9434
140,22:41:00,22:41:00,105,1,0,0,0.0000
140,22:51:00,22:51:00,38187,2,0,0,4.9884
140,23:01:00,23:01:00,106,3,0,0,10.4222
140,23:07:00,23:07:00,154,4,0,0,13.5265
140,23:09:00,23:09:00,19,5,0,0,14.2254
140,23:12:00,23:12:00,50,6,0,0,14.8244
140,23:15:00,23:15:00,14,7,0,0,15.4273
140,23:18:00,23:18:00,152,8,0,0,16.0911
140,23:21:00,23:21:00,153,9,0,0,16.9517
140,23:24:00,23:24:00,150,10,0,0,17.9095
140,23:26:00,23:26:00,95,11,0,0,18.4210
140,23:29:00,23:29:00,89,12,0,0,19.0542
140,23:32:00,23:32:00,38081,13,0,0,19.9434
141,23:41:00,23:41:00,105,1,0,0,0.0000
141,23:51:00,23:51:00,38187,2,0,0,4.9884
141,24:01:00,24:01:00,106,3,0,0,10.4222
141,24:07:00,24:07:00,154,4,0,0,13.5265
141,24:09:00,24:09:00,19,5,0,0,14.2254
141,24:12:00,24:12:00,50,6,0,0,14.8244
141,24:15:00,24:15:00,14,7,0,0,15.4273
141,24:19:00,24:19:00,152,8,0,0,16.0911
141,24:21:00,24:21:00,153,9,0,0,16.9517
141,24:24:00,24:24:00,150,10,0,0,17.9095
141,24:27:00,24:27:00,95,11,0,0,18.4210
141,24:29:00,24:29:00,89,12,0,0,19.0542
141,24:33:00,24:33:00,38081,13,0,0,19.9434
142,09:43:00,09:43:00,105,1,0,0,0.0000
142,09:53:00,09:53:00,38187,2,0,0,4.9884
142,10:03:00,10:03:00,106,3,0,0,10.4222
142,10:10:00,10:10:00,154,4,0,0,13.5265
142,10:12:00,10:12:00,19,5,0,0,14.2254
142,10:15:00,10:15:00,50,6,0,0,14.8244
142,10:19:00,10:19:00,14,7,0,0,15.4273
142,10:22:00,10:22:00,152,8,0,0,16.0911
142,10:25:00,10:25:00,153,9,0,0,16.9517
142,10:28:00,10:28:00,150,10,0,0,17.9095
142,10:30:00,10:30:00,95,11,0,0,18.4210
142,10:32:00,10:32:00,89,12,0,0,19.0542
142,10:38:00,10:38:00,38081,13,0,0,19.9434
143,05:54:00,05:54:00,105,1,0,0,0.0000
143,06:11:00,06:11:00,106,2,0,0,10.4223
143,06:20:00,06:20:00,14,3,0,0,15.4475
143,06:27:00,06:27:00,89,4,0,0,18.9919
143,06:31:00,06:31:00,38081,5,0,0,19.8811
144,06:12:00,06:12:00,63,1,0,0,0.0000
144,06:29:00,06:29:00,106,2,0,0,7.7884
144,06:35:00,06:35:00,19,3,0,0,11.5917
144,06:39:00,06:39:00,14,4,0,0,12.7936
144,06:42:00,06:42:00,152,5,0,0,13.4574
144,06:44:00,06:44:00,153,6,0,0,14.3180
144,06:46:00,06:46:00,150,7,0,0,15.2758
144,06:50:00,06:50:00,38081,8,0,0,17.3097
145,07:41:00,07:41:00,105,1,0,0,0.0000
145,07:50:00,07:50:00,38187,2,0,0,4.9884
145,08:00:00,08:00:00,106,3,0,0,10.4222
145,08:08:00,08:08:00,19,4,0,0,14.2254
145,08:12:00,08:12:00,14,5,0,0,15.4273
145,08:19:00,08:19:00,89,6,0,0,18.9716
145,08:23:00,08:23:00,38081,7,0,0,19.8608
146,05:48:00,05:48:00,37001,1,0,0,0.0000
146,05:50:00,05:50:00,37000,2,0,0,0.5676
146,05:52:00,05:52:00,36999,3,0,0,0.9091
146,05:55:00,05:55:00,36998,4,0,0,1.7824
146,05:58:00,05:58:00,36997,5,0,0,2.4636
146,05:59:00,05:59:00,36996,6,0,0,2.7411
146,06:02:00,06:02:00,36995,7,0,0,3.1489
146,06:04:00,06:04:00,36994,8,0,0,3.4434
146,06:06:00,06:06:00,37376,9,0,0,3.6926
146,06:08:00,06:08:00,37377,10,0,0,4.0394
146,06:11:00,06:11:00,37378,11,0,0,4.3326
146,06:16:00,06:16:00,38441,12,0,0,5.7731
146,06:18:00,06:18:00,38442,13,0,0,6.3239
146,06:21:00,06:21:00,17699,14,0,0,7.6059
146,06:24:00,06:24:00,9878,15,0,0,8.7659
146,06:26:00,06:26:00,38578,16,0,0,9.4220
146,06:28:00,06:28:00,38579,17,0,0,10.0589
147,06:08:00,06:08:00,37001,1,0,0,0.0000
147,06:10:00,06:10:00,37000,2,0,0,0.5676
147,06:12:00,06:12:00,36999,3,0,0,0.9091
147,06:15:00,06:15:00,36998,4,0,0,1.7824
147,06:18:00,06:18:00,36997,5,0,0,2.4636
147,06:19:00,06:19:00,36996,6,0,0,2.7411
147,06:22:00,06:22:00,36995,7,0,0,3.1489
147,06:24:00,06:24:00,36994,8,0,0,3.4434
147,06:26:00,06:26:00,37376,9,0,0,3.6926
147,06:28:00,06:28:00,37377,10,0,0,4.0394
147,06:31:00,06:31:00,37378,11,0,0,4.3326
147,06:36:00,06:36:00,38441,12,0,0,5.7731
147,06:38:00,06:38:00,38442,13,0,0,6.3239
147,06:41:00,06:41:00,17699,14,0,0,7.6059
147,06:44:00,06:44:00,9878,15,0,0,8.7659
147,06:46:00,06:46:00,38578,16,0,0,9.4220
147,06:48:00,06:48:00,38579,17,0,0,10.0589
148,06:28:00,06:28:00,37001,1,0,0,0.0000
148,06:30:00,06:30:00,37000,2,0,0,0.5676
148,06:32:00,06:32:00,36999,3,0,0,0.9091
148,06:35:00,06:35:00,36998,4,0,0,1.7824
148,06:38:00,06:38:00,36997,5,0,0,2.4636
148,06:39:00,06:39:00,36996,6,0,0,2.7411
148,06:42:00,06:42:00,36995,7,0,0,3.1489
148,06:44:00,06:44:00,36994,8,0,0,3.4434
148,06:46:00,06:46:00,37376,9,0,0,3.6926
148,06:48:00,06:48:00,37377,10,0,0,4.0394
148,06:51:00,06:51:00,37378,11,0,0,4.3326
148,06:56:00,06:56:00,38441,12,0,0,5.7731
148,06:58:00,06:58:00,38442,13,0,0,6.3239
148,07:01:00,07:01:00,17699,14,0,0,7.6059
148,07:04:00,07:04:00,9878,15,0,0,8.7659
148,07:06:00,07:06:00,38578,16,0,0,9.4220
148,07:08:00,07:08:00,38579,17,0,0,10.0589
149,06:48:00,06:48:00,37001,1,0,0,0.0000
149,06:50:00,06:50:00,37000,2,0,0,0.5676
149,06:52:00,06:52:00,36999,3,0,0,0.9091
149,06:55:00,06:55:00,36998,4,0,0,1.7824
149,06:58:00,06:58:00,36997,5,0,0,2.4636
149,06:59:00,06:59:00,36996,6,0,0,2.7411
149,07:02:00,07:02:00,36995,7,0,0,3.1489
149,07:04:00,07:04:00,36994,8,0,0,3.4434
149,07:06:00,07:06:00,37376,9,0,0,3.6926
149,07:08:00,07:08:00,37377,10,0,0,4.0394
149,07:11:00,07:11:00,37378,11,0,0,4.3326
149,07:16:00,07:16:00,38441,12,0,0,5.7731
149,07:18:00,07:18:00,38442,13,0,0,6.3239
149,07:21:00,07:21:00,17699,14,0,0,7.6059
149,07:24:00,07:24:00,9878,15,0,0,8.7659
149,07:26:00,07:26:00,38578,16,0,0,9.4220
149,07:28:00,07:28:00,38579,17,0,0,10.0589
150,07:08:00,07:08:00,37001,1,0,0,0.0000
150,07:10:00,07:10:00,37000,2,0,0,0.5676
150,07:12:00,07:12:00,36999,3,0,0,0.9091
150,07:15:00,07:15:00,36998,4,0,0,1.7824
150,07:18:00,07:18:00,36997,5,0,0,2.4636
150,07:19:00,07:19:00,36996,6,0,0,2.7411
150,07:22:00,07:22:00,36995,7,0,0,3.1489
150,07:24:00,07:24:00,36994,8,0,0,3.4434
150,07:26:00,07:26:00,37376,9,0,0,3.6926
150,07:28:00,07:28:00,37377,10,0,0,4.0394
150,07:31:00,07:31:00,37378,11,0,0,4.3326
150,07:36:00,07:36:00,38441,12,0,0,5.7731
150,07:38:00,07:38:00,38442,13,0,0,6.3239
150,07:41:00,07:41:00,17699,14,0,0,7.6059
150,07:44:00,07:44:00,9878,15,0,0,8.7659
150,07:46:00,07:46:00,38578,16,0,0,9.4220
150,07:48:00,07:48:00,38579,17,0,0,10.0589
151,07:28:00,07:28:00,37001,1,0,0,0.0000
151,07:30:00,07:30:00,37000,2,0,0,0.5676
151,07:32:00,07:32:00,36999,3,0,0,0.9091
151,07:35:00,07:35:00,36998,4,0,0,1.7824
151,07:38:00,07:38:00,36997,5,0,0,2.4636
151,07:39:00,07:39:00,36996,6,0,0,2.7411
151,07:42:00,07:42:00,36995,7,0,0,3.1489
151,07:44:00,07:44:00,36994,8,0,0,3.4434
151,07:46:00,07:46:00,37376,9,0,0,3.6926
151,07:48:00,07:48:00,37377,10,0,0,4.0394
151,07:51:00,07:51:00,37378,11,0,0,4.3326
151,07:56:00,07:56:00,38441,12,0,0,5.7731
151,07:58:00,07:58:00,38442,13,0,0,6.3239
151,08:01:00,08:01:00,17699,14,0,0,7.6059
151,08:04:00,08:04:00,9878,15,0,0,8.7659
151,08:06:00,08:06:00,38578,16,0,0,9.4220
151,08:08:00,08:08:00,38579,17,0,0,10.0589
152,07:48:00,07:48:00,37001,1,0,0,0.0000
152,07:50:00,07:50:00,37000,2,0,0,0.5676
152,07:52:00,07:52:00,36999,3,0,0,0.9091
152,07:55:00,07:55:00,36998,4,0,0,1.7824
152,07:58:00,07:58:00,36997,5,0,0,2.4636
152,07:59:00,07:59:00,36996,6,0,0,2.7411
152,08:02:00,08:02:00,36995,7,0,0,3.1489
152,08:04:00,08:04:00,36994,8,0,0,3.4434
152,08:06:00,08:06:00,37376,9,0,0,3.6926
152,08:08:00,08:08:00,37377,10,0,0,4.0394
152,08:11:00,08:11:00,37378,11,0,0,4.3326
152,08:16:00,08:16:00,38441,12,0,0,5.7731
152,08:18:00,08:18:00,38442,13,0,0,6.3239
152,08:21:00,08:21:00,17699,14,0,0,7.6059
152,08:24:00,08:24:00,9878,15,0,0,8.7659
152,08:26:00,08:26:00,38578,16,0,0,9.4220
152,08:28:00,08:28:00,38579,17,0,0,10.0589
153,08:08:00,08:08:00,37001,1,0,0,0.0000
153,08:10:00,08:10:00,37000,2,0,0,0.5676
153,08:12:00,08:12:00,36999,3,0,0,0.9091
153,08:15:00,08:15:00,36998,4,0,0,1.7824
153,08:18:00,08:18:00,36997,5,0,0,2.4636
153,08:19:00,08:19:00,36996,6,0,0,2.7411
153,08:22:00,08:22:00,36995,7,0,0,3.1489
153,08:24:00,08:24:00,36994,8,0,0,3.4434
153,08:26:00,08:26:00,37376,9,0,0,3.6926
153,08:28:00,08:28:00,37377,10,0,0,4.0394
153,08:31:00,08:31:00,37378,11,0,0,4.3326
153,08:36:00,08:36:00,38441,12,0,0,5.7731
153,08:38:00,08:38:00,38442,13,0,0,6.3239
153,08:41:00,08:41:00,17699,14,0,0,7.6059
153,08:44:00,08:44:00,9878,15,0,0,8.7659
153,08:46:00,08:46:00,38578,16,0,0,9.4220
153,08:48:00,08:48:00,38579,17,0,0,10.0589
154,08:28:00,08:28:00,37001,1,0,0,0.0000
154,08:30:00,08:30:00,37000,2,0,0,0.5676
154,08:32:00,08:32:00,36999,3,0,0,0.9091
154,08:35:00,08:35:00,36998,4,0,0,1.7824
154,08:38:00,08:38:00,36997,5,0,0,2.4636
154,08:39:00,08:39:00,36996,6,0,0,2.7411
154,08:42:00,08:42:00,36995,7,0,0,3.1489
154,08:44:00,08:44:00,36994,8,0,0,3.4434
154,08:46:00,08:46:00,37376,9,0,0,3.6926
154,08:48:00,08:48:00,37377,10,0,0,4.0394
154,08:51:00,08:51:00,37378,11,0,0,4.3326
154,08:56:00,08:56:00,38441,12,0,0,5.7731
154,08:58:00,08:58:00,38442,13,0,0,6.3239
154,09:01:00,09:01:00,17699,14,0,0,7.6059
154,09:04:00,09:04:00,9878,15,0,0,8.7659
154,09:06:00,09:06:00,38578,16,0,0,9.4220
154,09:08:00,09:08:00,38579,17,0,0,10.0589
155,08:48:00,08:48:00,37001,1,0,0,0.0000
155,08:50:00,08:50:00,37000,2,0,0,0.5676
155,08:52:00,08:52:00,36999,3,0,0,0.9091
155,08:55:00,08:55:00,36998,4,0,0,1.7824
155,08:58:00,08:58:00,36997,5,0,0,2.4636
155,08:59:00,08:59:00,36996,6,0,0,2.7411
155,09:02:00,09:02:00,36995,7,0,0,3.1489
155,09:04:00,09:04:00,36994,8,0,0,3.4434
155,09:06:00,09:06:00,37376,9,0,0,3.6926
155,09:08:00,09:08:00,37377,10,0,0,4.0394
155,09:11:00,09:11:00,37378,11,0,0,4.3326
155,09:16:00,09:16:00,38441,12,0,0,5.7731
155,09:18:00,09:18:00,38442,13,0,0,6.3239
155,09:21:00,09:21:00,17699,14,0,0,7.6059
155,09:24:00,09:24:00,9878,15,0,0,8.7659
155,09:26:00,09:26:00,38578,16,0,0,9.4220
155,09:28:00,09:28:00,38579,17,0,0,10.0589
156,09:08:00,09:08:00,37001,1,0,0,0.0000
156,09:10:00,09:10:00,37000,2,0,0,0.5676
156,09:12:00,09:12:00,36999,3,0,0,0.9091
156,09:15:00,09:15:00,36998,4,0,0,1.7824
156,09:18:00,09:18:00,36997,5,0,0,2.4636
156,09:19:00,09:19:00,36996,6,0,0,2.7411
156,09:22:00,09:22:00,36995,7,0,0,3.1489
156,09:24:00,09:24:00,36994,8,0,0,3.4434
156,09:26:00,09:26:00,37376,9,0,0,3.6926
156,09:28:00,09:28:00,37377,10,0,0,4.0394
156,09:31:00,09:31:00,37378,11,0,0,4.3326
156,09:36:00,09:36:00,38441,12,0,0,5.7731
156,09:38:00,09:38:00,38442,13,0,0,6.3239
156,09:41:00,09:41:00,17699,14,0,0,7.6059
156,09:44:00,09:44:00,9878,15,0,0,8.7659
156,09:46:00,09:46:00,38578,16,0,0,9.4220
156,09:48:00,09:48:00,38579,17,0,0,10.0589
157,09:28:00,09:28:00,37001,1,0,0,0.0000
157,09:30:00,09:30:00,37000,2,0,0,0.5676
157,09:32:00,09:32:00,36999,3,0,0,0.9091
157,09:35:00,09:35:00,36998,4,0,0,1.7824
157,09:38:00,09:38:00,36997,5,0,0,2.4636
157,09:39:00,09:39:00,36996,6,0,0,2.7411
157,09:42:00,09:42:00,36995,7,0,0,3.1489
157,09:44:00,09:44:00,36994,8,0,0,3.4434
157,09:46:00,09:46:00,37376,9,0,0,3.6926
157,09:48:00,09:48:00,37377,10,0,0,4.0394
157,09:51:00,09:51:00,37378,11,0,0,4.3326
157,09:56:00,09:56:00,38441,12,0,0,5.7731
157,09:58:00,09:58:00,38442,13,0,0,6.3239
157,10:01:00,10:01:00,17699,14,0,0,7.6059
157,10:04:00,10:04:00,9878,15,0,0,8.7659
157,10:06:00,10:06:00,38578,16,0,0,9.4220
157,10:08:00,10:08:00,38579,17,0,0,10.0589
158,09:48:00,09:48:00,37001,1,0,0,0.0000
158,09:50:00,09:50:00,37000,2,0,0,0.5676
158,09:52:00,09:52:00,36999,3,0,0,0.9091
158,09:55:00,09:55:00,36998,4,0,0,1.7824
158,09:58:00,09:58:00,36997,5,0,0,2.4636
158,09:59:00,09:59:00,36996,6,0,0,2.7411
158,10:02:00,10:02:00,36995,7,0,0,3.1489
158,10:04:00,10:04:00,36994,8,0,0,3.4434
158,10:06:00,10:06:00,37376,9,0,0,3.6926
158,10:08:00,10:08:00,37377,10,0,0,4.0394
158,10:11:00,10:11:00,37378,11,0,0,4.3326
158,10:16:00,10:16:00,38441,12,0,0,5.7731
158,10:18:00,10:18:00,38442,13,0,0,6.3239
158,10:21:00,10:21:00,17699,14,0,0,7.6059
158,10:24:00,10:24:00,9878,15,0,0,8.7659
158,10:26:00,10:26:00,38578,16,0,0,9.4220
158,10:28:00,10:28:00,38579,17,0,0,10.0589
159,10:08:00,10:08:00,37001,1,0,0,0.0000
159,10:10:00,10:10:00,37000,2,0,0,0.5676
159,10:12:00,10:12:00,36999,3,0,0,0.9091
159,10:15:00,10:15:00,36998,4,0,0,1.7824
159,10:18:00,10:18:00,36997,5,0,0,2.4636
159,10:19:00,10:19:00,36996,6,0,0,2.7411
159,10:22:00,10:22:00,36995,7,0,0,3.1489
159,10:24:00,10:24:00,36994,8,0,0,3.4434
159,10:26:00,10:26:00,37376,9,0,0,3.6926
159,10:28:00,10:28:00,37377,10,0,0,4.0394
159,10:31:00,10:31:00,37378,11,0,0,4.3326
159,10:36:00,10:36:00,38441,12,0,0,5.7731
159,10:38:00,10:38:00,38442,13,0,0,6.3239
159,10:41:00,10:41:00,17699,14,0,0,7.6059
159,10:44:00,10:44:00,9878,15,0,0,8.7659
159,10:46:00,10:46:00,38578,16,0,0,9.4220
159,10:48:00,10:48:00,38579,17,0,0,10.0589
160,10:28:00,10:28:00,37001,1,0,0,0.0000
160,10:30:00,10:30:00,37000,2,0,0,0.5676
160,10:32:00,10:32:00,36999,3,0,0,0.9091
160,10:35:00,10:35:00,36998,4,0,0,1.7824
160,10:38:00,10:38:00,36997,5,0,0,2.4636
160,10:39:00,10:39:00,36996,6,0,0,2.7411
160,10:42:00,10:42:00,36995,7,0,0,3.1489
160,10:44:00,10:44:00,36994,8,0,0,3.4434
160,10:46:00,10:46:00,37376,9,0,0,3.6926
160,10:48:00,10:48:00,37377,10,0,0,4.0394
160,10:51:00,10:51:00,37378,11,0,0,4.3326
160,10:56:00,10:56:00,38441,12,0,0,5.7731
160,10:58:00,10:58:00,38442,13,0,0,6.3239
160,11:01:00,11:01:00,17699,14,0,0,7.6059
160,11:04:00,11:04:00,9878,15,0,0,8.7659
160,11:06:00,11:06:00,38578,16,0,0,9.4220
160,11:08:00,11:08:00,38579,17,0,0,10.0589
161,10:48:00,10:48:00,37001,1,0,0,0.0000
161,10:50:00,10:50:00,37000,2,0,0,0.5676
161,10:52:00,10:52:00,36999,3,0,0,0.9091
161,10:55:00,10:55:00,36998,4,0,0,1.7824
161,10:58:00,10:58:00,36997,5,0,0,2.4636
161,10:59:00,10:59:00,36996,6,0,0,2.7411
161,11:02:00,11:02:00,36995,7,0,0,3.1489
161,11:04:00,11:04:00,36994,8,0,0,3.4434
161,11:06:00,11:06:00,37376,9,0,0,3.6926
161,11:08:00,11:08:00,37377,10,0,0,4.0394
161,11:11:00,11:11:00,37378,11,0,0,4.3326
161,11:16:00,11:16:00,38441,12,0,0,5.7731
161,11:18:00,11:18:00,38442,13,0,0,6.3239
161,11:21:00,11:21:00,17699,14,0,0,7.6059
161,11:24:00,11:24:00,9878,15,0,0,8.7659
161,11:26:00,11:26:00,38578,16,0,0,9.4220
161,11:28:00,11:28:00,38579,17,0,0,10.0589
162,11:08:00,11:08:00,37001,1,0,0,0.0000
162,11:10:00,11:10:00,37000,2,0,0,0.5676
162,11:12:00,11:12:00,36999,3,0,0,0.9091
162,11:15:00,11:15:00,36998,4,0,0,1.7824
162,11:18:00,11:18:00,36997,5,0,0,2.4636
162,11:19:00,11:19:00,36996,6,0,0,2.7411
162,11:22:00,11:22:00,36995,7,0,0,3.1489
162,11:24:00,11:24:00,36994,8,0,0,3.4434
162,11:26:00,11:26:00,37376,9,0,0,3.6926
162,11:28:00,11:28:00,37377,10,0,0,4.0394
162,11:31:00,11:31:00,37378,11,0,0,4.3326
162,11:36:00,11:36:00,38441,12,0,0,5.7731
162,11:38:00,11:38:00,38442,13,0,0,6.3239
162,11:41:00,11:41:00,17699,14,0,0,7.6059
162,11:44:00,11:44:00,9878,15,0,0,8.7659
162,11:46:00,11:46:00,38578,16,0,0,9.4220
162,11:48:00,11:48:00,38579,17,0,0,10.0589
163,11:28:00,11:28:00,37001,1,0,0,0.0000
163,11:30:00,11:30:00,37000,2,0,0,0.5676
163,11:32:00,11:32:00,36999,3,0,0,0.9091
163,11:35:00,11:35:00,36998,4,0,0,1.7824
163,11:38:00,11:38:00,36997,5,0,0,2.4636
163,11:39:00,11:39:00,36996,6,0,0,2.7411
163,11:42:00,11:42:00,36995,7,0,0,3.1489
163,11:44:00,11:44:00,36994,8,0,0,3.4434
163,11:46:00,11:46:00,37376,9,0,0,3.6926
163,11:48:00,11:48:00,37377,10,0,0,4.0394
163,11:51:00,11:51:00,37378,11,0,0,4.3326
163,11:56:00,11:56:00,38441,12,0,0,5.7731
163,11:58:00,11:58:00,38442,13,0,0,6.3239
163,12:01:00,12:01:00,17699,14,0,0,7.6059
163,12:04:00,12:04:00,9878,15,0,0,8.7659
163,12:06:00,12:06:00,38578,16,0,0,9.4220
163,12:08:00,12:08:00,38579,17,0,0,10.0589
164,11:48:00,11:48:00,37001,1,0,0,0.0000
164,11:50:00,11:50:00,37000,2,0,0,0.5676
164,11:52:00,11:52:00,36999,3,0,0,0.9091
164,11:55:00,11:55:00,36998,4,0,0,1.7824
164,11:58:00,11:58:00,36997,5,0,0,2.4636
164,11:59:00,11:59:00,36996,6,0,0,2.7411
164,12:02:00,12:02:00,36995,7,0,0,3.1489
164,12:04:00,12:04:00,36994,8,0,0,3.4434
164,12:06:00,12:06:00,37376,9,0,0,3.6926
164,12:08:00,12:08:00,37377,10,0,0,4.0394
164,12:11:00,12:11:00,37378,11,0,0,4.3326
164,12:16:00,12:16:00,38441,12,0,0,5.7731
164,12:18:00,12:18:00,38442,13,0,0,6.3239
164,12:21:00,12:21:00,17699,14,0,0,7.6059
164,12:24:00,12:24:00,9878,15,0,0,8.7659
164,12:26:00,12:26:00,38578,16,0,0,9.4220
164,12:28:00,12:28:00,38579,17,0,0,10.0589
165,12:08:00,12:08:00,37001,1,0,0,0.0000
165,12:10:00,12:10:00,37000,2,0,0,0.5676
165,12:12:00,12:12:00,36999,3,0,0,0.9091
165,12:15:00,12:15:00,36998,4,0,0,1.7824
165,12:18:00,12:18:00,36997,5,0,0,2.4636
165,12:19:00,12:19:00,36996,6,0,0,2.7411
165,12:22:00,12:22:00,36995,7,0,0,3.1489
165,12:24:00,12:24:00,36994,8,0,0,3.4434
165,12:26:00,12:26:00,37376,9,0,0,3.6926
165,12:28:00,12:28:00,37377,10,0,0,4.0394
165,12:31:00,12:31:00,37378,11,0,0,4.3326
165,12:36:00,12:36:00,38441,12,0,0,5.7731
165,12:38:00,12:38:00,38442,13,0,0,6.3239
165,12:41:00,12:41:00,17699,14,0,0,7.6059
