481,18:13:00,18:13:00,37005,3,0,0,1.7756
481,18:15:00,18:15:00,37004,4,0,0,2.3379
481,18:17:00,18:17:00,37003,5,0,0,3.5483
481,18:18:00,18:18:00,37002,6,0,0,4.1964
481,18:21:00,18:21:00,36998,7,0,0,5.6182
481,18:24:00,18:24:00,36997,8,0,0,6.2994
481,18:25:00,18:25:00,36996,9,0,0,6.5769
481,18:27:00,18:27:00,36995,10,0,0,6.9847
481,18:29:00,18:29:00,36994,11,0,0,7.2792
481,18:31:00,18:31:00,37376,12,0,0,7.5284
481,18:33:00,18:33:00,37377,13,0,0,7.8752
481,18:36:00,18:36:00,37378,14,0,0,8.1684
481,18:40:00,18:40:00,39348,15,0,0,9.0458
482,18:29:00,18:29:00,42673,1,0,0,0.0000
482,18:31:00,18:31:00,38229,2,0,0,0.9153
482,18:33:00,18:33:00,37005,3,0,0,1.7756
482,18:35:00,18:35:00,37004,4,0,0,2.3379
482,18:37:00,18:37:00,37003,5,0,0,3.5483
482,18:38:00,18:38:00,37002,6,0,0,4.1964
482,18:41:00,18:41:00,36998,7,0,0,5.6182
482,18:44:00,18:44:00,36997,8,0,0,6.2994
482,18:45:00,18:45:00,36996,9,0,0,6.5769
482,18:47:00,18:47:00,36995,10,0,0,6.9847
482,18:49:00,18:49:00,36994,11,0,0,7.2792
482,18:51:00,18:51:00,37376,12,0,0,7.5284
482,18:53:00,18:53:00,37377,13,0,0,7.8752
482,18:56:00,18:56:00,37378,14,0,0,8.1684
482,19:00:00,19:00:00,39348,15,0,0,9.0458
483,18:49:00,18:49:00,42673,1,0,0,0.0000
483,18:51:00,18:51:00,38229,2,0,0,0.9153
483,18:53:00,18:53:00,37005,3,0,0,1.7756
483,18:55:00,18:55:00,37004,4,0,0,2.3379
483,18:57:00,18:57:00,37003,5,0,0,3.5483
483,18:58:00,18:58:00,37002,6,0,0,4.1964
483,19:01:00,19:01:00,36998,7,0,0,5.6182
483,19:04:00,19:04:00,36997,8,0,0,6.2994
483,19:05:00,19:05:00,36996,9,0,0,6.5769
483,19:07:00,19:07:00,36995,10,0,0,6.9847
483,19:09:00,19:09:00,36994,11,0,0,7.2792
483,19:11:00,19:11:00,37376,12,0,0,7.5284
483,19:13:00,19:13:00,37377,13,0,0,7.8752
483,19:16:00,19:16:00,37378,14,0,0,8.1684
483,19:20:00,19:20:00,39348,15,0,0,9.0458
484,19:09:00,19:09:00,42673,1,0,0,0.0000
484,19:11:00,19:11:00,38229,2,0,0,0.9153
484,19:13:00,19:13:00,37005,3,0,0,1.7756
484,19:15:00,19:15:00,37004,4,0,0,2.3379
484,19:17:00,19:17:00,37003,5,0,0,3.5483
484,19:18:00,19:18:00,37002,6,0,0,4.1964
484,19:21:00,19:21:00,36998,7,0,0,5.6182
484,19:24:00,19:24:00,36997,8,0,0,6.2994
484,19:25:00,19:25:00,36996,9,0,0,6.5769
484,19:27:00,19:27:00,36995,10,0,0,6.9847
484,19:29:00,19:29:00,36994,11,0,0,7.2792
484,19:31:00,19:31:00,37376,12,0,0,7.5284
484,19:33:00,19:33:00,37377,13,0,0,7.8752
484,19:36:00,19:36:00,37378,14,0,0,8.1684
484,19:40:00,19:40:00,39348,15,0,0,9.0458
485,19:29:00,19:29:00,42673,1,0,0,0.0000
485,19:31:00,19:31:00,38229,2,0,0,0.9153
485,19:33:00,19:33:00,37005,3,0,0,1.7756
485,19:35:00,19:35:00,37004,4,0,0,2.3379
485,19:37:00,19:37:00,37003,5,0,0,3.5483
485,19:38:00,19:38:00,37002,6,0,0,4.1964
485,19:41:00,19:41:00,36998,7,0,0,5.6182
485,19:44:00,19:44:00,36997,8,0,0,6.2994
485,19:45:00,19:45:00,36996,9,0,0,6.5769
485,19:47:00,19:47:00,36995,10,0,0,6.9847
485,19:49:00,19:49:00,36994,11,0,0,7.2792
485,19:51:00,19:51:00,37376,12,0,0,7.5284
485,19:53:00,19:53:00,37377,13,0,0,7.8752
485,19:56:00,19:56:00,37378,14,0,0,8.1684
485,20:00:00,20:00:00,39348,15,0,0,9.0458
486,19:49:00,19:49:00,42673,1,0,0,0.0000
486,19:51:00,19:51:00,38229,2,0,0,0.9153
486,19:53:00,19:53:00,37005,3,0,0,1.7756
486,19:55:00,19:55:00,37004,4,0,0,2.3379
486,19:57:00,19:57:00,37003,5,0,0,3.5483
486,19:58:00,19:58:00,37002,6,0,0,4.1964
486,20:01:00,20:01:00,36998,7,0,0,5.6182
486,20:04:00,20:04:00,36997,8,0,0,6.2994
486,20:05:00,20:05:00,36996,9,0,0,6.5769
486,20:07:00,20:07:00,36995,10,0,0,6.9847
486,20:09:00,20:09:00,36994,11,0,0,7.2792
486,20:11:00,20:11:00,37376,12,0,0,7.5284
486,20:13:00,20:13:00,37377,13,0,0,7.8752
486,20:16:00,20:16:00,37378,14,0,0,8.1684
486,20:20:00,20:20:00,39348,15,0,0,9.0458
487,20:09:00,20:09:00,42673,1,0,0,0.0000
487,20:11:00,20:11:00,38229,2,0,0,0.9153
487,20:13:00,20:13:00,37005,3,0,0,1.7756
487,20:15:00,20:15:00,37004,4,0,0,2.3379
487,20:17:00,20:17:00,37003,5,0,0,3.5483
487,20:18:00,20:18:00,37002,6,0,0,4.1964
487,20:21:00,20:21:00,36998,7,0,0,5.6182
487,20:24:00,20:24:00,36997,8,0,0,6.2994
487,20:25:00,20:25:00,36996,9,0,0,6.5769
487,20:27:00,20:27:00,36995,10,0,0,6.9847
487,20:29:00,20:29:00,36994,11,0,0,7.2792
487,20:31:00,20:31:00,37376,12,0,0,7.5284
487,20:33:00,20:33:00,37377,13,0,0,7.8752
487,20:36:00,20:36:00,37378,14,0,0,8.1684
487,20:40:00,20:40:00,39348,15,0,0,9.0458
488,20:29:00,20:29:00,42673,1,0,0,0.0000
488,20:31:00,20:31:00,38229,2,0,0,0.9153
488,20:33:00,20:33:00,37005,3,0,0,1.7756
488,20:35:00,20:35:00,37004,4,0,0,2.3379
488,20:37:00,20:37:00,37003,5,0,0,3.5483
488,20:38:00,20:38:00,37002,6,0,0,4.1964
488,20:41:00,20:41:00,36998,7,0,0,5.6182
488,20:44:00,20:44:00,36997,8,0,0,6.2994
488,20:45:00,20:45:00,36996,9,0,0,6.5769
488,20:47:00,20:47:00,36995,10,0,0,6.9847
488,20:49:00,20:49:00,36994,11,0,0,7.2792
488,20:51:00,20:51:00,37376,12,0,0,7.5284
488,20:53:00,20:53:00,37377,13,0,0,7.8752
488,20:56:00,20:56:00,37378,14,0,0,8.1684
488,21:00:00,21:00:00,39348,15,0,0,9.0458
489,20:49:00,20:49:00,42673,1,0,0,0.0000
489,20:51:00,20:51:00,38229,2,0,0,0.9153
489,20:53:00,20:53:00,37005,3,0,0,1.7756
489,20:55:00,20:55:00,37004,4,0,0,2.3379
489,20:57:00,20:57:00,37003,5,0,0,3.5483
489,20:58:00,20:58:00,37002,6,0,0,4.1964
489,21:01:00,21:01:00,36998,7,0,0,5.6182
489,21:04:00,21:04:00,36997,8,0,0,6.2994
489,21:05:00,21:05:00,36996,9,0,0,6.5769
489,21:07:00,21:07:00,36995,10,0,0,6.9847
489,21:09:00,21:09:00,36994,11,0,0,7.2792
489,21:11:00,21:11:00,37376,12,0,0,7.5284
489,21:13:00,21:13:00,37377,13,0,0,7.8752
489,21:16:00,21:16:00,37378,14,0,0,8.1684
489,21:20:00,21:20:00,39348,15,0,0,9.0458
490,21:09:00,21:09:00,42673,1,0,0,0.0000
490,21:11:00,21:11:00,38229,2,0,0,0.9153
490,21:13:00,21:13:00,37005,3,0,0,1.7756
490,21:15:00,21:15:00,37004,4,0,0,2.3379
490,21:17:00,21:17:00,37003,5,0,0,3.5483
490,21:18:00,21:18:00,37002,6,0,0,4.1964
490,21:21:00,21:21:00,36998,7,0,0,5.6182
490,21:24:00,21:24:00,36997,8,0,0,6.2994
490,21:25:00,21:25:00,36996,9,0,0,6.5769
490,21:27:00,21:27:00,36995,10,0,0,6.9847
490,21:29:00,21:29:00,36994,11,0,0,7.2792
490,21:31:00,21:31:00,37376,12,0,0,7.5284
490,21:33:00,21:33:00,37377,13,0,0,7.8752
490,21:36:00,21:36:00,37378,14,0,0,8.1684
490,21:40:00,21:40:00,39348,15,0,0,9.0458
491,21:29:00,21:29:00,42673,1,0,0,0.0000
491,21:31:00,21:31:00,38229,2,0,0,0.9153
491,21:33:00,21:33:00,37005,3,0,0,1.7756
491,21:35:00,21:35:00,37004,4,0,0,2.3379
491,21:37:00,21:37:00,37003,5,0,0,3.5483
491,21:38:00,21:38:00,37002,6,0,0,4.1964
491,21:41:00,21:41:00,36998,7,0,0,5.6182
491,21:44:00,21:44:00,36997,8,0,0,6.2994
491,21:45:00,21:45:00,36996,9,0,0,6.5769
491,21:47:00,21:47:00,36995,10,0,0,6.9847
491,21:49:00,21:49:00,36994,11,0,0,7.2792
491,21:51:00,21:51:00,37376,12,0,0,7.5284
491,21:53:00,21:53:00,37377,13,0,0,7.8752
491,21:56:00,21:56:00,37378,14,0,0,8.1684
491,22:00:00,22:00:00,39348,15,0,0,9.0458
492,21:49:00,21:49:00,42673,1,0,0,0.0000
492,21:51:00,21:51:00,38229,2,0,0,0.9153
492,21:53:00,21:53:00,37005,3,0,0,1.7756
492,21:55:00,21:55:00,37004,4,0,0,2.3379
492,21:57:00,21:57:00,37003,5,0,0,3.5483
492,21:58:00,21:58:00,37002,6,0,0,4.1964
492,22:01:00,22:01:00,36998,7,0,0,5.6182
492,22:04:00,22:04:00,36997,8,0,0,6.2994
492,22:05:00,22:05:00,36996,9,0,0,6.5769
492,22:07:00,22:07:00,36995,10,0,0,6.9847
492,22:09:00,22:09:00,36994,11,0,0,7.2792
492,22:11:00,22:11:00,37376,12,0,0,7.5284
492,22:13:00,22:13:00,37377,13,0,0,7.8752
492,22:16:00,22:16:00,37378,14,0,0,8.1684
492,22:20:00,22:20:00,39348,15,0,0,9.0458
493,22:09:00,22:09:00,42673,1,0,0,0.0000
493,22:11:00,22:11:00,38229,2,0,0,0.9153
493,22:13:00,22:13:00,37005,3,0,0,1.7756
493,22:15:00,22:15:00,37004,4,0,0,2.3379
493,22:17:00,22:17:00,37003,5,0,0,3.5483
493,22:18:00,22:18:00,37002,6,0,0,4.1964
493,22:21:00,22:21:00,36998,7,0,0,5.6182
493,22:24:00,22:24:00,36997,8,0,0,6.2994
493,22:25:00,22:25:00,36996,9,0,0,6.5769
493,22:27:00,22:27:00,36995,10,0,0,6.9847
493,22:29:00,22:29:00,36994,11,0,0,7.2792
493,22:31:00,22:31:00,37376,12,0,0,7.5284
493,22:33:00,22:33:00,37377,13,0,0,7.8752
493,22:36:00,22:36:00,37378,14,0,0,8.1684
493,22:40:00,22:40:00,39348,15,0,0,9.0458
494,22:29:00,22:29:00,42673,1,0,0,0.0000
494,22:31:00,22:31:00,38229,2,0,0,0.9153
494,22:33:00,22:33:00,37005,3,0,0,1.7756
494,22:35:00,22:35:00,37004,4,0,0,2.3379
494,22:37:00,22:37:00,37003,5,0,0,3.5483
494,22:38:00,22:38:00,37002,6,0,0,4.1964
494,22:41:00,22:41:00,36998,7,0,0,5.6182
494,22:44:00,22:44:00,36997,8,0,0,6.2994
494,22:45:00,22:45:00,36996,9,0,0,6.5769
494,22:47:00,22:47:00,36995,10,0,0,6.9847
494,22:49:00,22:49:00,36994,11,0,0,7.2792
494,22:51:00,22:51:00,37376,12,0,0,7.5284
494,22:53:00,22:53:00,37377,13,0,0,7.8752
494,22:56:00,22:56:00,37378,14,0,0,8.1684
494,23:00:00,23:00:00,39348,15,0,0,9.0458
495,22:49:00,22:49:00,42673,1,0,0,0.0000
495,22:51:00,22:51:00,38229,2,0,0,0.9153
495,22:53:00,22:53:00,37005,3,0,0,1.7756
495,22:55:00,22:55:00,37004,4,0,0,2.3379
495,22:57:00,22:57:00,37003,5,0,0,3.5483
495,22:58:00,22:58:00,37002,6,0,0,4.1964
495,23:01:00,23:01:00,36998,7,0,0,5.6182
495,23:04:00,23:04:00,36997,8,0,0,6.2994
495,23:05:00,23:05:00,36996,9,0,0,6.5769
495,23:07:00,23:07:00,36995,10,0,0,6.9847
495,23:09:00,23:09:00,36994,11,0,0,7.2792
495,23:11:00,23:11:00,37376,12,0,0,7.5284
495,23:13:00,23:13:00,37377,13,0,0,7.8752
495,23:16:00,23:16:00,37378,14,0,0,8.1684
495,23:20:00,23:20:00,39348,15,0,0,9.0458
496,23:09:00,23:09:00,42673,1,0,0,0.0000
496,23:11:00,23:11:00,38229,2,0,0,0.9153
496,23:13:00,23:13:00,37005,3,0,0,1.7756
496,23:15:00,23:15:00,37004,4,0,0,2.3379
496,23:17:00,23:17:00,37003,5,0,0,3.5483
496,23:18:00,23:18:00,37002,6,0,0,4.1964
496,23:21:00,23:21:00,36998,7,0,0,5.6182
496,23:24:00,23:24:00,36997,8,0,0,6.2994
496,23:25:00,23:25:00,36996,9,0,0,6.5769
496,23:27:00,23:27:00,36995,10,0,0,6.9847
496,23:29:00,23:29:00,36994,11,0,0,7.2792
496,23:31:00,23:31:00,37376,12,0,0,7.5284
496,23:33:00,23:33:00,37377,13,0,0,7.8752
496,23:36:00,23:36:00,37378,14,0,0,8.1684
496,23:40:00,23:40:00,39348,15,0,0,9.0458
497,23:29:00,23:29:00,42673,1,0,0,0.0000
497,23:31:00,23:31:00,38229,2,0,0,0.9153
497,23:33:00,23:33:00,37005,3,0,0,1.7756
497,23:35:00,23:35:00,37004,4,0,0,2.3379
497,23:37:00,23:37:00,37003,5,0,0,3.5483
497,23:38:00,23:38:00,37002,6,0,0,4.1964
497,23:41:00,23:41:00,36998,7,0,0,5.6182
497,23:44:00,23:44:00,36997,8,0,0,6.2994
497,23:45:00,23:45:00,36996,9,0,0,6.5769
497,23:47:00,23:47:00,36995,10,0,0,6.9847
497,23:49:00,23:49:00,36994,11,0,0,7.2792
497,23:51:00,23:51:00,37376,12,0,0,7.5284
497,23:53:00,23:53:00,37377,13,0,0,7.8752
497,23:56:00,23:56:00,37378,14,0,0,8.1684
497,24:00:00,24:00:00,39348,15,0,0,9.0458
498,23:49:00,23:49:00,42673,1,0,0,0.0000
498,23:51:00,23:51:00,38229,2,0,0,0.9153
498,23:53:00,23:53:00,37005,3,0,0,1.7756
498,23:55:00,23:55:00,37004,4,0,0,2.3379
498,23:57:00,23:57:00,37003,5,0,0,3.5483
498,23:58:00,23:58:00,37002,6,0,0,4.1964
498,24:01:00,24:01:00,36998,7,0,0,5.6182
498,24:04:00,24:04:00,36997,8,0,0,6.2994
498,24:05:00,24:05:00,36996,9,0,0,6.5769
498,24:07:00,24:07:00,36995,10,0,0,6.9847
498,24:09:00,24:09:00,36994,11,0,0,7.2792
498,24:11:00,24:11:00,37376,12,0,0,7.5284
498,24:13:00,24:13:00,37377,13,0,0,7.8752
498,24:16:00,24:16:00,37378,14,0,0,8.1684
498,24:20:00,24:20:00,39348,15,0,0,9.0458
499,24:20:00,24:20:00,42673,1,0,0,0.0000
499,24:22:00,24:22:00,38229,2,0,0,0.9153
499,24:24:00,24:24:00,37005,3,0,0,1.7756
499,24:26:00,24:26:00,37004,4,0,0,2.3379
499,24:28:00,24:28:00,37003,5,0,0,3.5483
499,24:29:00,24:29:00,37002,6,0,0,4.1964
499,24:32:00,24:32:00,36998,7,0,0,5.6182
499,24:35:00,24:35:00,36997,8,0,0,6.2994
499,24:36:00,24:36:00,36996,9,0,0,6.5769
499,24:38:00,24:38:00,36995,10,0,0,6.9847
499,24:40:00,24:40:00,36994,11,0,0,7.2792
499,24:42:00,24:42:00,37376,12,0,0,7.5284
499,24:44:00,24:44:00,37377,13,0,0,7.8752
499,24:47:00,24:47:00,37378,14,0,0,8.1684
499,24:51:00,24:51:00,39348,15,0,0,9.0458
500,24:54:00,24:54:00,42673,1,0,0,0.0000
500,24:56:00,24:56:00,38229,2,0,0,0.9153
500,24:58:00,24:58:00,37005,3,0,0,1.7756
500,25:00:00,25:00:00,37004,4,0,0,2.3379
500,25:02:00,25:02:00,37003,5,0,0,3.5483
500,25:03:00,25:03:00,37002,6,0,0,4.1964
500,25:06:00,25:06:00,36998,7,0,0,5.6182
500,25:09:00,25:09:00,36997,8,0,0,6.2994
500,25:10:00,25:10:00,36996,9,0,0,6.5769
500,25:12:00,25:12:00,36995,10,0,0,6.9847
500,25:14:00,25:14:00,36994,11,0,0,7.2792
500,25:16:00,25:16:00,37376,12,0,0,7.5284
500,25:18:00,25:18:00,37377,13,0,0,7.8752
500,25:21:00,25:21:00,37378,14,0,0,8.1684
500,25:25:00,25:25:00,39348,15,0,0,9.0458
501,25:24:00,25:24:00,42673,1,0,0,0.0000
501,25:26:00,25:26:00,38229,2,0,0,0.9153
501,25:28:00,25:28:00,37005,3,0,0,1.7756
501,25:30:00,25:30:00,37004,4,0,0,2.3379
501,25:32:00,25:32:00,37003,5,0,0,3.5483
501,25:33:00,25:33:00,37002,6,0,0,4.1964
501,25:36:00,25:36:00,36998,7,0,0,5.6182
501,25:39:00,25:39:00,36997,8,0,0,6.2994
501,25:40:00,25:40:00,36996,9,0,0,6.5769
501,25:42:00,25:42:00,36995,10,0,0,6.9847
501,25:44:00,25:44:00,36994,11,0,0,7.2792
501,25:46:00,25:46:00,37376,12,0,0,7.5284
501,25:48:00,25:48:00,37377,13,0,0,7.8752
501,25:51:00,25:51:00,37378,14,0,0,8.1684
501,25:55:00,25:55:00,39348,15,0,0,9.0458
502,05:36:00,05:36:00,38579,1,0,0,0.0000
502,05:38:00,05:38:00,38578,2,0,0,0.6375
502,05:40:00,05:40:00,9878,3,0,0,1.2936
502,05:43:00,05:43:00,17699,4,0,0,2.4536
502,05:46:00,05:46:00,38442,5,0,0,3.7356
502,05:47:00,05:47:00,38441,6,0,0,4.2864
502,05:53:00,05:53:00,37378,7,0,0,5.7269
502,05:55:00,05:55:00,37377,8,0,0,6.0201
502,05:57:00,05:57:00,37376,9,0,0,6.3669
502,05:59:00,05:59:00,36994,10,0,0,6.6161
502,06:01:00,06:01:00,36995,11,0,0,6.9106
502,06:03:00,06:03:00,36996,12,0,0,7.3184
502,06:04:00,06:04:00,36997,13,0,0,7.5958
502,06:07:00,06:07:00,36998,14,0,0,8.2771
502,06:10:00,06:10:00,36999,15,0,0,9.1504
502,06:12:00,06:12:00,37000,16,0,0,9.4919
502,06:14:00,06:14:00,37001,17,0,0,10.0591
503,05:56:00,05:56:00,38579,1,0,0,0.0000
503,05:58:00,05:58:00,38578,2,0,0,0.6375
503,06:00:00,06:00:00,9878,3,0,0,1.2936
503,06:03:00,06:03:00,17699,4,0,0,2.4536
503,06:06:00,06:06:00,38442,5,0,0,3.7356
503,06:07:00,06:07:00,38441,6,0,0,4.2864
503,06:13:00,06:13:00,37378,7,0,0,5.7269
503,06:15:00,06:15:00,37377,8,0,0,6.0201
503,06:17:00,06:17:00,37376,9,0,0,6.3669
503,06:19:00,06:19:00,36994,10,0,0,6.6161
503,06:21:00,06:21:00,36995,11,0,0,6.9106
503,06:23:00,06:23:00,36996,12,0,0,7.3184
503,06:24:00,06:24:00,36997,13,0,0,7.5958
503,06:27:00,06:27:00,36998,14,0,0,8.2771
503,06:30:00,06:30:00,36999,15,0,0,9.1504
503,06:32:00,06:32:00,37000,16,0,0,9.4919
503,06:34:00,06:34:00,37001,17,0,0,10.0591
504,06:16:00,06:16:00,38579,1,0,0,0.0000
504,06:18:00,06:18:00,38578,2,0,0,0.6375
504,06:20:00,06:20:00,9878,3,0,0,1.2936
504,06:23:00,06:23:00,17699,4,0,0,2.4536
504,06:26:00,06:26:00,38442,5,0,0,3.7356
504,06:27:00,06:27:00,38441,6,0,0,4.2864
504,06:33:00,06:33:00,37378,7,0,0,5.7269
504,06:35:00,06:35:00,37377,8,0,0,6.0201
504,06:37:00,06:37:00,37376,9,0,0,6.3669
504,06:39:00,06:39:00,36994,10,0,0,6.6161
504,06:41:00,06:41:00,36995,11,0,0,6.9106
504,06:43:00,06:43:00,36996,12,0,0,7.3184
504,06:44:00,06:44:00,36997,13,0,0,7.5958
504,06:47:00,06:47:00,36998,14,0,0,8.2771
504,06:50:00,06:50:00,36999,15,0,0,9.1504
504,06:52:00,06:52:00,37000,16,0,0,9.4919
504,06:54:00,06:54:00,37001,17,0,0,10.0591
505,06:36:00,06:36:00,38579,1,0,0,0.0000
505,06:38:00,06:38:00,38578,2,0,0,0.6375
505,06:40:00,06:40:00,9878,3,0,0,1.2936
505,06:43:00,06:43:00,17699,4,0,0,2.4536
505,06:46:00,06:46:00,38442,5,0,0,3.7356
505,06:47:00,06:47:00,38441,6,0,0,4.2864
505,06:53:00,06:53:00,37378,7,0,0,5.7269
505,06:55:00,06:55:00,37377,8,0,0,6.0201
505,06:57:00,06:57:00,37376,9,0,0,6.3669
505,06:59:00,06:59:00,36994,10,0,0,6.6161
505,07:01:00,07:01:00,36995,11,0,0,6.9106
505,07:03:00,07:03:00,36996,12,0,0,7.3184
505,07:04:00,07:04:00,36997,13,0,0,7.5958
505,07:07:00,07:07:00,36998,14,0,0,8.2771
505,07:10:00,07:10:00,36999,15,0,0,9.1504
505,07:12:00,07:12:00,37000,16,0,0,9.4919
505,07:14:00,07:14:00,37001,17,0,0,10.0591
506,06:56:00,06:56:00,38579,1,0,0,0.0000
506,06:58:00,06:58:00,38578,2,0,0,0.6375
506,07:00:00,07:00:00,9878,3,0,0,1.2936
506,07:03:00,07:03:00,17699,4,0,0,2.4536
506,07:06:00,07:06:00,38442,5,0,0,3.7356
506,07:07:00,07:07:00,38441,6,0,0,4.2864
506,07:13:00,07:13:00,37378,7,0,0,5.7269
506,07:15:00,07:15:00,37377,8,0,0,6.0201
506,07:17:00,07:17:00,37376,9,0,0,6.3669
506,07:19:00,07:19:00,36994,10,0,0,6.6161
506,07:21:00,07:21:00,36995,11,0,0,6.9106
506,07:23:00,07:23:00,36996,12,0,0,7.3184
506,07:24:00,07:24:00,36997,13,0,0,7.5958
506,07:27:00,07:27:00,36998,14,0,0,8.2771
506,07:30:00,07:30:00,36999,15,0,0,9.1504
506,07:32:00,07:32:00,37000,16,0,0,9.4919
506,07:34:00,07:34:00,37001,17,0,0,10.0591
507,07:16:00,07:16:00,38579,1,0,0,0.0000
507,07:18:00,07:18:00,38578,2,0,0,0.6375
507,07:20:00,07:20:00,9878,3,0,0,1.2936
507,07:23:00,07:23:00,17699,4,0,0,2.4536
507,07:26:00,07:26:00,38442,5,0,0,3.7356
507,07:27:00,07:27:00,38441,6,0,0,4.2864
507,07:33:00,07:33:00,37378,7,0,0,5.7269
507,07:35:00,07:35:00,37377,8,0,0,6.0201
507,07:37:00,07:37:00,37376,9,0,0,6.3669
507,07:39:00,07:39:00,36994,10,0,0,6.6161
507,07:41:00,07:41:00,36995,11,0,0,6.9106
507,07:43:00,07:43:00,36996,12,0,0,7.3184
507,07:44:00,07:44:00,36997,13,0,0,7.5958
507,07:47:00,07:47:00,36998,14,0,0,8.2771
507,07:50:00,07:50:00,36999,15,0,0,9.1504
507,07:52:00,07:52:00,37000,16,0,0,9.4919
507,07:54:00,07:54:00,37001,17,0,0,10.0591
508,07:36:00,07:36:00,38579,1,0,0,0.0000
508,07:38:00,07:38:00,38578,2,0,0,0.6375
508,07:40:00,07:40:00,9878,3,0,0,1.2936
508,07:43:00,07:43:00,17699,4,0,0,2.4536
508,07:46:00,07:46:00,38442,5,0,0,3.7356
508,07:47:00,07:47:00,38441,6,0,0,4.2864
508,07:53:00,07:53:00,37378,7,0,0,5.7269
508,07:55:00,07:55:00,37377,8,0,0,6.0201
508,07:57:00,07:57:00,37376,9,0,0,6.3669
508,07:59:00,07:59:00,36994,10,0,0,6.6161
508,08:01:00,08:01:00,36995,11,0,0,6.9106
508,08:03:00,08:03:00,36996,12,0,0,7.3184
508,08:04:00,08:04:00,36997,13,0,0,7.5958
508,08:07:00,08:07:00,36998,14,0,0,8.2771
508,08:10:00,08:10:00,36999,15,0,0,9.1504
508,08:12:00,08:12:00,37000,16,0,0,9.4919
508,08:14:00,08:14:00,37001,17,0,0,10.0591
509,07:56:00,07:56:00,38579,1,0,0,0.0000
509,07:58:00,07:58:00,38578,2,0,0,0.6375
509,08:00:00,08:00:00,9878,3,0,0,1.2936
509,08:03:00,08:03:00,17699,4,0,0,2.4536
509,08:06:00,08:06:00,38442,5,0,0,3.7356
509,08:07:00,08:07:00,38441,6,0,0,4.2864
509,08:13:00,08:13:00,37378,7,0,0,5.7269
509,08:15:00,08:15:00,37377,8,0,0,6.0201
509,08:17:00,08:17:00,37376,9,0,0,6.3669
509,08:19:00,08:19:00,36994,10,0,0,6.6161
509,08:21:00,08:21:00,36995,11,0,0,6.9106
509,08:23:00,08:23:00,36996,12,0,0,7.3184
509,08:24:00,08:24:00,36997,13,0,0,7.5958
509,08:27:00,08:27:00,36998,14,0,0,8.2771
509,08:30:00,08:30:00,36999,15,0,0,9.1504
509,08:32:00,08:32:00,37000,16,0,0,9.4919
509,08:34:00,08:34:00,37001,17,0,0,10.0591
510,08:16:00,08:16:00,38579,1,0,0,0.0000
510,08:18:00,08:18:00,38578,2,0,0,0.6375
510,08:20:00,08:20:00,9878,3,0,0,1.2936
510,08:23:00,08:23:00,17699,4,0,0,2.4536
510,08:26:00,08:26:00,38442,5,0,0,3.7356
510,08:27:00,08:27:00,38441,6,0,0,4.2864
510,08:33:00,08:33:00,37378,7,0,0,5.7269
510,08:35:00,08:35:00,37377,8,0,0,6.0201
510,08:37:00,08:37:00,37376,9,0,0,6.3669
510,08:39:00,08:39:00,36994,10,0,0,6.6161
510,08:41:00,08:41:00,36995,11,0,0,6.9106
510,08:43:00,08:43:00,36996,12,0,0,7.3184
510,08:44:00,08:44:00,36997,13,0,0,7.5958
510,08:47:00,08:47:00,36998,14,0,0,8.2771
510,08:50:00,08:50:00,36999,15,0,0,9.1504
510,08:52:00,08:52:00,37000,16,0,0,9.4919
510,08:54:00,08:54:00,37001,17,0,0,10.0591
511,08:36:00,08:36:00,38579,1,0,0,0.0000
511,08:38:00,08:38:00,38578,2,0,0,0.6375
511,08:40:00,08:40:00,9878,3,0,0,1.2936
511,08:43:00,08:43:00,17699,4,0,0,2.4536
511,08:46:00,08:46:00,38442,5,0,0,3.7356
511,08:47:00,08:47:00,38441,6,0,0,4.2864
511,08:53:00,08:53:00,37378,7,0,0,5.7269
511,08:55:00,08:55:00,37377,8,0,0,6.0201
511,08:57:00,08:57:00,37376,9,0,0,6.3669
511,08:59:00,08:59:00,36994,10,0,0,6.6161
511,09:01:00,09:01:00,36995,11,0,0,6.9106
511,09:03:00,09:03:00,36996,12,0,0,7.3184
511,09:04:00,09:04:00,36997,13,0,0,7.5958
511,09:07:00,09:07:00,36998,14,0,0,8.2771
511,09:10:00,09:10:00,36999,15,0,0,9.1504
511,09:12:00,09:12:00,37000,16,0,0,9.4919
511,09:14:00,09:14:00,37001,17,0,0,10.0591
512,08:56:00,08:56:00,38579,1,0,0,0.0000
512,08:58:00,08:58:00,38578,2,0,0,0.6375
512,09:00:00,09:00:00,9878,3,0,0,1.2936
512,09:03:00,09:03:00,17699,4,0,0,2.4536
512,09:06:00,09:06:00,38442,5,0,0,3.7356
512,09:07:00,09:07:00,38441,6,0,0,4.2864
512,09:13:00,09:13:00,37378,7,0,0,5.7269
512,09:15:00,09:15:00,37377,8,0,0,6.0201
512,09:17:00,09:17:00,37376,9,0,0,6.3669
512,09:19:00,09:19:00,36994,10,0,0,6.6161
512,09:21:00,09:21:00,36995,11,0,0,6.9106
512,09:23:00,09:23:00,36996,12,0,0,7.3184
512,09:24:00,09:24:00,36997,13,0,0,7.5958
512,09:27:00,09:27:00,36998,14,0,0,8.2771
512,09:30:00,09:30:00,36999,15,0,0,9.1504
512,09:32:00,09:32:00,37000,16,0,0,9.4919
512,09:34:00,09:34:00,37001,17,0,0,10.0591
513,09:16:00,09:16:00,38579,1,0,0,0.0000
513,09:18:00,09:18:00,38578,2,0,0,0.6375
513,09:20:00,09:20:00,9878,3,0,0,1.2936
513,09:23:00,09:23:00,17699,4,0,0,2.4536
513,09:26:00,09:26:00,38442,5,0,0,3.7356
513,09:27:00,09:27:00,38441,6,0,0,4.2864
513,09:33:00,09:33:00,37378,7,0,0,5.7269
513,09:35:00,09:35:00,37377,8,0,0,6.0201
513,09:37:00,09:37:00,37376,9,0,0,6.3669
513,09:39:00,09:39:00,36994,10,0,0,6.6161
513,09:41:00,09:41:00,36995,11,0,0,6.9106
513,09:43:00,09:43:00,36996,12,0,0,7.3184
513,09:44:00,09:44:00,36997,13,0,0,7.5958
513,09:47:00,09:47:00,36998,14,0,0,8.2771
513,09:50:00,09:50:00,36999,15,0,0,9.1504
513,09:52:00,09:52:00,37000,16,0,0,9.4919
513,09:54:00,09:54:00,37001,17,0,0,10.0591
514,09:36:00,09:36:00,38579,1,0,0,0.0000
514,09:38:00,09:38:00,38578,2,0,0,0.6375
514,09:40:00,09:40:00,9878,3,0,0,1.2936
514,09:43:00,09:43:00,17699,4,0,0,2.4536
514,09:46:00,09:46:00,38442,5,0,0,3.7356
514,09:47:00,09:47:00,38441,6,0,0,4.2864
514,09:53:00,09:53:00,37378,7,0,0,5.7269
514,09:55:00,09:55:00,37377,8,0,0,6.0201
514,09:57:00,09:57:00,37376,9,0,0,6.3669
514,09:59:00,09:59:00,36994,10,0,0,6.6161
514,10:01:00,10:01:00,36995,11,0,0,6.9106
514,10:03:00,10:03:00,36996,12,0,0,7.3184
514,10:04:00,10:04:00,36997,13,0,0,7.5958
514,10:07:00,10:07:00,36998,14,0,0,8.2771
514,10:10:00,10:10:00,36999,15,0,0,9.1504
514,10:12:00,10:12:00,37000,16,0,0,9.4919
514,10:14:00,10:14:00,37001,17,0,0,10.0591
515,09:56:00,09:56:00,38579,1,0,0,0.0000
515,09:58:00,09:58:00,38578,2,0,0,0.6375
515,10:00:00,10:00:00,9878,3,0,0,1.2936
515,10:03:00,10:03:00,17699,4,0,0,2.4536
515,10:06:00,10:06:00,38442,5,0,0,3.7356
515,10:07:00,10:07:00,38441,6,0,0,4.2864
515,10:13:00,10:13:00,37378,7,0,0,5.7269
515,10:15:00,10:15:00,37377,8,0,0,6.0201
515,10:17:00,10:17:00,37376,9,0,0,6.3669
515,10:19:00,10:19:00,36994,10,0,0,6.6161
515,10:21:00,10:21:00,36995,11,0,0,6.9106
515,10:23:00,10:23:00,36996,12,0,0,7.3184
515,10:24:00,10:24:00,36997,13,0,0,7.5958
515,10:27:00,10:27:00,36998,14,0,0,8.2771
515,10:30:00,10:30:00,36999,15,0,0,9.1504
515,10:32:00,10:32:00,37000,16,0,0,9.4919
515,10:34:00,10:34:00,37001,17,0,0,10.0591
516,10:16:00,10:16:00,38579,1,0,0,0.0000
516,10:18:00,10:18:00,38578,2,0,0,0.6375
516,10:20:00,10:20:00,9878,3,0,0,1.2936
516,10:23:00,10:23:00,17699,4,0,0,2.4536
516,10:26:00,10:26:00,38442,5,0,0,3.7356
516,10:27:00,10:27:00,38441,6,0,0,4.2864
516,10:33:00,10:33:00,37378,7,0,0,5.7269
516,10:35:00,10:35:00,37377,8,0,0,6.0201
516,10:37:00,10:37:00,37376,9,0,0,6.3669
516,10:39:00,10:39:00,36994,10,0,0,6.6161
516,10:41:00,10:41:00,36995,11,0,0,6.9106
516,10:43:00,10:43:00,36996,12,0,0,7.3184
516,10:44:00,10:44:00,36997,13,0,0,7.5958
516,10:47:00,10:47:00,36998,14,0,0,8.2771
516,10:50:00,10:50:00,36999,15,0,0,9.1504
516,10:52:00,10:52:00,37000,16,0,0,9.4919
516,10:54:00,10:54:00,37001,17,0,0,10.0591
517,10:36:00,10:36:00,38579,1,0,0,0.0000
517,10:38:00,10:38:00,38578,2,0,0,0.6375
517,10:40:00,10:40:00,9878,3,0,0,1.2936
517,10:43:00,10:43:00,17699,4,0,0,2.4536
517,10:46:00,10:46:00,38442,5,0,0,3.7356
517,10:47:00,10:47:00,38441,6,0,0,4.2864
517,10:53:00,10:53:00,37378,7,0,0,5.7269
517,10:55:00,10:55:00,37377,8,0,0,6.0201
517,10:57:00,10:57:00,37376,9,0,0,6.3669
517,10:59:00,10:59:00,36994,10,0,0,6.6161
517,11:01:00,11:01:00,36995,11,0,0,6.9106
517,11:03:00,11:03:00,36996,12,0,0,7.3184
517,11:04:00,11:04:00,36997,13,0,0,7.5958
517,11:07:00,11:07:00,36998,14,0,0,8.2771
517,11:10:00,11:10:00,36999,15,0,0,9.1504
517,11:12:00,11:12:00,37000,16,0,0,9.4919
517,11:14:00,11:14:00,37001,17,0,0,10.0591
518,10:56:00,10:56:00,38579,1,0,0,0.0000
518,10:58:00,10:58:00,38578,2,0,0,0.6375
518,11:00:00,11:00:00,9878,3,0,0,1.2936
518,11:03:00,11:03:00,17699,4,0,0,2.4536
518,11:06:00,11:06:00,38442,5,0,0,3.7356
518,11:07:00,11:07:00,38441,6,0,0,4.2864
518,11:13:00,11:13:00,37378,7,0,0,5.7269
518,11:15:00,11:15:00,37377,8,0,0,6.0201
518,11:17:00,11:17:00,37376,9,0,0,6.3669
518,11:19:00,11:19:00,36994,10,0,0,6.6161
518,11:21:00,11:21:00,36995,11,0,0,6.9106
518,11:23:00,11:23:00,36996,12,0,0,7.3184
518,11:24:00,11:24:00,36997,13,0,0,7.5958
518,11:27:00,11:27:00,36998,14,0,0,8.2771
518,11:30:00,11:30:00,36999,15,0,0,9.1504
518,11:32:00,11:32:00,37000,16,0,0,9.4919
518,11:34:00,11:34:00,37001,17,0,0,10.0591
519,11:16:00,11:16:00,38579,1,0,0,0.0000
519,11:18:00,11:18:00,38578,2,0,0,0.6375
519,11:20:00,11:20:00,9878,3,0,0,1.2936
519,11:23:00,11:23:00,17699,4,0,0,2.4536
519,11:26:00,11:26:00,38442,5,0,0,3.7356
519,11:27:00,11:27:00,38441,6,0,0,4.2864
519,11:33:00,11:33:00,37378,7,0,0,5.7269
519,11:35:00,11:35:00,37377,8,0,0,6.0201
519,11:37:00,11:37:00,37376,9,0,0,6.3669
519,11:39:00,11:39:00,36994,10,0,0,6.6161
519,11:41:00,11:41:00,36995,11,0,0,6.9106
519,11:43:00,11:43:00,36996,12,0,0,7.3184
519,11:44:00,11:44:00,36997,13,0,0,7.5958
519,11:47:00,11:47:00,36998,14,0,0,8.2771
519,11:50:00,11:50:00,36999,15,0,0,9.1504
519,11:52:00,11:52:00,37000,16,0,0,9.4919
519,11:54:00,11:54:00,37001,17,0,0,10.0591
520,11:36:00,11:36:00,38579,1,0,0,0.0000
520,11:38:00,11:38:00,38578,2,0,0,0.6375
520,11:40:00,11:40:00,9878,3,0,0,1.2936
520,11:43:00,11:43:00,17699,4,0,0,2.4536
520,11:46:00,11:46:00,38442,5,0,0,3.7356
520,11:47:00,11:47:00,38441,6,0,0,4.2864
520,11:53:00,11:53:00,37378,7,0,0,5.7269
520,11:55:00,11:55:00,37377,8,0,0,6.0201
520,11:57:00,11:57:00,37376,9,0,0,6.3669
520,11:59:00,11:59:00,36994,10,0,0,6.6161
520,12:01:00,12:01:00,36995,11,0,0,6.9106
520,12:03:00,12:03:00,36996,12,0,0,7.3184
520,12:04:00,12:04:00,36997,13,0,0,7.5958
520,12:07:00,12:07:00,36998,14,0,0,8.2771
520,12:10:00,12:10:00,36999,15,0,0,9.1504
520,12:12:00,12:12:00,37000,16,0,0,9.4919
520,12:14:00,12:14:00,37001,17,0,0,10.0591
521,11:56:00,11:56:00,38579,1,0,0,0.0000
521,11:58:00,11:58:00,38578,2,0,0,0.6375
521,12:00:00,12:00:00,9878,3,0,0,1.2936
521,12:03:00,12:03:00,17699,4,0,0,2.4536
521,12:06:00,12:06:00,38442,5,0,0,3.7356
521,12:07:00,12:07:00,38441,6,0,0,4.2864
521,12:13:00,12:13:00,37378,7,0,0,5.7269
521,12:15:00,12:15:00,37377,8,0,0,6.0201
521,12:17:00,12:17:00,37376,9,0,0,6.3669
521,12:19:00,12:19:00,36994,10,0,0,6.6161
521,12:21:00,12:21:00,36995,11,0,0,6.9106
521,12:23:00,12:23:00,36996,12,0,0,7.3184
521,12:24:00,12:24:00,36997,13,0,0,7.5958
521,12:27:00,12:27:00,36998,14,0,0,8.2771
521,12:30:00,12:30:00,36999,15,0,0,9.1504
521,12:32:00,12:32:00,37000,16,0,0,9.4919
521,12:34:00,12:34:00,37001,17,0,0,10.0591
522,12:16:00,12:16:00,38579,1,0,0,0.0000
522,12:18:00,12:18:00,38578,2,0,0,0.6375
522,12:20:00,12:20:00,9878,3,0,0,1.2936
522,12:23:00,12:23:00,17699,4,0,0,2.4536
522,12:26:00,12:26:00,38442,5,0,0,3.7356
522,12:27:00,12:27:00,38441,6,0,0,4.2864
522,12:33:00,12:33:00,37378,7,0,0,5.7269
522,12:35:00,12:35:00,37377,8,0,0,6.0201
522,12:37:00,12:37:00,37376,9,0,0,6.3669
522,12:39:00,12:39:00,36994,10,0,0,6.6161
522,12:41:00,12:41:00,36995,11,0,0,6.9106
522,12:43:00,12:43:00,36996,12,0,0,7.3184
522,12:44:00,12:44:00,36997,13,0,0,7.5958
522,12:47:00,12:47:00,36998,14,0,0,8.2771
522,12:50:00,12:50:00,36999,15,0,0,9.1504
522,12:52:00,12:52:00,37000,16,0,0,9.4919
522,12:54:00,12:54:00,37001,17,0,0,10.0591
523,12:36:00,12:36:00,38579,1,0,0,0.0000
523,12:38:00,12:38:00,38578,2,0,0,0.6375
523,12:40:00,12:40:00,9878,3,0,0,1.2936
523,12:43:00,12:43:00,17699,4,0,0,2.4536
523,12:46:00,12:46:00,38442,5,0,0,3.7356
523,12:47:00,12:47:00,38441,6,0,0,4.2864
523,12:53:00,12:53:00,37378,7,0,0,5.7269
523,12:55:00,12:55:00,37377,8,0,0,6.0201
523,12:57:00,12:57:00,37376,9,0,0,6.3669
523,12:59:00,12:59:00,36994,10,0,0,6.6161
523,13:01:00,13:01:00,36995,11,0,0,6.9106
523,13:03:00,13:03:00,36996,12,0,0,7.3184
523,13:04:00,13:04:00,36997,13,0,0,7.5958
523,13:07:00,13:07:00,36998,14,0,0,8.2771
523,13:10:00,13:10:00,36999,15,0,0,9.1504
523,13:12:00,13:12:00,37000,16,0,0,9.4919
523,13:14:00,13:14:00,37001,17,0,0,10.0591
524,12:56:00,12:56:00,38579,1,0,0,0.0000
524,12:58:00,12:58:00,38578,2,0,0,0.6375
524,13:00:00,13:00:00,9878,3,0,0,1.2936
524,13:03:00,13:03:00,17699,4,0,0,2.4536
524,13:06:00,13:06:00,38442,5,0,0,3.7356
524,13:07:00,13:07:00,38441,6,0,0,4.2864
524,13:13:00,13:13:00,37378,7,0,0,5.7269
524,13:15:00,13:15:00,37377,8,0,0,6.0201
524,13:17:00,13:17:00,37376,9,0,0,6.3669
524,13:19:00,13:19:00,36994,10,0,0,6.6161
524,13:21:00,13:21:00,36995,11,0,0,6.9106
524,13:23:00,13:23:00,36996,12,0,0,7.3184
524,13:24:00,13:24:00,36997,13,0,0,7.5958
524,13:27:00,13:27:00,36998,14,0,0,8.2771
524,13:30:00,13:30:00,36999,15,0,0,9.1504
524,13:32:00,13:32:00,37000,16,0,0,9.4919
524,13:34:00,13:34:00,37001,17,0,0,10.0591
525,13:16:00,13:16:00,38579,1,0,0,0.0000
525,13:18:00,13:18:00,38578,2,0,0,0.6375
525,13:20:00,13:20:00,9878,3,0,0,1.2936
525,13:23:00,13:23:00,17699,4,0,0,2.4536
525,13:26:00,13:26:00,38442,5,0,0,3.7356
525,13:27:00,13:27:00,38441,6,0,0,4.2864
525,13:33:00,13:33:00,37378,7,0,0,5.7269
525,13:35:00,13:35:00,37377,8,0,0,6.0201
525,13:37:00,13:37:00,37376,9,0,0,6.3669
525,13:39:00,13:39:00,36994,10,0,0,6.6161
525,13:41:00,13:41:00,36995,11,0,0,6.9106
525,13:43:00,13:43:00,36996,12,0,0,7.3184
525,13:44:00,13:44:00,36997,13,0,0,7.5958
525,13:47:00,13:47:00,36998,14,0,0,8.2771
525,13:50:00,13:50:00,36999,15,0,0,9.1504
525,13:52:00,13:52:00,37000,16,0,0,9.4919
525,13:54:00,13:54:00,37001,17,0,0,10.0591
526,13:36:00,13:36:00,38579,1,0,0,0.0000
526,13:38:00,13:38:00,38578,2,0,0,0.6375
526,13:40:00,13:40:00,9878,3,0,0,1.2936
526,13:43:00,13:43:00,17699,4,0,0,2.4536
526,13:46:00,13:46:00,38442,5,0,0,3.7356
526,13:47:00,13:47:00,38441,6,0,0,4.2864
526,13:53:00,13:53:00,37378,7,0,0,5.7269
526,13:55:00,13:55:00,37377,8,0,0,6.0201
526,13:57:00,13:57:00,37376,9,0,0,6.3669
526,13:59:00,13:59:00,36994,10,0,0,6.6161
526,14:01:00,14:01:00,36995,11,0,0,6.9106
526,14:03:00,14:03:00,36996,12,0,0,7.3184
526,14:04:00,14:04:00,36997,13,0,0,7.5958
526,14:07:00,14:07:00,36998,14,0,0,8.2771
526,14:10:00,14:10:00,36999,15,0,0,9.1504
526,14:12:00,14:12:00,37000,16,0,0,9.4919
526,14:14:00,14:14:00,37001,17,0,0,10.0591
527,13:56:00,13:56:00,38579,1,0,0,0.0000
527,13:58:00,13:58:00,38578,2,0,0,0.6375
527,14:00:00,14:00:00,9878,3,0,0,1.2936
527,14:03:00,14:03:00,17699,4,0,0,2.4536
527,14:06:00,14:06:00,38442,5,0,0,3.7356
527,14:07:00,14:07:00,38441,6,0,0,4.2864
527,14:13:00,14:13:00,37378,7,0,0,5.7269
527,14:15:00,14:15:00,37377,8,0,0,6.0201
527,14:17:00,14:17:00,37376,9,0,0,6.3669
527,14:19:00,14:19:00,36994,10,0,0,6.6161
527,14:21:00,14:21:00,36995,11,0,0,6.9106
527,14:23:00,14:23:00,36996,12,0,0,7.3184
527,14:24:00,14:24:00,36997,13,0,0,7.5958
527,14:27:00,14:27:00,36998,14,0,0,8.2771
527,14:30:00,14:30:00,36999,15,0,0,9.1504
527,14:32:00,14:32:00,37000,16,0,0,9.4919
527,14:34:00,14:34:00,37001,17,0,0,10.0591
528,14:16:00,14:16:00,38579,1,0,0,0.0000
528,14:18:00,14:18:00,38578,2,0,0,0.6375
528,14:20:00,14:20:00,9878,3,0,0,1.2936
528,14:23:00,14:23:00,17699,4,0,0,2.4536
528,14:26:00,14:26:00,38442,5,0,0,3.7356
528,14:27:00,14:27:00,38441,6,0,0,4.2864
528,14:33:00,14:33:00,37378,7,0,0,5.7269
528,14:35:00,14:35:00,37377,8,0,0,6.0201
528,14:37:00,14:37:00,37376,9,0,0,6.3669
528,14:39:00,14:39:00,36994,10,0,0,6.6161
528,14:41:00,14:41:00,36995,11,0,0,6.9106
528,14:43:00,14:43:00,36996,12,0,0,7.3184
528,14:44:00,14:44:00,36997,13,0,0,7.5958
528,14:47:00,14:47:00,36998,14,0,0,8.2771
528,14:50:00,14:50:00,36999,15,0,0,9.1504
528,14:52:00,14:52:00,37000,16,0,0,9.4919
528,14:54:00,14:54:00,37001,17,0,0,10.0591
529,14:36:00,14:36:00,38579,1,0,0,0.0000
529,14:38:00,14:38:00,38578,2,0,0,0.6375
529,14:40:00,14:40:00,9878,3,0,0,1.2936
529,14:43:00,14:43:00,17699,4,0,0,2.4536
529,14:46:00,14:46:00,38442,5,0,0,3.7356
529,14:47:00,14:47:00,38441,6,0,0,4.2864
529,14:53:00,14:53:00,37378,7,0,0,5.7269
529,14:55:00,14:55:00,37377,8,0,0,6.0201
529,14:57:00,14:57:00,37376,9,0,0,6.3669
529,14:59:00,14:59:00,36994,10,0,0,6.6161
529,15:01:00,15:01:00,36995,11,0,0,6.9106
529,15:03:00,15:03:00,36996,12,0,0,7.3184
529,15:04:00,15:04:00,36997,13,0,0,7.5958
529,15:07:00,15:07:00,36998,14,0,0,8.2771
529,15:10:00,15:10:00,36999,15,0,0,9.1504
529,15:12:00,15:12:00,37000,16,0,0,9.4919
529,15:14:00,15:14:00,37001,17,0,0,10.0591
530,14:56:00,14:56:00,38579,1,0,0,0.0000
530,14:58:00,14:58:00,38578,2,0,0,0.6375
530,15:00:00,15:00:00,9878,3,0,0,1.2936
530,15:03:00,15:03:00,17699,4,0,0,2.4536
530,15:06:00,15:06:00,38442,5,0,0,3.7356
530,15:07:00,15:07:00,38441,6,0,0,4.2864
530,15:13:00,15:13:00,37378,7,0,0,5.7269
530,15:15:00,15:15:00,37377,8,0,0,6.0201
530,15:17:00,15:17:00,37376,9,0,0,6.3669
530,15:19:00,15:19:00,36994,10,0,0,6.6161
530,15:21:00,15:21:00,36995,11,0,0,6.9106
530,15:23:00,15:23:00,36996,12,0,0,7.3184
530,15:24:00,15:24:00,36997,13,0,0,7.5958
530,15:27:00,15:27:00,36998,14,0,0,8.2771
530,15:30:00,15:30:00,36999,15,0,0,9.1504
530,15:32:00,15:32:00,37000,16,0,0,9.4919
530,15:34:00,15:34:00,37001,17,0,0,10.0591
531,15:16:00,15:16:00,38579,1,0,0,0.0000
531,15:18:00,15:18:00,38578,2,0,0,0.6375
531,15:20:00,15:20:00,9878,3,0,0,1.2936
531,15:23:00,15:23:00,17699,4,0,0,2.4536
531,15:26:00,15:26:00,38442,5,0,0,3.7356
531,15:27:00,15:27:00,38441,6,0,0,4.2864
531,15:33:00,15:33:00,37378,7,0,0,5.7269
531,15:35:00,15:35:00,37377,8,0,0,6.0201
531,15:37:00,15:37:00,37376,9,0,0,6.3669
531,15:39:00,15:39:00,36994,10,0,0,6.6161
531,15:41:00,15:41:00,36995,11,0,0,6.9106
531,15:43:00,15:43:00,36996,12,0,0,7.3184
531,15:44:00,15:44:00,36997,13,0,0,7.5958
531,15:47:00,15:47:00,36998,14,0,0,8.2771
531,15:50:00,15:50:00,36999,15,0,0,9.1504
531,15:52:00,15:52:00,37000,16,0,0,9.4919
531,15:54:00,15:54:00,37001,17,0,0,10.0591
532,15:36:00,15:36:00,38579,1,0,0,0.0000
532,15:38:00,15:38:00,38578,2,0,0,0.6375
532,15:40:00,15:40:00,9878,3,0,0,1.2936
532,15:43:00,15:43:00,17699,4,0,0,2.4536
532,15:46:00,15:46:00,38442,5,0,0,3.7356
532,15:47:00,15:47:00,38441,6,0,0,4.2864
532,15:53:00,15:53:00,37378,7,0,0,5.7269
532,15:55:00,15:55:00,37377,8,0,0,6.0201
532,15:57:00,15:57:00,37376,9,0,0,6.3669
532,15:59:00,15:59:00,36994,10,0,0,6.6161
532,16:01:00,16:01:00,36995,11,0,0,6.9106
532,16:03:00,16:03:00,36996,12,0,0,7.3184
532,16:04:00,16:04:00,36997,13,0,0,7.5958
532,16:07:00,16:07:00,36998,14,0,0,8.2771
532,16:10:00,16:10:00,36999,15,0,0,9.1504
532,16:12:00,16:12:00,37000,16,0,0,9.4919
532,16:14:00,16:14:00,37001,17,0,0,10.0591
533,15:56:00,15:56:00,38579,1,0,0,0.0000
533,15:58:00,15:58:00,38578,2,0,0,0.6375
533,16:00:00,16:00:00,9878,3,0,0,1.2936
533,16:03:00,16:03:00,17699,4,0,0,2.4536
533,16:06:00,16:06:00,38442,5,0,0,3.7356
533,16:07:00,16:07:00,38441,6,0,0,4.2864
533,16:13:00,16:13:00,37378,7,0,0,5.7269
533,16:15:00,16:15:00,37377,8,0,0,6.0201
533,16:17:00,16:17:00,37376,9,0,0,6.3669
533,16:19:00,16:19:00,36994,10,0,0,6.6161
533,16:21:00,16:21:00,36995,11,0,0,6.9106
533,16:23:00,16:23:00,36996,12,0,0,7.3184
533,16:24:00,16:24:00,36997,13,0,0,7.5958
533,16:27:00,16:27:00,36998,14,0,0,8.2771
533,16:30:00,16:30:00,36999,15,0,0,9.1504
533,16:32:00,16:32:00,37000,16,0,0,9.4919
533,16:34:00,16:34:00,37001,17,0,0,10.0591
534,16:16:00,16:16:00,38579,1,0,0,0.0000
534,16:18:00,16:18:00,38578,2,0,0,0.6375
534,16:20:00,16:20:00,9878,3,0,0,1.2936
534,16:23:00,16:23:00,17699,4,0,0,2.4536
534,16:26:00,16:26:00,38442,5,0,0,3.7356
534,16:27:00,16:27:00,38441,6,0,0,4.2864
534,16:33:00,16:33:00,37378,7,0,0,5.7269
534,16:35:00,16:35:00,37377,8,0,0,6.0201
534,16:37:00,16:37:00,37376,9,0,0,6.3669
534,16:39:00,16:39:00,36994,10,0,0,6.6161
534,16:41:00,16:41:00,36995,11,0,0,6.9106
534,16:43:00,16:43:00,36996,12,0,0,7.3184
534,16:44:00,16:44:00,36997,13,0,0,7.5958
534,16:47:00,16:47:00,36998,14,0,0,8.2771
534,16:50:00,16:50:00,36999,15,0,0,9.1504
534,16:52:00,16:52:00,37000,16,0,0,9.4919
534,16:54:00,16:54:00,37001,17,0,0,10.0591
535,16:36:00,16:36:00,38579,1,0,0,0.0000
535,16:38:00,16:38:00,38578,2,0,0,0.6375
535,16:40:00,16:40:00,9878,3,0,0,1.2936
535,16:43:00,16:43:00,17699,4,0,0,2.4536
535,16:46:00,16:46:00,38442,5,0,0,3.7356
535,16:47:00,16:47:00,38441,6,0,0,4.2864
535,16:53:00,16:53:00,37378,7,0,0,5.7269
535,16:55:00,16:55:00,37377,8,0,0,6.0201
535,16:57:00,16:57:00,37376,9,0,0,6.3669
535,16:59:00,16:59:00,36994,10,0,0,6.6161
535,17:01:00,17:01:00,36995,11,0,0,6.9106
535,17:03:00,17:03:00,36996,12,0,0,7.3184
535,17:04:00,17:04:00,36997,13,0,0,7.5958
535,17:07:00,17:07:00,36998,14,0,0,8.2771
535,17:10:00,17:10:00,36999,15,0,0,9.1504
535,17:12:00,17:12:00,37000,16,0,0,9.4919
535,17:14:00,17:14:00,37001,17,0,0,10.0591
536,16:56:00,16:56:00,38579,1,0,0,0.0000
536,16:58:00,16:58:00,38578,2,0,0,0.6375
536,17:00:00,17:00:00,9878,3,0,0,1.2936
536,17:03:00,17:03:00,17699,4,0,0,2.4536
536,17:06:00,17:06:00,38442,5,0,0,3.7356
536,17:07:00,17:07:00,38441,6,0,0,4.2864
536,17:13:00,17:13:00,37378,7,0,0,5.7269
536,17:15:00,17:15:00,37377,8,0,0,6.0201
536,17:17:00,17:17:00,37376,9,0,0,6.3669
536,17:19:00,17:19:00,36994,10,0,0,6.6161
536,17:21:00,17:21:00,36995,11,0,0,6.9106
536,17:23:00,17:23:00,36996,12,0,0,7.3184
536,17:24:00,17:24:00,36997,13,0,0,7.5958
536,17:27:00,17:27:00,36998,14,0,0,8.2771
536,17:30:00,17:30:00,36999,15,0,0,9.1504
536,17:32:00,17:32:00,37000,16,0,0,9.4919
536,17:34:00,17:34:00,37001,17,0,0,10.0591
537,17:16:00,17:16:00,38579,1,0,0,0.0000
537,17:18:00,17:18:00,38578,2,0,0,0.6375
537,17:20:00,17:20:00,9878,3,0,0,1.2936
537,17:23:00,17:23:00,17699,4,0,0,2.4536
537,17:26:00,17:26:00,38442,5,0,0,3.7356
537,17:27:00,17:27:00,38441,6,0,0,4.2864
537,17:33:00,17:33:00,37378,7,0,0,5.7269
537,17:35:00,17:35:00,37377,8,0,0,6.0201
537,17:37:00,17:37:00,37376,9,0,0,6.3669
537,17:39:00,17:39:00,36994,10,0,0,6.6161
537,17:41:00,17:41:00,36995,11,0,0,6.9106
537,17:43:00,17:43:00,36996,12,0,0,7.3184
537,17:44:00,17:44:00,36997,13,0,0,7.5958
537,17:47:00,17:47:00,36998,14,0,0,8.2771
537,17:50:00,17:50:00,36999,15,0,0,9.1504
537,17:52:00,17:52:00,37000,16,0,0,9.4919
537,17:54:00,17:54:00,37001,17,0,0,10.0591
538,17:36:00,17:36:00,38579,1,0,0,0.0000
538,17:38:00,17:38:00,38578,2,0,0,0.6375
538,17:40:00,17:40:00,9878,3,0,0,1.2936
538,17:43:00,17:43:00,17699,4,0,0,2.4536
538,17:46:00,17:46:00,38442,5,0,0,3.7356
538,17:47:00,17:47:00,38441,6,0,0,4.2864
538,17:53:00,17:53:00,37378,7,0,0,5.7269
538,17:55:00,17:55:00,37377,8,0,0,6.0201
538,17:57:00,17:57:00,37376,9,0,0,6.3669
538,17:59:00,17:59:00,36994,10,0,0,6.6161
538,18:01:00,18:01:00,36995,11,0,0,6.9106
538,18:03:00,18:03:00,36996,12,0,0,7.3184
538,18:04:00,18:04:00,36997,13,0,0,7.5958
538,18:07:00,18:07:00,36998,14,0,0,8.2771
538,18:10:00,18:10:00,36999,15,0,0,9.1504
538,18:12:00,18:12:00,37000,16,0,0,9.4919
538,18:14:00,18:14:00,37001,17,0,0,10.0591
539,17:56:00,17:56:00,38579,1,0,0,0.0000
539,17:58:00,17:58:00,38578,2,0,0,0.6375
539,18:00:00,18:00:00,9878,3,0,0,1.2936
539,18:03:00,18:03:00,17699,4,0,0,2.4536
539,18:06:00,18:06:00,38442,5,0,0,3.7356
539,18:07:00,18:07:00,38441,6,0,0,4.2864
539,18:13:00,18:13:00,37378,7,0,0,5.7269
539,18:15:00,18:15:00,37377,8,0,0,6.0201
539,18:17:00,18:17:00,37376,9,0,0,6.3669
539,18:19:00,18:19:00,36994,10,0,0,6.6161
539,18:21:00,18:21:00,36995,11,0,0,6.9106
539,18:23:00,18:23:00,36996,12,0,0,7.3184
539,18:24:00,18:24:00,36997,13,0,0,7.5958
539,18:27:00,18:27:00,36998,14,0,0,8.2771
539,18:30:00,18:30:00,36999,15,0,0,9.1504
539,18:32:00,18:32:00,37000,16,0,0,9.4919
539,18:34:00,18:34:00,37001,17,0,0,10.0591
540,18:16:00,18:16:00,38579,1,0,0,0.0000
540,18:18:00,18:18:00,38578,2,0,0,0.6375
540,18:20:00,18:20:00,9878,3,0,0,1.2936
540,18:23:00,18:23:00,17699,4,0,0,2.4536
540,18:26:00,18:26:00,38442,5,0,0,3.7356
540,18:27:00,18:27:00,38441,6,0,0,4.2864
540,18:33:00,18:33:00,37378,7,0,0,5.7269
540,18:35:00,18:35:00,37377,8,0,0,6.0201
540,18:37:00,18:37:00,37376,9,0,0,6.3669
540,18:39:00,18:39:00,36994,10,0,0,6.6161
540,18:41:00,18:41:00,36995,11,0,0,6.9106
540,18:43:00,18:43:00,36996,12,0,0,7.3184
540,18:44:00,18:44:00,36997,13,0,0,7.5958
540,18:47:00,18:47:00,36998,14,0,0,8.2771
540,18:50:00,18:50:00,36999,15,0,0,9.1504
540,18:52:00,18:52:00,37000,16,0,0,9.4919
540,18:54:00,18:54:00,37001,17,0,0,10.0591
541,18:36:00,18:36:00,38579,1,0,0,0.0000
541,18:38:00,18:38:00,38578,2,0,0,0.6375
541,18:40:00,18:40:00,9878,3,0,0,1.2936
541,18:43:00,18:43:00,17699,4,0,0,2.4536
541,18:46:00,18:46:00,38442,5,0,0,3.7356
541,18:47:00,18:47:00,38441,6,0,0,4.2864
541,18:53:00,18:53:00,37378,7,0,0,5.7269
541,18:55:00,18:55:00,37377,8,0,0,6.0201
541,18:57:00,18:57:00,37376,9,0,0,6.3669
541,18:59:00,18:59:00,36994,10,0,0,6.6161
541,19:01:00,19:01:00,36995,11,0,0,6.9106
541,19:03:00,19:03:00,36996,12,0,0,7.3184
541,19:04:00,19:04:00,36997,13,0,0,7.5958
541,19:07:00,19:07:00,36998,14,0,0,8.2771
541,19:10:00,19:10:00,36999,15,0,0,9.1504
541,19:12:00,19:12:00,37000,16,0,0,9.4919
541,19:14:00,19:14:00,37001,17,0,0,10.0591
542,18:56:00,18:56:00,38579,1,0,0,0.0000
542,18:58:00,18:58:00,38578,2,0,0,0.6375
542,19:00:00,19:00:00,9878,3,0,0,1.2936
542,19:03:00,19:03:00,17699,4,0,0,2.4536
542,19:06:00,19:06:00,38442,5,0,0,3.7356
542,19:07:00,19:07:00,38441,6,0,0,4.2864
542,19:13:00,19:13:00,37378,7,0,0,5.7269
