2855,07:30:00,07:30:00,125,1,0,0,0.0000
2855,07:35:00,07:35:00,124,2,0,0,7.8261
2856,08:00:00,08:00:00,125,1,0,0,0.0000
2856,08:05:00,08:05:00,124,2,0,0,7.8261
2857,08:33:00,08:33:00,125,1,0,0,0.0000
2857,08:38:00,08:38:00,124,2,0,0,7.8261
2858,09:13:00,09:13:00,125,1,0,0,0.0000
2858,09:18:00,09:18:00,124,2,0,0,7.8261
2859,09:37:00,09:37:00,125,1,0,0,0.0000
2859,09:42:00,09:42:00,124,2,0,0,7.8261
2860,10:05:00,10:05:00,125,1,0,0,0.0000
2860,10:10:00,10:10:00,124,2,0,0,7.8261
2861,11:05:00,11:05:00,125,1,0,0,0.0000
2861,11:10:00,11:10:00,124,2,0,0,7.8261
2862,11:27:00,11:27:00,125,1,0,0,0.0000
2862,11:32:00,11:32:00,124,2,0,0,7.8261
2863,12:04:00,12:04:00,125,1,0,0,0.0000
2863,12:09:00,12:09:00,124,2,0,0,7.8261
2864,12:28:00,12:28:00,125,1,0,0,0.0000
2864,12:33:00,12:33:00,124,2,0,0,7.8261
2865,13:01:00,13:01:00,125,1,0,0,0.0000
2865,13:06:00,13:06:00,124,2,0,0,7.8261
2866,13:25:00,13:25:00,125,1,0,0,0.0000
2866,13:30:00,13:30:00,124,2,0,0,7.8261
2867,13:58:00,13:58:00,125,1,0,0,0.0000
2867,14:03:00,14:03:00,124,2,0,0,7.8261
2868,14:23:00,14:23:00,125,1,0,0,0.0000
2868,14:28:00,14:28:00,124,2,0,0,7.8261
2869,15:02:00,15:02:00,125,1,0,0,0.0000
2869,15:07:00,15:07:00,124,2,0,0,7.8261
2870,15:27:00,15:27:00,125,1,0,0,0.0000
2870,15:32:00,15:32:00,124,2,0,0,7.8261
2871,16:04:00,16:04:00,125,1,0,0,0.0000
2871,16:09:00,16:09:00,124,2,0,0,7.8261
2872,16:28:00,16:28:00,125,1,0,0,0.0000
2872,16:33:00,16:33:00,124,2,0,0,7.8261
2873,16:48:00,16:48:00,125,1,0,0,0.0000
2873,16:53:00,16:53:00,124,2,0,0,7.8261
2874,17:16:00,17:16:00,125,1,0,0,0.0000
2874,17:21:00,17:21:00,124,2,0,0,7.8261
2875,18:00:00,18:00:00,125,1,0,0,0.0000
2875,18:05:00,18:05:00,124,2,0,0,7.8261
2876,18:25:00,18:25:00,125,1,0,0,0.0000
2876,18:30:00,18:30:00,124,2,0,0,7.8261
2877,18:45:00,18:45:00,125,1,0,0,0.0000
2877,18:50:00,18:50:00,124,2,0,0,7.8261
2878,19:05:00,19:05:00,125,1,0,0,0.0000
2878,19:10:00,19:10:00,124,2,0,0,7.8261
2879,19:25:00,19:25:00,125,1,0,0,0.0000
2879,19:30:00,19:30:00,124,2,0,0,7.8261
2880,19:45:00,19:45:00,125,1,0,0,0.0000
2880,19:50:00,19:50:00,124,2,0,0,7.8261
2881,20:12:00,20:12:00,125,1,0,0,0.0000
2881,20:17:00,20:17:00,124,2,0,0,7.8261
2882,20:53:00,20:53:00,125,1,0,0,0.0000
2882,20:58:00,20:58:00,124,2,0,0,7.8261
2883,21:54:00,21:54:00,125,1,0,0,0.0000
2883,21:59:00,21:59:00,124,2,0,0,7.8261
2884,22:21:00,22:21:00,125,1,0,0,0.0000
2884,22:26:00,22:26:00,124,2,0,0,7.8261
2885,22:52:00,22:52:00,125,1,0,0,0.0000
2885,22:57:00,22:57:00,124,2,0,0,7.8261
2886,23:28:00,23:28:00,125,1,0,0,0.0000
2886,23:33:00,23:33:00,124,2,0,0,7.8261
2887,21:23:00,21:23:00,125,1,0,0,0.0000
2887,21:33:00,21:33:00,124,2,0,0,7.8261
2888,06:41:00,06:41:00,129,1,0,0,0.0000
2888,06:44:00,06:44:00,138,2,0,0,1.1678
2888,06:48:00,06:48:00,24,3,0,0,4.5040
2888,06:50:00,06:50:00,21,4,0,0,5.6150
2888,06:56:00,06:56:00,36,5,0,0,9.8566
2888,07:01:00,07:01:00,120,6,0,0,12.7966
2888,07:06:00,07:06:00,102,7,0,0,13.9413
2888,07:09:00,07:09:00,44,8,0,0,15.1926
2888,07:14:00,07:14:00,155,9,0,0,17.2812
2888,07:18:00,07:18:00,32,10,0,0,21.9133
2888,07:23:00,07:23:00,31,11,0,0,24.0633
2888,07:27:00,07:27:00,38105,12,0,0,25.9153
2888,07:39:00,07:39:00,107,13,0,0,31.1725
2889,23:38:00,23:38:00,129,1,0,0,0.0000
2889,23:41:00,23:41:00,138,2,0,0,1.1678
2889,23:45:00,23:45:00,24,3,0,0,4.5040
2889,23:48:00,23:48:00,21,4,0,0,5.6150
2889,23:54:00,23:54:00,36,5,0,0,9.8566
2889,23:59:00,23:59:00,120,6,0,0,12.7966
2889,24:02:00,24:02:00,102,7,0,0,13.9413
2889,24:05:00,24:05:00,44,8,0,0,15.1926
2889,24:10:00,24:10:00,155,9,0,0,17.2812
2889,24:14:00,24:14:00,32,10,0,0,21.9133
2889,24:20:00,24:20:00,31,11,0,0,24.0633
2889,24:24:00,24:24:00,38105,12,0,0,25.9153
2889,24:38:00,24:38:00,107,13,0,0,31.1725
2890,06:14:00,06:14:00,129,1,0,0,0.0000
2890,06:17:00,06:17:00,138,2,0,0,1.1678
2890,06:21:00,06:21:00,24,3,0,0,4.5040
2890,06:24:00,06:24:00,21,4,0,0,5.6150
2890,06:30:00,06:30:00,36,5,0,0,9.8566
2890,06:35:00,06:35:00,120,6,0,0,12.7966
2890,06:38:00,06:38:00,102,7,0,0,13.9413
2890,06:42:00,06:42:00,44,8,0,0,15.1926
2890,06:47:00,06:47:00,155,9,0,0,17.2812
2890,06:52:00,06:52:00,32,10,0,0,21.9133
2890,06:57:00,06:57:00,31,11,0,0,24.0633
2890,07:01:00,07:01:00,38105,12,0,0,25.9153
2890,07:14:00,07:14:00,107,13,0,0,31.1725
2891,07:18:00,07:18:00,129,1,0,0,0.0000
2891,07:21:00,07:21:00,138,2,0,0,1.1678
2891,07:25:00,07:25:00,24,3,0,0,4.5040
2891,07:28:00,07:28:00,21,4,0,0,5.6150
2891,07:34:00,07:34:00,36,5,0,0,9.8566
2891,07:39:00,07:39:00,120,6,0,0,12.7966
2891,07:42:00,07:42:00,102,7,0,0,13.9413
2891,07:46:00,07:46:00,44,8,0,0,15.1926
2891,07:51:00,07:51:00,155,9,0,0,17.2812
2891,07:56:00,07:56:00,32,10,0,0,21.9133
2891,08:01:00,08:01:00,31,11,0,0,24.0633
2891,08:05:00,08:05:00,38105,12,0,0,25.9153
2891,08:17:00,08:17:00,107,13,0,0,31.1725
2892,09:16:00,09:16:00,129,1,0,0,0.0000
2892,09:19:00,09:19:00,138,2,0,0,1.1678
2892,09:23:00,09:23:00,24,3,0,0,4.5040
2892,09:26:00,09:26:00,21,4,0,0,5.6150
2892,09:32:00,09:32:00,36,5,0,0,9.8566
2892,09:37:00,09:37:00,120,6,0,0,12.7966
2892,09:40:00,09:40:00,102,7,0,0,13.9413
2892,09:44:00,09:44:00,44,8,0,0,15.1926
2892,09:49:00,09:49:00,155,9,0,0,17.2812
2892,09:54:00,09:54:00,32,10,0,0,21.9133
2892,09:59:00,09:59:00,31,11,0,0,24.0633
2892,10:03:00,10:03:00,38105,12,0,0,25.9153
2892,10:15:00,10:15:00,107,13,0,0,31.1725
2893,11:16:00,11:16:00,129,1,0,0,0.0000
2893,11:19:00,11:19:00,138,2,0,0,1.1678
2893,11:23:00,11:23:00,24,3,0,0,4.5040
2893,11:26:00,11:26:00,21,4,0,0,5.6150
2893,11:32:00,11:32:00,36,5,0,0,9.8566
2893,11:37:00,11:37:00,120,6,0,0,12.7966
2893,11:40:00,11:40:00,102,7,0,0,13.9413
2893,11:44:00,11:44:00,44,8,0,0,15.1926
2893,11:49:00,11:49:00,155,9,0,0,17.2812
2893,11:54:00,11:54:00,32,10,0,0,21.9133
2893,11:59:00,11:59:00,31,11,0,0,24.0633
2893,12:03:00,12:03:00,38105,12,0,0,25.9153
2893,12:15:00,12:15:00,107,13,0,0,31.1725
2894,12:16:00,12:16:00,129,1,0,0,0.0000
2894,12:19:00,12:19:00,138,2,0,0,1.1678
2894,12:23:00,12:23:00,24,3,0,0,4.5040
2894,12:26:00,12:26:00,21,4,0,0,5.6150
2894,12:32:00,12:32:00,36,5,0,0,9.8566
2894,12:37:00,12:37:00,120,6,0,0,12.7966
2894,12:40:00,12:40:00,102,7,0,0,13.9413
2894,12:44:00,12:44:00,44,8,0,0,15.1926
2894,12:49:00,12:49:00,155,9,0,0,17.2812
2894,12:54:00,12:54:00,32,10,0,0,21.9133
2894,12:59:00,12:59:00,31,11,0,0,24.0633
2894,13:03:00,13:03:00,38105,12,0,0,25.9153
2894,13:15:00,13:15:00,107,13,0,0,31.1725
2895,13:16:00,13:16:00,129,1,0,0,0.0000
2895,13:19:00,13:19:00,138,2,0,0,1.1678
2895,13:23:00,13:23:00,24,3,0,0,4.5040
2895,13:26:00,13:26:00,21,4,0,0,5.6150
2895,13:32:00,13:32:00,36,5,0,0,9.8566
2895,13:37:00,13:37:00,120,6,0,0,12.7966
2895,13:40:00,13:40:00,102,7,0,0,13.9413
2895,13:44:00,13:44:00,44,8,0,0,15.1926
2895,13:49:00,13:49:00,155,9,0,0,17.2812
2895,13:54:00,13:54:00,32,10,0,0,21.9133
2895,13:59:00,13:59:00,31,11,0,0,24.0633
2895,14:03:00,14:03:00,38105,12,0,0,25.9153
2895,14:15:00,14:15:00,107,13,0,0,31.1725
2896,14:16:00,14:16:00,129,1,0,0,0.0000
2896,14:19:00,14:19:00,138,2,0,0,1.1678
2896,14:23:00,14:23:00,24,3,0,0,4.5040
2896,14:26:00,14:26:00,21,4,0,0,5.6150
2896,14:32:00,14:32:00,36,5,0,0,9.8566
2896,14:37:00,14:37:00,120,6,0,0,12.7966
2896,14:40:00,14:40:00,102,7,0,0,13.9413
2896,14:44:00,14:44:00,44,8,0,0,15.1926
2896,14:49:00,14:49:00,155,9,0,0,17.2812
2896,14:54:00,14:54:00,32,10,0,0,21.9133
2896,14:59:00,14:59:00,31,11,0,0,24.0633
2896,15:03:00,15:03:00,38105,12,0,0,25.9153
2896,15:15:00,15:15:00,107,13,0,0,31.1725
2897,15:16:00,15:16:00,129,1,0,0,0.0000
2897,15:19:00,15:19:00,138,2,0,0,1.1678
2897,15:23:00,15:23:00,24,3,0,0,4.5040
2897,15:26:00,15:26:00,21,4,0,0,5.6150
2897,15:32:00,15:32:00,36,5,0,0,9.8566
2897,15:37:00,15:37:00,120,6,0,0,12.7966
2897,15:40:00,15:40:00,102,7,0,0,13.9413
2897,15:44:00,15:44:00,44,8,0,0,15.1926
2897,15:49:00,15:49:00,155,9,0,0,17.2812
2897,15:54:00,15:54:00,32,10,0,0,21.9133
2897,15:59:00,15:59:00,31,11,0,0,24.0633
2897,16:03:00,16:03:00,38105,12,0,0,25.9153
2897,16:15:00,16:15:00,107,13,0,0,31.1725
2898,16:16:00,16:16:00,129,1,0,0,0.0000
2898,16:19:00,16:19:00,138,2,0,0,1.1678
2898,16:23:00,16:23:00,24,3,0,0,4.5040
2898,16:26:00,16:26:00,21,4,0,0,5.6150
2898,16:32:00,16:32:00,36,5,0,0,9.8566
2898,16:37:00,16:37:00,120,6,0,0,12.7966
2898,16:40:00,16:40:00,102,7,0,0,13.9413
2898,16:44:00,16:44:00,44,8,0,0,15.1926
2898,16:49:00,16:49:00,155,9,0,0,17.2812
2898,16:54:00,16:54:00,32,10,0,0,21.9133
2898,16:59:00,16:59:00,31,11,0,0,24.0633
2898,17:03:00,17:03:00,38105,12,0,0,25.9153
2898,17:15:00,17:15:00,107,13,0,0,31.1725
2899,17:16:00,17:16:00,129,1,0,0,0.0000
2899,17:19:00,17:19:00,138,2,0,0,1.1678
2899,17:23:00,17:23:00,24,3,0,0,4.5040
2899,17:26:00,17:26:00,21,4,0,0,5.6150
2899,17:32:00,17:32:00,36,5,0,0,9.8566
2899,17:37:00,17:37:00,120,6,0,0,12.7966
2899,17:40:00,17:40:00,102,7,0,0,13.9413
2899,17:44:00,17:44:00,44,8,0,0,15.1926
2899,17:49:00,17:49:00,155,9,0,0,17.2812
2899,17:54:00,17:54:00,32,10,0,0,21.9133
2899,17:59:00,17:59:00,31,11,0,0,24.0633
2899,18:03:00,18:03:00,38105,12,0,0,25.9153
2899,18:15:00,18:15:00,107,13,0,0,31.1725
2900,18:16:00,18:16:00,129,1,0,0,0.0000
2900,18:19:00,18:19:00,138,2,0,0,1.1678
2900,18:23:00,18:23:00,24,3,0,0,4.5040
2900,18:26:00,18:26:00,21,4,0,0,5.6150
2900,18:32:00,18:32:00,36,5,0,0,9.8566
2900,18:37:00,18:37:00,120,6,0,0,12.7966
2900,18:40:00,18:40:00,102,7,0,0,13.9413
2900,18:44:00,18:44:00,44,8,0,0,15.1926
2900,18:49:00,18:49:00,155,9,0,0,17.2812
2900,18:54:00,18:54:00,32,10,0,0,21.9133
2900,18:59:00,18:59:00,31,11,0,0,24.0633
2900,19:03:00,19:03:00,38105,12,0,0,25.9153
2900,19:15:00,19:15:00,107,13,0,0,31.1725
2901,19:16:00,19:16:00,129,1,0,0,0.0000
2901,19:19:00,19:19:00,138,2,0,0,1.1678
2901,19:23:00,19:23:00,24,3,0,0,4.5040
2901,19:26:00,19:26:00,21,4,0,0,5.6150
2901,19:32:00,19:32:00,36,5,0,0,9.8566
2901,19:37:00,19:37:00,120,6,0,0,12.7966
2901,19:40:00,19:40:00,102,7,0,0,13.9413
2901,19:44:00,19:44:00,44,8,0,0,15.1926
2901,19:49:00,19:49:00,155,9,0,0,17.2812
2901,19:54:00,19:54:00,32,10,0,0,21.9133
2901,19:59:00,19:59:00,31,11,0,0,24.0633
2901,20:03:00,20:03:00,38105,12,0,0,25.9153
2901,20:15:00,20:15:00,107,13,0,0,31.1725
2902,20:16:00,20:16:00,129,1,0,0,0.0000
2902,20:19:00,20:19:00,138,2,0,0,1.1678
2902,20:23:00,20:23:00,24,3,0,0,4.5040
2902,20:26:00,20:26:00,21,4,0,0,5.6150
2902,20:32:00,20:32:00,36,5,0,0,9.8566
2902,20:37:00,20:37:00,120,6,0,0,12.7966
2902,20:40:00,20:40:00,102,7,0,0,13.9413
2902,20:44:00,20:44:00,44,8,0,0,15.1926
2902,20:49:00,20:49:00,155,9,0,0,17.2812
2902,20:54:00,20:54:00,32,10,0,0,21.9133
2902,20:59:00,20:59:00,31,11,0,0,24.0633
2902,21:03:00,21:03:00,38105,12,0,0,25.9153
2902,21:15:00,21:15:00,107,13,0,0,31.1725
2903,21:16:00,21:16:00,129,1,0,0,0.0000
2903,21:19:00,21:19:00,138,2,0,0,1.1678
2903,21:23:00,21:23:00,24,3,0,0,4.5040
2903,21:26:00,21:26:00,21,4,0,0,5.6150
2903,21:32:00,21:32:00,36,5,0,0,9.8566
2903,21:37:00,21:37:00,120,6,0,0,12.7966
2903,21:40:00,21:40:00,102,7,0,0,13.9413
2903,21:44:00,21:44:00,44,8,0,0,15.1926
2903,21:49:00,21:49:00,155,9,0,0,17.2812
2903,21:54:00,21:54:00,32,10,0,0,21.9133
2903,21:59:00,21:59:00,31,11,0,0,24.0633
2903,22:03:00,22:03:00,38105,12,0,0,25.9153
2903,22:15:00,22:15:00,107,13,0,0,31.1725
2904,22:16:00,22:16:00,129,1,0,0,0.0000
2904,22:19:00,22:19:00,138,2,0,0,1.1678
2904,22:23:00,22:23:00,24,3,0,0,4.5040
2904,22:26:00,22:26:00,21,4,0,0,5.6150
2904,22:32:00,22:32:00,36,5,0,0,9.8566
2904,22:37:00,22:37:00,120,6,0,0,12.7966
2904,22:40:00,22:40:00,102,7,0,0,13.9413
2904,22:44:00,22:44:00,44,8,0,0,15.1926
2904,22:49:00,22:49:00,155,9,0,0,17.2812
2904,22:54:00,22:54:00,32,10,0,0,21.9133
2904,22:59:00,22:59:00,31,11,0,0,24.0633
2904,23:03:00,23:03:00,38105,12,0,0,25.9153
2904,23:15:00,23:15:00,107,13,0,0,31.1725
2905,08:14:00,08:14:00,129,1,0,0,0.0000
2905,08:17:00,08:17:00,138,2,0,0,1.1678
2905,08:21:00,08:21:00,24,3,0,0,4.5040
2905,08:24:00,08:24:00,21,4,0,0,5.6150
2905,08:30:00,08:30:00,36,5,0,0,9.8566
2905,08:35:00,08:35:00,120,6,0,0,12.7966
2905,08:38:00,08:38:00,102,7,0,0,13.9413
2905,08:42:00,08:42:00,44,8,0,0,15.1926
2905,08:47:00,08:47:00,155,9,0,0,17.2812
2905,08:50:00,08:50:00,47,10,0,0,18.4964
2905,08:54:00,08:54:00,32,11,0,0,19.6621
2905,08:59:00,08:59:00,31,12,0,0,21.8301
2905,09:03:00,09:03:00,38105,13,0,0,23.6822
2905,09:15:00,09:15:00,107,14,0,0,28.9394
2906,10:14:00,10:14:00,129,1,0,0,0.0000
2906,10:17:00,10:17:00,138,2,0,0,1.1678
2906,10:21:00,10:21:00,24,3,0,0,4.5040
2906,10:24:00,10:24:00,21,4,0,0,5.6150
2906,10:30:00,10:30:00,36,5,0,0,9.8566
2906,10:35:00,10:35:00,120,6,0,0,12.7966
2906,10:38:00,10:38:00,102,7,0,0,13.9413
2906,10:42:00,10:42:00,44,8,0,0,15.1926
2906,10:47:00,10:47:00,155,9,0,0,17.2812
2906,10:50:00,10:50:00,47,10,0,0,18.4964
2906,10:54:00,10:54:00,32,11,0,0,19.6621
2906,10:59:00,10:59:00,31,12,0,0,21.8301
2906,11:03:00,11:03:00,38105,13,0,0,23.6822
2906,11:15:00,11:15:00,107,14,0,0,28.9394
2907,06:31:00,06:31:00,129,1,0,0,0.0000
2907,06:34:00,06:34:00,138,2,0,0,1.1678
2907,06:39:00,06:39:00,24,3,0,0,4.5040
2907,06:49:00,06:49:00,120,4,0,0,12.7964
2907,06:52:00,06:52:00,102,5,0,0,13.9411
2907,06:56:00,06:56:00,44,6,0,0,15.1924
2907,07:01:00,07:01:00,47,7,0,0,18.4962
2907,07:09:00,07:09:00,31,8,0,0,21.7877
2907,07:13:00,07:13:00,38105,9,0,0,23.6341
2907,07:26:00,07:26:00,107,10,0,0,28.8913
2908,06:19:00,06:19:00,60,1,0,0,0.0000
2908,06:23:00,06:23:00,6,2,0,0,1.7983
2908,06:27:00,06:27:00,68,3,0,0,4.1822
2908,06:33:00,06:33:00,157,4,0,0,7.9657
2908,06:40:00,06:40:00,108,5,0,0,12.8652
2908,06:49:00,06:49:00,129,6,0,0,16.3420
2908,06:52:00,06:52:00,138,7,0,0,17.5091
2908,06:58:00,06:58:00,21,8,0,0,21.9506
2908,07:05:00,07:05:00,36,9,0,0,26.1920
2908,07:16:00,07:16:00,155,10,0,0,33.6167
2908,07:21:00,07:21:00,32,11,0,0,38.2487
2908,07:40:00,07:40:00,107,12,0,0,47.4947
2909,05:51:00,05:51:00,60,1,0,0,0.0000
2909,05:55:00,05:55:00,6,2,0,0,1.7983
2909,05:59:00,05:59:00,68,3,0,0,4.1822
2909,06:05:00,06:05:00,157,4,0,0,7.9657
2909,06:12:00,06:12:00,108,5,0,0,12.8652
2909,06:20:00,06:20:00,129,6,0,0,16.3420
2909,06:23:00,06:23:00,138,7,0,0,17.5091
2909,06:30:00,06:30:00,21,8,0,0,21.9506
2909,06:36:00,06:36:00,36,9,0,0,26.1920
2909,06:47:00,06:47:00,155,10,0,0,33.6167
2909,06:52:00,06:52:00,32,11,0,0,38.2487
2909,07:10:00,07:10:00,107,12,0,0,47.4947
2910,06:41:00,06:41:00,60,1,0,0,0.0000
2910,06:45:00,06:45:00,6,2,0,0,1.7983
2910,06:49:00,06:49:00,68,3,0,0,4.1822
2910,06:55:00,06:55:00,157,4,0,0,7.9657
2910,07:02:00,07:02:00,108,5,0,0,12.8652
2910,07:11:00,07:11:00,129,6,0,0,16.3420
2910,07:14:00,07:14:00,138,7,0,0,17.5091
2910,07:19:00,07:19:00,24,8,0,0,20.8453
2910,07:22:00,07:22:00,21,9,0,0,21.9563
2910,07:29:00,07:29:00,36,10,0,0,26.1979
2910,07:39:00,07:39:00,155,11,0,0,33.6225
2910,08:03:00,08:03:00,107,12,0,0,45.2328
2911,06:55:00,06:55:00,129,1,0,0,0.0000
2911,06:58:00,06:58:00,138,2,0,0,1.1678
2911,07:03:00,07:03:00,24,3,0,0,4.5040
2911,07:06:00,07:06:00,21,4,0,0,5.6150
2911,07:13:00,07:13:00,36,5,0,0,9.8566
2911,07:18:00,07:18:00,120,6,0,0,12.7966
2911,07:21:00,07:21:00,102,7,0,0,13.9413
2911,07:25:00,07:25:00,44,8,0,0,15.1926
2911,07:31:00,07:31:00,32,9,0,0,21.9133
2911,07:38:00,07:38:00,31,10,0,0,24.0633
2911,07:42:00,07:42:00,38105,11,0,0,25.9153
2911,07:54:00,07:54:00,107,12,0,0,31.1725
2912,23:38:00,23:38:00,129,1,0,0,0.0000
2912,23:41:00,23:41:00,138,2,0,0,1.1678
2912,23:45:00,23:45:00,24,3,0,0,4.5040
2912,23:48:00,23:48:00,21,4,0,0,5.6150
2912,23:54:00,23:54:00,36,5,0,0,9.8566
2912,23:59:00,23:59:00,120,6,0,0,12.7966
2912,24:02:00,24:02:00,102,7,0,0,13.9413
2912,24:05:00,24:05:00,44,8,0,0,15.1926
2912,24:10:00,24:10:00,155,9,0,0,17.2812
2912,24:14:00,24:14:00,32,10,0,0,21.9133
2912,24:20:00,24:20:00,31,11,0,0,24.0633
2912,24:24:00,24:24:00,38105,12,0,0,25.9153
2912,24:38:00,24:38:00,107,13,0,0,31.1725
2913,07:37:00,07:37:00,129,1,0,0,0.0000
2913,07:40:00,07:40:00,138,2,0,0,1.1678
2913,07:45:00,07:45:00,24,3,0,0,4.5040
2913,07:48:00,07:48:00,21,4,0,0,5.6150
2913,07:54:00,07:54:00,36,5,0,0,9.8566
2913,07:59:00,07:59:00,120,6,0,0,12.7966
2913,08:03:00,08:03:00,102,7,0,0,13.9413
2913,08:07:00,08:07:00,44,8,0,0,15.1926
2913,08:12:00,08:12:00,155,9,0,0,17.2812
2913,08:17:00,08:17:00,32,10,0,0,21.9133
2913,08:22:00,08:22:00,31,11,0,0,24.0633
2913,08:26:00,08:26:00,38105,12,0,0,25.9153
2913,08:38:00,08:38:00,107,13,0,0,31.1725
2914,13:47:00,13:47:00,129,1,0,0,0.0000
2914,13:50:00,13:50:00,138,2,0,0,1.1678
2914,13:55:00,13:55:00,24,3,0,0,4.5040
2914,13:58:00,13:58:00,21,4,0,0,5.6150
2914,14:05:00,14:05:00,36,5,0,0,9.8566
2914,14:10:00,14:10:00,120,6,0,0,12.7966
2914,14:14:00,14:14:00,102,7,0,0,13.9413
2914,14:18:00,14:18:00,44,8,0,0,15.1926
2914,14:23:00,14:23:00,155,9,0,0,17.2812
2914,14:28:00,14:28:00,32,10,0,0,21.9133
2914,14:34:00,14:34:00,31,11,0,0,24.0633
2914,14:38:00,14:38:00,38105,12,0,0,25.9153
2914,14:48:00,14:48:00,107,13,0,0,31.1725
2915,04:31:00,04:31:00,129,1,0,0,0.0000
2915,04:34:00,04:34:00,138,2,0,0,1.1678
2915,04:39:00,04:39:00,24,3,0,0,4.5040
2915,04:42:00,04:42:00,21,4,0,0,5.6150
2915,04:48:00,04:48:00,36,5,0,0,9.8566
2915,04:53:00,04:53:00,120,6,0,0,12.7966
2915,04:56:00,04:56:00,102,7,0,0,13.9413
2915,04:59:00,04:59:00,44,8,0,0,15.1926
2915,05:04:00,05:04:00,155,9,0,0,17.2812
2915,05:08:00,05:08:00,32,10,0,0,21.9133
2915,05:14:00,05:14:00,31,11,0,0,24.0633
2915,05:18:00,05:18:00,38105,12,0,0,25.9153
2915,05:29:00,05:29:00,107,13,0,0,31.1725
2916,14:47:00,14:47:00,129,1,0,0,0.0000
2916,14:50:00,14:50:00,138,2,0,0,1.1678
2916,14:54:00,14:54:00,24,3,0,0,4.5040
2916,14:57:00,14:57:00,21,4,0,0,5.6150
2916,15:03:00,15:03:00,36,5,0,0,9.8566
2916,15:09:00,15:09:00,120,6,0,0,12.7966
2916,15:12:00,15:12:00,102,7,0,0,13.9413
2916,15:16:00,15:16:00,44,8,0,0,15.1926
2916,15:20:00,15:20:00,155,9,0,0,17.2812
2916,15:25:00,15:25:00,32,10,0,0,21.9133
2916,15:30:00,15:30:00,31,11,0,0,24.0633
2916,15:34:00,15:34:00,38105,12,0,0,25.9153
2916,15:45:00,15:45:00,107,13,0,0,31.1725
2917,05:52:00,05:52:00,129,1,0,0,0.0000
2917,05:55:00,05:55:00,138,2,0,0,1.1678
2917,06:00:00,06:00:00,24,3,0,0,4.5040
2917,06:03:00,06:03:00,21,4,0,0,5.6150
2917,06:09:00,06:09:00,36,5,0,0,9.8566
2917,06:14:00,06:14:00,120,6,0,0,12.7966
2917,06:17:00,06:17:00,102,7,0,0,13.9413
2917,06:20:00,06:20:00,44,8,0,0,15.1926
2917,06:25:00,06:25:00,155,9,0,0,17.2812
2917,06:29:00,06:29:00,47,10,0,0,18.4964
2917,06:32:00,06:32:00,32,11,0,0,19.6621
2917,06:38:00,06:38:00,31,12,0,0,21.8301
2917,06:42:00,06:42:00,38105,13,0,0,23.6822
2917,06:55:00,06:55:00,107,14,0,0,28.9394
2918,07:17:00,07:17:00,129,1,0,0,0.0000
2918,07:20:00,07:20:00,138,2,0,0,1.1678
2918,07:25:00,07:25:00,24,3,0,0,4.5040
2918,07:28:00,07:28:00,21,4,0,0,5.6150
2918,07:34:00,07:34:00,36,5,0,0,9.8566
2918,07:39:00,07:39:00,120,6,0,0,12.7966
2918,07:42:00,07:42:00,102,7,0,0,13.9413
2918,07:46:00,07:46:00,44,8,0,0,15.1926
2918,07:52:00,07:52:00,155,9,0,0,17.2812
2918,07:55:00,07:55:00,47,10,0,0,18.4964
2918,07:58:00,07:58:00,32,11,0,0,19.6621
2918,08:04:00,08:04:00,31,12,0,0,21.8301
2918,08:09:00,08:09:00,38105,13,0,0,23.6822
2918,08:22:00,08:22:00,107,14,0,0,28.9394
2919,10:47:00,10:47:00,129,1,0,0,0.0000
2919,10:50:00,10:50:00,138,2,0,0,1.1678
2919,10:55:00,10:55:00,24,3,0,0,4.5040
2919,10:58:00,10:58:00,21,4,0,0,5.6150
2919,11:05:00,11:05:00,36,5,0,0,9.8566
2919,11:10:00,11:10:00,120,6,0,0,12.7966
2919,11:14:00,11:14:00,102,7,0,0,13.9413
2919,11:18:00,11:18:00,44,8,0,0,15.1926
2919,11:23:00,11:23:00,155,9,0,0,17.2812
2919,11:28:00,11:28:00,32,10,0,0,21.9133
2919,11:34:00,11:34:00,31,11,0,0,24.0633
2919,11:38:00,11:38:00,38105,12,0,0,25.9153
2919,11:50:00,11:50:00,107,13,0,0,31.1725
2919,11:59:00,11:59:00,38187,14,0,0,36.2415
2919,12:12:00,12:12:00,105,15,0,0,41.2295
2920,11:47:00,11:47:00,129,1,0,0,0.0000
2920,11:50:00,11:50:00,138,2,0,0,1.1678
2920,11:55:00,11:55:00,24,3,0,0,4.5040
2920,11:58:00,11:58:00,21,4,0,0,5.6150
2920,12:05:00,12:05:00,36,5,0,0,9.8566
2920,12:10:00,12:10:00,120,6,0,0,12.7966
2920,12:14:00,12:14:00,102,7,0,0,13.9413
2920,12:18:00,12:18:00,44,8,0,0,15.1926
2920,12:23:00,12:23:00,155,9,0,0,17.2812
2920,12:28:00,12:28:00,32,10,0,0,21.9133
2920,12:34:00,12:34:00,31,11,0,0,24.0633
2920,12:38:00,12:38:00,38105,12,0,0,25.9153
2920,12:49:00,12:49:00,107,13,0,0,31.1725
2920,12:58:00,12:58:00,38187,14,0,0,36.2415
2920,13:12:00,13:12:00,105,15,0,0,41.2295
2921,18:39:00,18:39:00,129,1,0,0,0.0000
2921,18:42:00,18:42:00,138,2,0,0,1.1678
2921,18:47:00,18:47:00,24,3,0,0,4.5040
2921,18:50:00,18:50:00,21,4,0,0,5.6150
2921,18:55:00,18:55:00,36,5,0,0,9.8566
2921,19:00:00,19:00:00,120,6,0,0,12.7966
2921,19:03:00,19:03:00,102,7,0,0,13.9413
2921,19:07:00,19:07:00,44,8,0,0,15.1926
2921,19:11:00,19:11:00,155,9,0,0,17.2812
2921,19:16:00,19:16:00,32,10,0,0,21.9133
2921,19:21:00,19:21:00,31,11,0,0,24.0633
2921,19:25:00,19:25:00,38105,12,0,0,25.9153
2921,19:39:00,19:39:00,107,13,0,0,31.1725
2921,19:48:00,19:48:00,38187,14,0,0,36.2415
2921,20:02:00,20:02:00,105,15,0,0,41.2295
2922,19:52:00,19:52:00,129,1,0,0,0.0000
2922,19:55:00,19:55:00,138,2,0,0,1.1678
2922,20:00:00,20:00:00,24,3,0,0,4.5040
2922,20:03:00,20:03:00,21,4,0,0,5.6150
2922,20:08:00,20:08:00,36,5,0,0,9.8566
2922,20:13:00,20:13:00,120,6,0,0,12.7966
2922,20:16:00,20:16:00,102,7,0,0,13.9413
2922,20:20:00,20:20:00,44,8,0,0,15.1926
2922,20:24:00,20:24:00,155,9,0,0,17.2812
2922,20:29:00,20:29:00,32,10,0,0,21.9133
2922,20:34:00,20:34:00,31,11,0,0,24.0633
2922,20:38:00,20:38:00,38105,12,0,0,25.9153
2922,20:49:00,20:49:00,107,13,0,0,31.1725
2922,20:59:00,20:59:00,38187,14,0,0,36.2415
2922,21:13:00,21:13:00,105,15,0,0,41.2295
2923,20:49:00,20:49:00,129,1,0,0,0.0000
2923,20:52:00,20:52:00,138,2,0,0,1.1678
2923,20:57:00,20:57:00,24,3,0,0,4.5040
2923,21:00:00,21:00:00,21,4,0,0,5.6150
2923,21:05:00,21:05:00,36,5,0,0,9.8566
2923,21:10:00,21:10:00,120,6,0,0,12.7966
2923,21:13:00,21:13:00,102,7,0,0,13.9413
2923,21:17:00,21:17:00,44,8,0,0,15.1926
2923,21:21:00,21:21:00,155,9,0,0,17.2812
2923,21:26:00,21:26:00,32,10,0,0,21.9133
2923,21:31:00,21:31:00,31,11,0,0,24.0633
2923,21:35:00,21:35:00,38105,12,0,0,25.9153
2923,21:47:00,21:47:00,107,13,0,0,31.1725
2923,21:56:00,21:56:00,38187,14,0,0,36.2415
2923,22:10:00,22:10:00,105,15,0,0,41.2295
2924,21:53:00,21:53:00,129,1,0,0,0.0000
2924,21:56:00,21:56:00,138,2,0,0,1.1678
2924,22:01:00,22:01:00,24,3,0,0,4.5040
2924,22:04:00,22:04:00,21,4,0,0,5.6150
2924,22:09:00,22:09:00,36,5,0,0,9.8566
2924,22:14:00,22:14:00,120,6,0,0,12.7966
2924,22:17:00,22:17:00,102,7,0,0,13.9413
2924,22:21:00,22:21:00,44,8,0,0,15.1926
2924,22:25:00,22:25:00,155,9,0,0,17.2812
2924,22:30:00,22:30:00,32,10,0,0,21.9133
2924,22:35:00,22:35:00,31,11,0,0,24.0633
2924,22:39:00,22:39:00,38105,12,0,0,25.9153
2924,22:50:00,22:50:00,107,13,0,0,31.1725
2924,22:59:00,22:59:00,38187,14,0,0,36.2415
2924,23:13:00,23:13:00,105,15,0,0,41.2295
2925,16:08:00,16:08:00,129,1,0,0,0.0000
2925,16:11:00,16:11:00,138,2,0,0,1.1678
2925,16:16:00,16:16:00,24,3,0,0,4.5040
2925,16:19:00,16:19:00,21,4,0,0,5.6150
2925,16:25:00,16:25:00,36,5,0,0,9.8566
2925,16:30:00,16:30:00,120,6,0,0,12.7966
2925,16:33:00,16:33:00,102,7,0,0,13.9413
2925,16:36:00,16:36:00,44,8,0,0,15.1926
2925,16:41:00,16:41:00,155,9,0,0,17.2812
2925,16:44:00,16:44:00,47,10,0,0,18.4964
2925,16:47:00,16:47:00,32,11,0,0,19.6621
2925,16:53:00,16:53:00,31,12,0,0,21.8301
2925,16:57:00,16:57:00,38105,13,0,0,23.6822
2925,17:09:00,17:09:00,107,14,0,0,28.9394
2926,17:50:00,17:50:00,129,1,0,0,0.0000
2926,17:53:00,17:53:00,138,2,0,0,1.1678
2926,17:58:00,17:58:00,24,3,0,0,4.5040
2926,18:01:00,18:01:00,21,4,0,0,5.6150
2926,18:06:00,18:06:00,36,5,0,0,9.8566
2926,18:11:00,18:11:00,120,6,0,0,12.7966
2926,18:14:00,18:14:00,102,7,0,0,13.9413
2926,18:18:00,18:18:00,44,8,0,0,15.1926
2926,18:22:00,18:22:00,155,9,0,0,17.2812
2926,18:26:00,18:26:00,47,10,0,0,18.4964
2926,18:29:00,18:29:00,32,11,0,0,19.6621
2926,18:34:00,18:34:00,31,12,0,0,21.8301
2926,18:38:00,18:38:00,38105,13,0,0,23.6822
2926,18:50:00,18:50:00,107,14,0,0,28.9394
2927,05:07:00,05:07:00,129,1,0,0,0.0000
2927,05:10:00,05:10:00,138,2,0,0,1.1678
2927,05:15:00,05:15:00,24,3,0,0,4.5040
2927,05:18:00,05:18:00,21,4,0,0,5.6150
2927,05:24:00,05:24:00,36,5,0,0,9.8566
2927,05:29:00,05:29:00,120,6,0,0,12.7966
2927,05:32:00,05:32:00,102,7,0,0,13.9413
2927,05:35:00,05:35:00,44,8,0,0,15.1926
2927,05:40:00,05:40:00,155,9,0,0,17.2812
2927,05:43:00,05:43:00,47,10,0,0,18.4964
2927,05:46:00,05:46:00,32,11,0,0,19.6621
2927,05:52:00,05:52:00,31,12,0,0,21.8301
2927,05:56:00,05:56:00,38105,13,0,0,23.6822
2927,06:08:00,06:08:00,107,14,0,0,28.9394
2927,06:29:00,06:29:00,63,15,0,0,36.3578
2928,08:43:00,08:43:00,129,1,0,0,0.0000
2928,08:46:00,08:46:00,138,2,0,0,1.1678
2928,08:51:00,08:51:00,24,3,0,0,4.5040
2928,08:54:00,08:54:00,21,4,0,0,5.6150
2928,09:00:00,09:00:00,36,5,0,0,9.8566
2928,09:05:00,09:05:00,120,6,0,0,12.7966
2928,09:08:00,09:08:00,102,7,0,0,13.9413
2928,09:12:00,09:12:00,44,8,0,0,15.1926
2928,09:16:00,09:16:00,155,9,0,0,17.2812
2928,09:20:00,09:20:00,47,10,0,0,18.4964
2928,09:23:00,09:23:00,32,11,0,0,19.6621
2928,09:29:00,09:29:00,31,12,0,0,21.8301
2928,09:33:00,09:33:00,38105,13,0,0,23.6822
2928,09:46:00,09:46:00,107,14,0,0,28.9394
2928,09:55:00,09:55:00,38187,15,0,0,34.0083
2928,10:09:00,10:09:00,105,16,0,0,38.9964
2929,16:52:00,16:52:00,60,1,0,0,0.0000
2929,16:56:00,16:56:00,6,2,0,0,1.7983
2929,17:00:00,17:00:00,68,3,0,0,4.1822
2929,17:06:00,17:06:00,157,4,0,0,7.9657
2929,17:13:00,17:13:00,108,5,0,0,12.8652
2929,17:21:00,17:21:00,129,6,0,0,16.3420
2929,17:24:00,17:24:00,138,7,0,0,17.5091
2929,17:29:00,17:29:00,24,8,0,0,20.8453
2929,17:32:00,17:32:00,21,9,0,0,21.9563
2929,17:39:00,17:39:00,36,10,0,0,26.1979
2929,17:44:00,17:44:00,120,11,0,0,29.1379
2929,17:47:00,17:47:00,102,12,0,0,30.2826
2929,17:50:00,17:50:00,44,13,0,0,31.5339
2929,17:54:00,17:54:00,155,14,0,0,33.6225
2929,17:59:00,17:59:00,32,15,0,0,38.2545
2929,18:04:00,18:04:00,31,16,0,0,40.4045
2929,18:08:00,18:08:00,38105,17,0,0,42.2566
2929,18:19:00,18:19:00,107,18,0,0,47.5138
2930,09:18:00,09:18:00,60,1,0,0,0.0000
2930,09:22:00,09:22:00,6,2,0,0,1.7983
2930,09:26:00,09:26:00,68,3,0,0,4.1822
2930,09:32:00,09:32:00,157,4,0,0,7.9657
2930,09:39:00,09:39:00,108,5,0,0,12.8652
2930,09:48:00,09:48:00,129,6,0,0,16.3420
2930,09:51:00,09:51:00,138,7,0,0,17.5091
2930,09:56:00,09:56:00,24,8,0,0,20.8453
2930,09:59:00,09:59:00,21,9,0,0,21.9563
2930,10:05:00,10:05:00,36,10,0,0,26.1979
2930,10:10:00,10:10:00,120,11,0,0,29.1379
2930,10:13:00,10:13:00,102,12,0,0,30.2826
2930,10:16:00,10:16:00,44,13,0,0,31.5339
2930,10:21:00,10:21:00,155,14,0,0,33.6225
2930,10:26:00,10:26:00,32,15,0,0,38.2545
2930,10:31:00,10:31:00,31,16,0,0,40.4045
2930,10:35:00,10:35:00,38105,17,0,0,42.2566
2930,10:48:00,10:48:00,107,18,0,0,47.5138
2930,10:57:00,10:57:00,38187,19,0,0,52.5828
2930,11:10:00,11:10:00,105,20,0,0,57.5708
2931,15:00:00,15:00:00,60,1,0,0,0.0000
2931,15:04:00,15:04:00,6,2,0,0,1.7983
2931,15:08:00,15:08:00,68,3,0,0,4.1822
2931,15:14:00,15:14:00,157,4,0,0,7.9657
2931,15:21:00,15:21:00,108,5,0,0,12.8652
2931,15:29:00,15:29:00,129,6,0,0,16.3420
2931,15:32:00,15:32:00,138,7,0,0,17.5091
2931,15:37:00,15:37:00,24,8,0,0,20.8453
2931,15:41:00,15:41:00,21,9,0,0,21.9563
2931,15:47:00,15:47:00,36,10,0,0,26.1979
2931,15:52:00,15:52:00,120,11,0,0,29.1379
2931,15:55:00,15:55:00,102,12,0,0,30.2826
2931,15:59:00,15:59:00,44,13,0,0,31.5339
2931,16:03:00,16:03:00,155,14,0,0,33.6225
2931,16:06:00,16:06:00,47,15,0,0,34.8377
2931,16:10:00,16:10:00,32,16,0,0,36.0034
2931,16:15:00,16:15:00,31,17,0,0,38.1714
2931,16:19:00,16:19:00,38105,18,0,0,40.0235
2931,16:31:00,16:31:00,107,19,0,0,45.2807
2932,12:18:00,12:18:00,60,1,0,0,0.0000
2932,12:22:00,12:22:00,6,2,0,0,1.7983
2932,12:26:00,12:26:00,68,3,0,0,4.1822
2932,12:32:00,12:32:00,157,4,0,0,7.9657
2932,12:39:00,12:39:00,108,5,0,0,12.8652
2932,12:48:00,12:48:00,129,6,0,0,16.3420
2932,12:51:00,12:51:00,138,7,0,0,17.5091
2932,12:56:00,12:56:00,24,8,0,0,20.8453
2932,12:59:00,12:59:00,21,9,0,0,21.9563
2932,13:05:00,13:05:00,36,10,0,0,26.1979
2932,13:10:00,13:10:00,120,11,0,0,29.1379
2932,13:13:00,13:13:00,102,12,0,0,30.2826
2932,13:16:00,13:16:00,44,13,0,0,31.5339
2932,13:21:00,13:21:00,155,14,0,0,33.6225
2932,13:24:00,13:24:00,47,15,0,0,34.8377
2932,13:28:00,13:28:00,32,16,0,0,36.0034
2932,13:33:00,13:33:00,31,17,0,0,38.1714
2932,13:38:00,13:38:00,38105,18,0,0,40.0235
2932,13:49:00,13:49:00,107,19,0,0,45.2807
2932,13:58:00,13:58:00,38187,20,0,0,50.3496
2932,14:13:00,14:13:00,105,21,0,0,55.3377
2933,08:32:00,08:32:00,120,1,0,0,0.0000
2933,08:35:00,08:35:00,102,2,0,0,1.1449
2933,08:38:00,08:38:00,44,3,0,0,2.3962
2933,08:43:00,08:43:00,155,4,0,0,4.4848
2933,08:48:00,08:48:00,32,5,0,0,9.1169
2933,08:53:00,08:53:00,31,6,0,0,11.2669
2933,08:58:00,08:58:00,38105,7,0,0,13.1189
2933,09:09:00,09:09:00,107,8,0,0,18.3761
2934,24:08:00,24:08:00,105,1,0,0,0.0000
2934,24:17:00,24:17:00,38187,2,0,0,4.9884
2934,24:28:00,24:28:00,107,3,0,0,10.0572
2934,24:37:00,24:37:00,38105,4,0,0,15.3146
2934,24:40:00,24:40:00,31,5,0,0,17.1610
2934,24:45:00,24:45:00,32,6,0,0,19.3049
2934,24:49:00,24:49:00,155,7,0,0,21.6676
2934,24:53:00,24:53:00,44,8,0,0,23.7563
2934,24:56:00,24:56:00,102,9,0,0,25.0076
2934,24:59:00,24:59:00,120,10,0,0,26.1523
2934,25:04:00,25:04:00,36,11,0,0,29.0922
2934,25:09:00,25:09:00,21,12,0,0,33.3337
2934,25:12:00,25:12:00,24,13,0,0,34.4447
2934,25:17:00,25:17:00,138,14,0,0,37.7782
2934,25:27:00,25:27:00,129,15,0,0,38.9420
2935,17:13:00,17:13:00,107,1,0,0,0.0000
2935,17:22:00,17:22:00,38105,2,0,0,5.2593
2935,17:25:00,17:25:00,31,3,0,0,7.1057
2935,17:30:00,17:30:00,32,4,0,0,9.2496
2935,17:34:00,17:34:00,155,5,0,0,11.6123
2935,17:38:00,17:38:00,44,6,0,0,13.7009
2935,17:41:00,17:41:00,102,7,0,0,14.9523
2935,17:46:00,17:46:00,120,8,0,0,16.0970
2935,17:51:00,17:51:00,36,9,0,0,19.0369
2935,17:57:00,17:57:00,21,10,0,0,23.2784
2935,17:59:00,17:59:00,24,11,0,0,24.3894
2935,18:04:00,18:04:00,138,12,0,0,27.7229
2935,18:11:00,18:11:00,129,13,0,0,28.8867
2936,25:28:00,25:28:00,107,1,0,0,0.0000
2936,25:37:00,25:37:00,38105,2,0,0,5.2593
2936,25:40:00,25:40:00,31,3,0,0,7.1057
2936,25:45:00,25:45:00,32,4,0,0,9.2496
2936,25:47:00,25:47:00,47,5,0,0,10.4335
2936,25:50:00,25:50:00,155,6,0,0,11.6487
2936,25:54:00,25:54:00,44,7,0,0,13.7373
2936,25:57:00,25:57:00,102,8,0,0,14.9886
2936,26:00:00,26:00:00,120,9,0,0,16.1333
2936,26:05:00,26:05:00,36,10,0,0,19.0733
2936,26:11:00,26:11:00,21,11,0,0,23.3148
2936,26:13:00,26:13:00,24,12,0,0,24.4258
2936,26:18:00,26:18:00,138,13,0,0,27.7593
2936,26:34:00,26:34:00,129,14,0,0,28.9231
2937,07:38:00,07:38:00,107,1,0,0,0.0000
2937,07:47:00,07:47:00,38105,2,0,0,5.2593
2937,07:50:00,07:50:00,31,3,0,0,7.1057
2937,07:55:00,07:55:00,32,4,0,0,9.2496
2937,07:59:00,07:59:00,155,5,0,0,11.6123
2937,08:04:00,08:04:00,44,6,0,0,13.7009
2937,08:07:00,08:07:00,102,7,0,0,14.9523
2937,08:11:00,08:11:00,120,8,0,0,16.0970
2937,08:16:00,08:16:00,36,9,0,0,19.0369
2937,08:21:00,08:21:00,21,10,0,0,23.2784
2937,08:24:00,08:24:00,24,11,0,0,24.3894
2937,08:30:00,08:30:00,138,12,0,0,27.7229
2937,08:40:00,08:40:00,129,13,0,0,28.8867
2938,08:38:00,08:38:00,107,1,0,0,0.0000
2938,08:47:00,08:47:00,38105,2,0,0,5.2593
2938,08:50:00,08:50:00,31,3,0,0,7.1057
2938,08:55:00,08:55:00,32,4,0,0,9.2496
2938,08:59:00,08:59:00,155,5,0,0,11.6123
2938,09:04:00,09:04:00,44,6,0,0,13.7009
2938,09:07:00,09:07:00,102,7,0,0,14.9523
2938,09:11:00,09:11:00,120,8,0,0,16.0970
2938,09:16:00,09:16:00,36,9,0,0,19.0369
2938,09:21:00,09:21:00,21,10,0,0,23.2784
2938,09:24:00,09:24:00,24,11,0,0,24.3894
2938,09:30:00,09:30:00,138,12,0,0,27.7229
2938,09:42:00,09:42:00,129,13,0,0,28.8867
2939,09:38:00,09:38:00,107,1,0,0,0.0000
2939,09:47:00,09:47:00,38105,2,0,0,5.2593
2939,09:50:00,09:50:00,31,3,0,0,7.1057
2939,09:55:00,09:55:00,32,4,0,0,9.2496
2939,09:59:00,09:59:00,155,5,0,0,11.6123
2939,10:04:00,10:04:00,44,6,0,0,13.7009
2939,10:07:00,10:07:00,102,7,0,0,14.9523
2939,10:11:00,10:11:00,120,8,0,0,16.0970
2939,10:16:00,10:16:00,36,9,0,0,19.0369
2939,10:21:00,10:21:00,21,10,0,0,23.2784
2939,10:24:00,10:24:00,24,11,0,0,24.3894
2939,10:30:00,10:30:00,138,12,0,0,27.7229
2939,10:40:00,10:40:00,129,13,0,0,28.8867
2940,10:38:00,10:38:00,107,1,0,0,0.0000
2940,10:47:00,10:47:00,38105,2,0,0,5.2593
2940,10:50:00,10:50:00,31,3,0,0,7.1057
2940,10:55:00,10:55:00,32,4,0,0,9.2496
2940,10:59:00,10:59:00,155,5,0,0,11.6123
2940,11:04:00,11:04:00,44,6,0,0,13.7009
2940,11:07:00,11:07:00,102,7,0,0,14.9523
2940,11:11:00,11:11:00,120,8,0,0,16.0970
2940,11:16:00,11:16:00,36,9,0,0,19.0369
2940,11:21:00,11:21:00,21,10,0,0,23.2784
2940,11:24:00,11:24:00,24,11,0,0,24.3894
2940,11:30:00,11:30:00,138,12,0,0,27.7229
2940,11:42:00,11:42:00,129,13,0,0,28.8867
2941,11:38:00,11:38:00,107,1,0,0,0.0000
2941,11:47:00,11:47:00,38105,2,0,0,5.2593
2941,11:50:00,11:50:00,31,3,0,0,7.1057
2941,11:55:00,11:55:00,32,4,0,0,9.2496
2941,11:59:00,11:59:00,155,5,0,0,11.6123
2941,12:04:00,12:04:00,44,6,0,0,13.7009
2941,12:07:00,12:07:00,102,7,0,0,14.9523
2941,12:11:00,12:11:00,120,8,0,0,16.0970
2941,12:16:00,12:16:00,36,9,0,0,19.0369
2941,12:21:00,12:21:00,21,10,0,0,23.2784
2941,12:24:00,12:24:00,24,11,0,0,24.3894
2941,12:30:00,12:30:00,138,12,0,0,27.7229
2941,12:42:00,12:42:00,129,13,0,0,28.8867
2942,12:38:00,12:38:00,107,1,0,0,0.0000
2942,12:47:00,12:47:00,38105,2,0,0,5.2593
2942,12:50:00,12:50:00,31,3,0,0,7.1057
2942,12:55:00,12:55:00,32,4,0,0,9.2496
2942,12:59:00,12:59:00,155,5,0,0,11.6123
2942,13:04:00,13:04:00,44,6,0,0,13.7009
2942,13:07:00,13:07:00,102,7,0,0,14.9523
2942,13:11:00,13:11:00,120,8,0,0,16.0970
2942,13:16:00,13:16:00,36,9,0,0,19.0369
2942,13:21:00,13:21:00,21,10,0,0,23.2784
2942,13:24:00,13:24:00,24,11,0,0,24.3894
2942,13:30:00,13:30:00,138,12,0,0,27.7229
2942,13:42:00,13:42:00,129,13,0,0,28.8867
2943,13:38:00,13:38:00,107,1,0,0,0.0000
2943,13:47:00,13:47:00,38105,2,0,0,5.2593
2943,13:50:00,13:50:00,31,3,0,0,7.1057
2943,13:55:00,13:55:00,32,4,0,0,9.2496
2943,13:59:00,13:59:00,155,5,0,0,11.6123
2943,14:04:00,14:04:00,44,6,0,0,13.7009
2943,14:07:00,14:07:00,102,7,0,0,14.9523
2943,14:11:00,14:11:00,120,8,0,0,16.0970
2943,14:16:00,14:16:00,36,9,0,0,19.0369
2943,14:21:00,14:21:00,21,10,0,0,23.2784
2943,14:24:00,14:24:00,24,11,0,0,24.3894
2943,14:30:00,14:30:00,138,12,0,0,27.7229
2943,14:42:00,14:42:00,129,13,0,0,28.8867
2944,14:38:00,14:38:00,107,1,0,0,0.0000
2944,14:47:00,14:47:00,38105,2,0,0,5.2593
2944,14:50:00,14:50:00,31,3,0,0,7.1057
2944,14:55:00,14:55:00,32,4,0,0,9.2496
2944,14:59:00,14:59:00,155,5,0,0,11.6123
2944,15:04:00,15:04:00,44,6,0,0,13.7009
2944,15:07:00,15:07:00,102,7,0,0,14.9523
2944,15:11:00,15:11:00,120,8,0,0,16.0970
2944,15:16:00,15:16:00,36,9,0,0,19.0369
2944,15:21:00,15:21:00,21,10,0,0,23.2784
2944,15:24:00,15:24:00,24,11,0,0,24.3894
2944,15:30:00,15:30:00,138,12,0,0,27.7229
2944,15:42:00,15:42:00,129,13,0,0,28.8867
2945,15:38:00,15:38:00,107,1,0,0,0.0000
2945,15:47:00,15:47:00,38105,2,0,0,5.2593
2945,15:50:00,15:50:00,31,3,0,0,7.1057
2945,15:55:00,15:55:00,32,4,0,0,9.2496
2945,15:59:00,15:59:00,155,5,0,0,11.6123
2945,16:04:00,16:04:00,44,6,0,0,13.7009
2945,16:07:00,16:07:00,102,7,0,0,14.9523
2945,16:11:00,16:11:00,120,8,0,0,16.0970
2945,16:16:00,16:16:00,36,9,0,0,19.0369
2945,16:21:00,16:21:00,21,10,0,0,23.2784
2945,16:24:00,16:24:00,24,11,0,0,24.3894
2945,16:30:00,16:30:00,138,12,0,0,27.7229
2945,16:42:00,16:42:00,129,13,0,0,28.8867
2946,16:38:00,16:38:00,107,1,0,0,0.0000
2946,16:47:00,16:47:00,38105,2,0,0,5.2593
2946,16:50:00,16:50:00,31,3,0,0,7.1057
2946,16:55:00,16:55:00,32,4,0,0,9.2496
2946,16:59:00,16:59:00,155,5,0,0,11.6123
2946,17:04:00,17:04:00,44,6,0,0,13.7009
2946,17:07:00,17:07:00,102,7,0,0,14.9523
2946,17:11:00,17:11:00,120,8,0,0,16.0970
2946,17:16:00,17:16:00,36,9,0,0,19.0369
2946,17:21:00,17:21:00,21,10,0,0,23.2784
2946,17:24:00,17:24:00,24,11,0,0,24.3894
2946,17:30:00,17:30:00,138,12,0,0,27.7229
2946,17:42:00,17:42:00,129,13,0,0,28.8867
2947,18:38:00,18:38:00,107,1,0,0,0.0000
2947,18:47:00,18:47:00,38105,2,0,0,5.2593
2947,18:50:00,18:50:00,31,3,0,0,7.1057
2947,18:55:00,18:55:00,32,4,0,0,9.2496
2947,18:59:00,18:59:00,155,5,0,0,11.6123
2947,19:04:00,19:04:00,44,6,0,0,13.7009
2947,19:07:00,19:07:00,102,7,0,0,14.9523
2947,19:11:00,19:11:00,120,8,0,0,16.0970
2947,19:16:00,19:16:00,36,9,0,0,19.0369
2947,19:21:00,19:21:00,21,10,0,0,23.2784
2947,19:24:00,19:24:00,24,11,0,0,24.3894
2947,19:30:00,19:30:00,138,12,0,0,27.7229
2947,19:42:00,19:42:00,129,13,0,0,28.8867
2948,20:38:00,20:38:00,107,1,0,0,0.0000
2948,20:47:00,20:47:00,38105,2,0,0,5.2593
2948,20:50:00,20:50:00,31,3,0,0,7.1057
2948,20:55:00,20:55:00,32,4,0,0,9.2496
2948,20:59:00,20:59:00,155,5,0,0,11.6123
2948,21:04:00,21:04:00,44,6,0,0,13.7009
2948,21:07:00,21:07:00,102,7,0,0,14.9523
2948,21:11:00,21:11:00,120,8,0,0,16.0970
2948,21:16:00,21:16:00,36,9,0,0,19.0369
2948,21:21:00,21:21:00,21,10,0,0,23.2784
2948,21:24:00,21:24:00,24,11,0,0,24.3894
2948,21:30:00,21:30:00,138,12,0,0,27.7229
2948,21:42:00,21:42:00,129,13,0,0,28.8867
2949,21:38:00,21:38:00,107,1,0,0,0.0000
2949,21:47:00,21:47:00,38105,2,0,0,5.2593
2949,21:50:00,21:50:00,31,3,0,0,7.1057
2949,21:55:00,21:55:00,32,4,0,0,9.2496
2949,21:59:00,21:59:00,155,5,0,0,11.6123
2949,22:04:00,22:04:00,44,6,0,0,13.7009
2949,22:07:00,22:07:00,102,7,0,0,14.9523
2949,22:11:00,22:11:00,120,8,0,0,16.0970
2949,22:16:00,22:16:00,36,9,0,0,19.0369
2949,22:21:00,22:21:00,21,10,0,0,23.2784
2949,22:24:00,22:24:00,24,11,0,0,24.3894
2949,22:30:00,22:30:00,138,12,0,0,27.7229
2949,22:42:00,22:42:00,129,13,0,0,28.8867
2950,22:38:00,22:38:00,107,1,0,0,0.0000
2950,22:47:00,22:47:00,38105,2,0,0,5.2593
2950,22:50:00,22:50:00,31,3,0,0,7.1057
2950,22:55:00,22:55:00,32,4,0,0,9.2496
2950,22:59:00,22:59:00,155,5,0,0,11.6123
2950,23:04:00,23:04:00,44,6,0,0,13.7009
2950,23:07:00,23:07:00,102,7,0,0,14.9523
2950,23:11:00,23:11:00,120,8,0,0,16.0970
2950,23:16:00,23:16:00,36,9,0,0,19.0369
2950,23:21:00,23:21:00,21,10,0,0,23.2784
2950,23:24:00,23:24:00,24,11,0,0,24.3894
2950,23:30:00,23:30:00,138,12,0,0,27.7229
2950,23:40:00,23:40:00,129,13,0,0,28.8867
2951,23:38:00,23:38:00,107,1,0,0,0.0000
2951,23:47:00,23:47:00,38105,2,0,0,5.2593
2951,23:50:00,23:50:00,31,3,0,0,7.1057
2951,23:55:00,23:55:00,32,4,0,0,9.2496
2951,23:59:00,23:59:00,155,5,0,0,11.6123
2951,24:04:00,24:04:00,44,6,0,0,13.7009
2951,24:07:00,24:07:00,102,7,0,0,14.9523
2951,24:11:00,24:11:00,120,8,0,0,16.0970
2951,24:16:00,24:16:00,36,9,0,0,19.0369
2951,24:21:00,24:21:00,21,10,0,0,23.2784
2951,24:24:00,24:24:00,24,11,0,0,24.3894
2951,24:30:00,24:30:00,138,12,0,0,27.7229
2951,24:44:00,24:44:00,129,13,0,0,28.8867
2952,17:38:00,17:38:00,107,1,0,0,0.0000
2952,17:47:00,17:47:00,38105,2,0,0,5.2593
2952,17:50:00,17:50:00,31,3,0,0,7.1057
2952,17:55:00,17:55:00,32,4,0,0,9.2496
2952,17:58:00,17:58:00,47,5,0,0,10.4335
2952,18:01:00,18:01:00,155,6,0,0,11.6487
2952,18:06:00,18:06:00,44,7,0,0,13.7373
2952,18:09:00,18:09:00,102,8,0,0,14.9886
2952,18:13:00,18:13:00,120,9,0,0,16.1333
2952,18:18:00,18:18:00,36,10,0,0,19.0733
2952,18:23:00,18:23:00,21,11,0,0,23.3148
2952,18:26:00,18:26:00,24,12,0,0,24.4258
2952,18:32:00,18:32:00,138,13,0,0,27.7593
2952,18:42:00,18:42:00,129,14,0,0,28.9231
2953,19:38:00,19:38:00,107,1,0,0,0.0000
2953,19:47:00,19:47:00,38105,2,0,0,5.2593
2953,19:50:00,19:50:00,31,3,0,0,7.1057
2953,19:55:00,19:55:00,32,4,0,0,9.2496
2953,19:58:00,19:58:00,47,5,0,0,10.4335
2953,20:01:00,20:01:00,155,6,0,0,11.6487
2953,20:06:00,20:06:00,44,7,0,0,13.7373
2953,20:09:00,20:09:00,102,8,0,0,14.9886
2953,20:13:00,20:13:00,120,9,0,0,16.1333
2953,20:18:00,20:18:00,36,10,0,0,19.0733
2953,20:23:00,20:23:00,21,11,0,0,23.3148
2953,20:26:00,20:26:00,24,12,0,0,24.4258
2953,20:32:00,20:32:00,138,13,0,0,27.7593
2953,20:42:00,20:42:00,129,14,0,0,28.9231
2954,18:24:00,18:24:00,107,1,0,0,0.0000
2954,18:41:00,18:41:00,155,2,0,0,11.6123
2954,18:47:00,18:47:00,120,3,0,0,16.0970
2954,18:53:00,18:53:00,36,4,0,0,19.0369
2954,18:59:00,18:59:00,21,5,0,0,23.2784
2954,19:02:00,19:02:00,24,6,0,0,24.3894
2954,19:07:00,19:07:00,138,7,0,0,27.7229
2954,19:11:00,19:11:00,129,8,0,0,28.8867
2954,19:17:00,19:17:00,108,9,0,0,32.3640
2954,19:24:00,19:24:00,157,10,0,0,37.2634
2954,19:31:00,19:31:00,68,11,0,0,41.0470
2954,19:35:00,19:35:00,6,12,0,0,43.4053
2954,19:45:00,19:45:00,60,13,0,0,45.1964
2955,18:33:00,18:33:00,107,1,0,0,0.0000
2955,18:42:00,18:42:00,38105,2,0,0,5.2593
2955,18:46:00,18:46:00,31,3,0,0,7.1057
2955,18:51:00,18:51:00,32,4,0,0,9.2496
2955,18:54:00,18:54:00,47,5,0,0,10.4335
2955,18:57:00,18:57:00,155,6,0,0,11.6487
2955,19:02:00,19:02:00,44,7,0,0,13.7373
2955,19:06:00,19:06:00,102,8,0,0,14.9886
2955,19:09:00,19:09:00,120,9,0,0,16.1333
2955,19:14:00,19:14:00,36,10,0,0,19.0733
2955,19:20:00,19:20:00,21,11,0,0,23.3148
2955,19:24:00,19:24:00,24,12,0,0,24.4258
2955,19:29:00,19:29:00,138,13,0,0,27.7593
2955,19:36:00,19:36:00,129,14,0,0,28.9231
2956,17:35:00,17:35:00,107,1,0,0,0.0000
2956,17:51:00,17:51:00,155,2,0,0,11.6123
2956,17:58:00,17:58:00,120,3,0,0,16.0970
2956,18:03:00,18:03:00,36,4,0,0,19.0369
2956,18:09:00,18:09:00,21,5,0,0,23.2784
2956,18:12:00,18:12:00,24,6,0,0,24.3894
2956,18:18:00,18:18:00,138,7,0,0,27.7229
