2138,10:32:00,10:32:00,6997,10,0,0,4.2691
2138,10:33:00,10:33:00,6900,11,0,0,4.4496
2138,10:35:00,10:35:00,42545,12,0,0,4.8693
2138,10:38:00,10:38:00,26326,13,0,0,4.8788
2138,10:41:00,10:41:00,39134,14,0,0,5.3758
2138,10:43:00,10:43:00,39133,15,0,0,5.7481
2138,10:44:00,10:44:00,39131,16,0,0,5.8576
2138,10:46:00,10:46:00,39130,17,0,0,6.0187
2139,10:40:00,10:40:00,38065,1,0,0,0.0000
2139,10:42:00,10:42:00,38064,2,0,0,0.3998
2139,10:46:00,10:46:00,26316,3,0,0,0.8362
2139,10:48:00,10:48:00,6907,4,0,0,1.3813
2139,10:50:00,10:50:00,14984,5,0,0,1.8928
2139,10:52:00,10:52:00,6966,6,0,0,2.4422
2139,10:54:00,10:54:00,14986,7,0,0,3.0157
2139,10:55:00,10:55:00,6957,8,0,0,3.4841
2139,10:56:00,10:56:00,6995,9,0,0,3.7445
2139,10:57:00,10:57:00,6997,10,0,0,4.2691
2139,10:58:00,10:58:00,6900,11,0,0,4.4496
2139,11:00:00,11:00:00,42545,12,0,0,4.8693
2139,11:03:00,11:03:00,26326,13,0,0,4.8788
2139,11:06:00,11:06:00,39134,14,0,0,5.3758
2139,11:08:00,11:08:00,39133,15,0,0,5.7481
2139,11:09:00,11:09:00,39131,16,0,0,5.8576
2139,11:11:00,11:11:00,39130,17,0,0,6.0187
2140,11:05:00,11:05:00,38065,1,0,0,0.0000
2140,11:07:00,11:07:00,38064,2,0,0,0.3998
2140,11:11:00,11:11:00,26316,3,0,0,0.8362
2140,11:13:00,11:13:00,6907,4,0,0,1.3813
2140,11:15:00,11:15:00,14984,5,0,0,1.8928
2140,11:17:00,11:17:00,6966,6,0,0,2.4422
2140,11:19:00,11:19:00,14986,7,0,0,3.0157
2140,11:20:00,11:20:00,6957,8,0,0,3.4841
2140,11:21:00,11:21:00,6995,9,0,0,3.7445
2140,11:22:00,11:22:00,6997,10,0,0,4.2691
2140,11:23:00,11:23:00,6900,11,0,0,4.4496
2140,11:25:00,11:25:00,42545,12,0,0,4.8693
2140,11:28:00,11:28:00,26326,13,0,0,4.8788
2140,11:31:00,11:31:00,39134,14,0,0,5.3758
2140,11:33:00,11:33:00,39133,15,0,0,5.7481
2140,11:34:00,11:34:00,39131,16,0,0,5.8576
2140,11:36:00,11:36:00,39130,17,0,0,6.0187
2141,11:30:00,11:30:00,38065,1,0,0,0.0000
2141,11:32:00,11:32:00,38064,2,0,0,0.3998
2141,11:36:00,11:36:00,26316,3,0,0,0.8362
2141,11:38:00,11:38:00,6907,4,0,0,1.3813
2141,11:40:00,11:40:00,14984,5,0,0,1.8928
2141,11:42:00,11:42:00,6966,6,0,0,2.4422
2141,11:44:00,11:44:00,14986,7,0,0,3.0157
2141,11:45:00,11:45:00,6957,8,0,0,3.4841
2141,11:46:00,11:46:00,6995,9,0,0,3.7445
2141,11:47:00,11:47:00,6997,10,0,0,4.2691
2141,11:48:00,11:48:00,6900,11,0,0,4.4496
2141,11:50:00,11:50:00,42545,12,0,0,4.8693
2141,11:53:00,11:53:00,26326,13,0,0,4.8788
2141,11:56:00,11:56:00,39134,14,0,0,5.3758
2141,11:58:00,11:58:00,39133,15,0,0,5.7481
2141,11:59:00,11:59:00,39131,16,0,0,5.8576
2141,12:01:00,12:01:00,39130,17,0,0,6.0187
2142,11:55:00,11:55:00,38065,1,0,0,0.0000
2142,11:57:00,11:57:00,38064,2,0,0,0.3998
2142,12:01:00,12:01:00,26316,3,0,0,0.8362
2142,12:03:00,12:03:00,6907,4,0,0,1.3813
2142,12:05:00,12:05:00,14984,5,0,0,1.8928
2142,12:07:00,12:07:00,6966,6,0,0,2.4422
2142,12:09:00,12:09:00,14986,7,0,0,3.0157
2142,12:10:00,12:10:00,6957,8,0,0,3.4841
2142,12:11:00,12:11:00,6995,9,0,0,3.7445
2142,12:12:00,12:12:00,6997,10,0,0,4.2691
2142,12:13:00,12:13:00,6900,11,0,0,4.4496
2142,12:15:00,12:15:00,42545,12,0,0,4.8693
2142,12:18:00,12:18:00,26326,13,0,0,4.8788
2142,12:21:00,12:21:00,39134,14,0,0,5.3758
2142,12:23:00,12:23:00,39133,15,0,0,5.7481
2142,12:24:00,12:24:00,39131,16,0,0,5.8576
2142,12:26:00,12:26:00,39130,17,0,0,6.0187
2143,12:20:00,12:20:00,38065,1,0,0,0.0000
2143,12:22:00,12:22:00,38064,2,0,0,0.3998
2143,12:26:00,12:26:00,26316,3,0,0,0.8362
2143,12:28:00,12:28:00,6907,4,0,0,1.3813
2143,12:30:00,12:30:00,14984,5,0,0,1.8928
2143,12:32:00,12:32:00,6966,6,0,0,2.4422
2143,12:34:00,12:34:00,14986,7,0,0,3.0157
2143,12:35:00,12:35:00,6957,8,0,0,3.4841
2143,12:36:00,12:36:00,6995,9,0,0,3.7445
2143,12:37:00,12:37:00,6997,10,0,0,4.2691
2143,12:38:00,12:38:00,6900,11,0,0,4.4496
2143,12:40:00,12:40:00,42545,12,0,0,4.8693
2143,12:43:00,12:43:00,26326,13,0,0,4.8788
2143,12:46:00,12:46:00,39134,14,0,0,5.3758
2143,12:48:00,12:48:00,39133,15,0,0,5.7481
2143,12:49:00,12:49:00,39131,16,0,0,5.8576
2143,12:51:00,12:51:00,39130,17,0,0,6.0187
2144,12:45:00,12:45:00,38065,1,0,0,0.0000
2144,12:47:00,12:47:00,38064,2,0,0,0.3998
2144,12:51:00,12:51:00,26316,3,0,0,0.8362
2144,12:53:00,12:53:00,6907,4,0,0,1.3813
2144,12:55:00,12:55:00,14984,5,0,0,1.8928
2144,12:57:00,12:57:00,6966,6,0,0,2.4422
2144,12:59:00,12:59:00,14986,7,0,0,3.0157
2144,13:00:00,13:00:00,6957,8,0,0,3.4841
2144,13:01:00,13:01:00,6995,9,0,0,3.7445
2144,13:02:00,13:02:00,6997,10,0,0,4.2691
2144,13:03:00,13:03:00,6900,11,0,0,4.4496
2144,13:05:00,13:05:00,42545,12,0,0,4.8693
2144,13:08:00,13:08:00,26326,13,0,0,4.8788
2144,13:11:00,13:11:00,39134,14,0,0,5.3758
2144,13:13:00,13:13:00,39133,15,0,0,5.7481
2144,13:14:00,13:14:00,39131,16,0,0,5.8576
2144,13:16:00,13:16:00,39130,17,0,0,6.0187
2145,13:10:00,13:10:00,38065,1,0,0,0.0000
2145,13:12:00,13:12:00,38064,2,0,0,0.3998
2145,13:16:00,13:16:00,26316,3,0,0,0.8362
2145,13:18:00,13:18:00,6907,4,0,0,1.3813
2145,13:20:00,13:20:00,14984,5,0,0,1.8928
2145,13:22:00,13:22:00,6966,6,0,0,2.4422
2145,13:24:00,13:24:00,14986,7,0,0,3.0157
2145,13:25:00,13:25:00,6957,8,0,0,3.4841
2145,13:26:00,13:26:00,6995,9,0,0,3.7445
2145,13:27:00,13:27:00,6997,10,0,0,4.2691
2145,13:28:00,13:28:00,6900,11,0,0,4.4496
2145,13:30:00,13:30:00,42545,12,0,0,4.8693
2145,13:33:00,13:33:00,26326,13,0,0,4.8788
2145,13:36:00,13:36:00,39134,14,0,0,5.3758
2145,13:38:00,13:38:00,39133,15,0,0,5.7481
2145,13:39:00,13:39:00,39131,16,0,0,5.8576
2145,13:41:00,13:41:00,39130,17,0,0,6.0187
2146,13:35:00,13:35:00,38065,1,0,0,0.0000
2146,13:37:00,13:37:00,38064,2,0,0,0.3998
2146,13:41:00,13:41:00,26316,3,0,0,0.8362
2146,13:43:00,13:43:00,6907,4,0,0,1.3813
2146,13:45:00,13:45:00,14984,5,0,0,1.8928
2146,13:47:00,13:47:00,6966,6,0,0,2.4422
2146,13:49:00,13:49:00,14986,7,0,0,3.0157
2146,13:50:00,13:50:00,6957,8,0,0,3.4841
2146,13:51:00,13:51:00,6995,9,0,0,3.7445
2146,13:52:00,13:52:00,6997,10,0,0,4.2691
2146,13:53:00,13:53:00,6900,11,0,0,4.4496
2146,13:55:00,13:55:00,42545,12,0,0,4.8693
2146,13:58:00,13:58:00,26326,13,0,0,4.8788
2146,14:01:00,14:01:00,39134,14,0,0,5.3758
2146,14:03:00,14:03:00,39133,15,0,0,5.7481
2146,14:04:00,14:04:00,39131,16,0,0,5.8576
2146,14:06:00,14:06:00,39130,17,0,0,6.0187
2147,14:00:00,14:00:00,38065,1,0,0,0.0000
2147,14:02:00,14:02:00,38064,2,0,0,0.3998
2147,14:06:00,14:06:00,26316,3,0,0,0.8362
2147,14:08:00,14:08:00,6907,4,0,0,1.3813
2147,14:10:00,14:10:00,14984,5,0,0,1.8928
2147,14:12:00,14:12:00,6966,6,0,0,2.4422
2147,14:14:00,14:14:00,14986,7,0,0,3.0157
2147,14:15:00,14:15:00,6957,8,0,0,3.4841
2147,14:16:00,14:16:00,6995,9,0,0,3.7445
2147,14:17:00,14:17:00,6997,10,0,0,4.2691
2147,14:18:00,14:18:00,6900,11,0,0,4.4496
2147,14:20:00,14:20:00,42545,12,0,0,4.8693
2147,14:23:00,14:23:00,26326,13,0,0,4.8788
2147,14:26:00,14:26:00,39134,14,0,0,5.3758
2147,14:28:00,14:28:00,39133,15,0,0,5.7481
2147,14:29:00,14:29:00,39131,16,0,0,5.8576
2147,14:31:00,14:31:00,39130,17,0,0,6.0187
2148,14:25:00,14:25:00,38065,1,0,0,0.0000
2148,14:27:00,14:27:00,38064,2,0,0,0.3998
2148,14:31:00,14:31:00,26316,3,0,0,0.8362
2148,14:33:00,14:33:00,6907,4,0,0,1.3813
2148,14:35:00,14:35:00,14984,5,0,0,1.8928
2148,14:37:00,14:37:00,6966,6,0,0,2.4422
2148,14:39:00,14:39:00,14986,7,0,0,3.0157
2148,14:40:00,14:40:00,6957,8,0,0,3.4841
2148,14:41:00,14:41:00,6995,9,0,0,3.7445
2148,14:42:00,14:42:00,6997,10,0,0,4.2691
2148,14:43:00,14:43:00,6900,11,0,0,4.4496
2148,14:45:00,14:45:00,42545,12,0,0,4.8693
2148,14:48:00,14:48:00,26326,13,0,0,4.8788
2148,14:51:00,14:51:00,39134,14,0,0,5.3758
2148,14:53:00,14:53:00,39133,15,0,0,5.7481
2148,14:54:00,14:54:00,39131,16,0,0,5.8576
2148,14:56:00,14:56:00,39130,17,0,0,6.0187
2149,14:50:00,14:50:00,38065,1,0,0,0.0000
2149,14:52:00,14:52:00,38064,2,0,0,0.3998
2149,14:56:00,14:56:00,26316,3,0,0,0.8362
2149,14:58:00,14:58:00,6907,4,0,0,1.3813
2149,15:00:00,15:00:00,14984,5,0,0,1.8928
2149,15:02:00,15:02:00,6966,6,0,0,2.4422
2149,15:04:00,15:04:00,14986,7,0,0,3.0157
2149,15:05:00,15:05:00,6957,8,0,0,3.4841
2149,15:06:00,15:06:00,6995,9,0,0,3.7445
2149,15:07:00,15:07:00,6997,10,0,0,4.2691
2149,15:08:00,15:08:00,6900,11,0,0,4.4496
2149,15:10:00,15:10:00,42545,12,0,0,4.8693
2149,15:13:00,15:13:00,26326,13,0,0,4.8788
2149,15:16:00,15:16:00,39134,14,0,0,5.3758
2149,15:18:00,15:18:00,39133,15,0,0,5.7481
2149,15:19:00,15:19:00,39131,16,0,0,5.8576
2149,15:21:00,15:21:00,39130,17,0,0,6.0187
2150,15:15:00,15:15:00,38065,1,0,0,0.0000
2150,15:17:00,15:17:00,38064,2,0,0,0.3998
2150,15:21:00,15:21:00,26316,3,0,0,0.8362
2150,15:23:00,15:23:00,6907,4,0,0,1.3813
2150,15:25:00,15:25:00,14984,5,0,0,1.8928
2150,15:27:00,15:27:00,6966,6,0,0,2.4422
2150,15:29:00,15:29:00,14986,7,0,0,3.0157
2150,15:30:00,15:30:00,6957,8,0,0,3.4841
2150,15:31:00,15:31:00,6995,9,0,0,3.7445
2150,15:32:00,15:32:00,6997,10,0,0,4.2691
2150,15:33:00,15:33:00,6900,11,0,0,4.4496
2150,15:35:00,15:35:00,42545,12,0,0,4.8693
2150,15:38:00,15:38:00,26326,13,0,0,4.8788
2150,15:41:00,15:41:00,39134,14,0,0,5.3758
2150,15:43:00,15:43:00,39133,15,0,0,5.7481
2150,15:44:00,15:44:00,39131,16,0,0,5.8576
2150,15:46:00,15:46:00,39130,17,0,0,6.0187
2151,15:40:00,15:40:00,38065,1,0,0,0.0000
2151,15:42:00,15:42:00,38064,2,0,0,0.3998
2151,15:46:00,15:46:00,26316,3,0,0,0.8362
2151,15:48:00,15:48:00,6907,4,0,0,1.3813
2151,15:50:00,15:50:00,14984,5,0,0,1.8928
2151,15:52:00,15:52:00,6966,6,0,0,2.4422
2151,15:54:00,15:54:00,14986,7,0,0,3.0157
2151,15:55:00,15:55:00,6957,8,0,0,3.4841
2151,15:56:00,15:56:00,6995,9,0,0,3.7445
2151,15:57:00,15:57:00,6997,10,0,0,4.2691
2151,15:58:00,15:58:00,6900,11,0,0,4.4496
2151,16:00:00,16:00:00,42545,12,0,0,4.8693
2151,16:03:00,16:03:00,26326,13,0,0,4.8788
2151,16:06:00,16:06:00,39134,14,0,0,5.3758
2151,16:08:00,16:08:00,39133,15,0,0,5.7481
2151,16:09:00,16:09:00,39131,16,0,0,5.8576
2151,16:11:00,16:11:00,39130,17,0,0,6.0187
2152,16:05:00,16:05:00,38065,1,0,0,0.0000
2152,16:07:00,16:07:00,38064,2,0,0,0.3998
2152,16:11:00,16:11:00,26316,3,0,0,0.8362
2152,16:13:00,16:13:00,6907,4,0,0,1.3813
2152,16:15:00,16:15:00,14984,5,0,0,1.8928
2152,16:17:00,16:17:00,6966,6,0,0,2.4422
2152,16:19:00,16:19:00,14986,7,0,0,3.0157
2152,16:20:00,16:20:00,6957,8,0,0,3.4841
2152,16:21:00,16:21:00,6995,9,0,0,3.7445
2152,16:22:00,16:22:00,6997,10,0,0,4.2691
2152,16:23:00,16:23:00,6900,11,0,0,4.4496
2152,16:25:00,16:25:00,42545,12,0,0,4.8693
2152,16:28:00,16:28:00,26326,13,0,0,4.8788
2152,16:31:00,16:31:00,39134,14,0,0,5.3758
2152,16:33:00,16:33:00,39133,15,0,0,5.7481
2152,16:34:00,16:34:00,39131,16,0,0,5.8576
2152,16:36:00,16:36:00,39130,17,0,0,6.0187
2153,16:30:00,16:30:00,38065,1,0,0,0.0000
2153,16:32:00,16:32:00,38064,2,0,0,0.3998
2153,16:36:00,16:36:00,26316,3,0,0,0.8362
2153,16:38:00,16:38:00,6907,4,0,0,1.3813
2153,16:40:00,16:40:00,14984,5,0,0,1.8928
2153,16:42:00,16:42:00,6966,6,0,0,2.4422
2153,16:44:00,16:44:00,14986,7,0,0,3.0157
2153,16:45:00,16:45:00,6957,8,0,0,3.4841
2153,16:46:00,16:46:00,6995,9,0,0,3.7445
2153,16:47:00,16:47:00,6997,10,0,0,4.2691
2153,16:48:00,16:48:00,6900,11,0,0,4.4496
2153,16:50:00,16:50:00,42545,12,0,0,4.8693
2153,16:53:00,16:53:00,26326,13,0,0,4.8788
2153,16:56:00,16:56:00,39134,14,0,0,5.3758
2153,16:58:00,16:58:00,39133,15,0,0,5.7481
2153,16:59:00,16:59:00,39131,16,0,0,5.8576
2153,17:01:00,17:01:00,39130,17,0,0,6.0187
2154,16:55:00,16:55:00,38065,1,0,0,0.0000
2154,16:57:00,16:57:00,38064,2,0,0,0.3998
2154,17:01:00,17:01:00,26316,3,0,0,0.8362
2154,17:03:00,17:03:00,6907,4,0,0,1.3813
2154,17:05:00,17:05:00,14984,5,0,0,1.8928
2154,17:07:00,17:07:00,6966,6,0,0,2.4422
2154,17:09:00,17:09:00,14986,7,0,0,3.0157
2154,17:10:00,17:10:00,6957,8,0,0,3.4841
2154,17:11:00,17:11:00,6995,9,0,0,3.7445
2154,17:12:00,17:12:00,6997,10,0,0,4.2691
2154,17:13:00,17:13:00,6900,11,0,0,4.4496
2154,17:15:00,17:15:00,42545,12,0,0,4.8693
2154,17:18:00,17:18:00,26326,13,0,0,4.8788
2154,17:21:00,17:21:00,39134,14,0,0,5.3758
2154,17:23:00,17:23:00,39133,15,0,0,5.7481
2154,17:24:00,17:24:00,39131,16,0,0,5.8576
2154,17:26:00,17:26:00,39130,17,0,0,6.0187
2155,17:20:00,17:20:00,38065,1,0,0,0.0000
2155,17:22:00,17:22:00,38064,2,0,0,0.3998
2155,17:26:00,17:26:00,26316,3,0,0,0.8362
2155,17:28:00,17:28:00,6907,4,0,0,1.3813
2155,17:30:00,17:30:00,14984,5,0,0,1.8928
2155,17:32:00,17:32:00,6966,6,0,0,2.4422
2155,17:34:00,17:34:00,14986,7,0,0,3.0157
2155,17:35:00,17:35:00,6957,8,0,0,3.4841
2155,17:36:00,17:36:00,6995,9,0,0,3.7445
2155,17:37:00,17:37:00,6997,10,0,0,4.2691
2155,17:38:00,17:38:00,6900,11,0,0,4.4496
2155,17:40:00,17:40:00,42545,12,0,0,4.8693
2155,17:43:00,17:43:00,26326,13,0,0,4.8788
2155,17:46:00,17:46:00,39134,14,0,0,5.3758
2155,17:48:00,17:48:00,39133,15,0,0,5.7481
2155,17:49:00,17:49:00,39131,16,0,0,5.8576
2155,17:51:00,17:51:00,39130,17,0,0,6.0187
2156,17:45:00,17:45:00,38065,1,0,0,0.0000
2156,17:47:00,17:47:00,38064,2,0,0,0.3998
2156,17:51:00,17:51:00,26316,3,0,0,0.8362
2156,17:53:00,17:53:00,6907,4,0,0,1.3813
2156,17:55:00,17:55:00,14984,5,0,0,1.8928
2156,17:57:00,17:57:00,6966,6,0,0,2.4422
2156,17:59:00,17:59:00,14986,7,0,0,3.0157
2156,18:00:00,18:00:00,6957,8,0,0,3.4841
2156,18:01:00,18:01:00,6995,9,0,0,3.7445
2156,18:02:00,18:02:00,6997,10,0,0,4.2691
2156,18:03:00,18:03:00,6900,11,0,0,4.4496
2156,18:05:00,18:05:00,42545,12,0,0,4.8693
2156,18:08:00,18:08:00,26326,13,0,0,4.8788
2156,18:11:00,18:11:00,39134,14,0,0,5.3758
2156,18:13:00,18:13:00,39133,15,0,0,5.7481
2156,18:14:00,18:14:00,39131,16,0,0,5.8576
2156,18:16:00,18:16:00,39130,17,0,0,6.0187
2157,18:10:00,18:10:00,38065,1,0,0,0.0000
2157,18:12:00,18:12:00,38064,2,0,0,0.3998
2157,18:16:00,18:16:00,26316,3,0,0,0.8362
2157,18:18:00,18:18:00,6907,4,0,0,1.3813
2157,18:20:00,18:20:00,14984,5,0,0,1.8928
2157,18:22:00,18:22:00,6966,6,0,0,2.4422
2157,18:24:00,18:24:00,14986,7,0,0,3.0157
2157,18:25:00,18:25:00,6957,8,0,0,3.4841
2157,18:26:00,18:26:00,6995,9,0,0,3.7445
2157,18:27:00,18:27:00,6997,10,0,0,4.2691
2157,18:28:00,18:28:00,6900,11,0,0,4.4496
2157,18:30:00,18:30:00,42545,12,0,0,4.8693
2157,18:33:00,18:33:00,26326,13,0,0,4.8788
2157,18:36:00,18:36:00,39134,14,0,0,5.3758
2157,18:38:00,18:38:00,39133,15,0,0,5.7481
2157,18:39:00,18:39:00,39131,16,0,0,5.8576
2157,18:41:00,18:41:00,39130,17,0,0,6.0187
2158,18:35:00,18:35:00,38065,1,0,0,0.0000
2158,18:37:00,18:37:00,38064,2,0,0,0.3998
2158,18:41:00,18:41:00,26316,3,0,0,0.8362
2158,18:43:00,18:43:00,6907,4,0,0,1.3813
2158,18:45:00,18:45:00,14984,5,0,0,1.8928
2158,18:47:00,18:47:00,6966,6,0,0,2.4422
2158,18:49:00,18:49:00,14986,7,0,0,3.0157
2158,18:50:00,18:50:00,6957,8,0,0,3.4841
2158,18:51:00,18:51:00,6995,9,0,0,3.7445
2158,18:52:00,18:52:00,6997,10,0,0,4.2691
2158,18:53:00,18:53:00,6900,11,0,0,4.4496
2158,18:55:00,18:55:00,42545,12,0,0,4.8693
2158,18:58:00,18:58:00,26326,13,0,0,4.8788
2158,19:01:00,19:01:00,39134,14,0,0,5.3758
2158,19:03:00,19:03:00,39133,15,0,0,5.7481
2158,19:04:00,19:04:00,39131,16,0,0,5.8576
2158,19:06:00,19:06:00,39130,17,0,0,6.0187
2159,19:00:00,19:00:00,38065,1,0,0,0.0000
2159,19:02:00,19:02:00,38064,2,0,0,0.3998
2159,19:06:00,19:06:00,26316,3,0,0,0.8362
2159,19:08:00,19:08:00,6907,4,0,0,1.3813
2159,19:10:00,19:10:00,14984,5,0,0,1.8928
2159,19:12:00,19:12:00,6966,6,0,0,2.4422
2159,19:14:00,19:14:00,14986,7,0,0,3.0157
2159,19:15:00,19:15:00,6957,8,0,0,3.4841
2159,19:16:00,19:16:00,6995,9,0,0,3.7445
2159,19:17:00,19:17:00,6997,10,0,0,4.2691
2159,19:18:00,19:18:00,6900,11,0,0,4.4496
2159,19:20:00,19:20:00,42545,12,0,0,4.8693
2159,19:23:00,19:23:00,26326,13,0,0,4.8788
2159,19:26:00,19:26:00,39134,14,0,0,5.3758
2159,19:28:00,19:28:00,39133,15,0,0,5.7481
2159,19:29:00,19:29:00,39131,16,0,0,5.8576
2159,19:31:00,19:31:00,39130,17,0,0,6.0187
2160,19:25:00,19:25:00,38065,1,0,0,0.0000
2160,19:27:00,19:27:00,38064,2,0,0,0.3998
2160,19:31:00,19:31:00,26316,3,0,0,0.8362
2160,19:33:00,19:33:00,6907,4,0,0,1.3813
2160,19:35:00,19:35:00,14984,5,0,0,1.8928
2160,19:37:00,19:37:00,6966,6,0,0,2.4422
2160,19:39:00,19:39:00,14986,7,0,0,3.0157
2160,19:40:00,19:40:00,6957,8,0,0,3.4841
2160,19:41:00,19:41:00,6995,9,0,0,3.7445
2160,19:42:00,19:42:00,6997,10,0,0,4.2691
2160,19:43:00,19:43:00,6900,11,0,0,4.4496
2160,19:45:00,19:45:00,42545,12,0,0,4.8693
2160,19:48:00,19:48:00,26326,13,0,0,4.8788
2160,19:51:00,19:51:00,39134,14,0,0,5.3758
2160,19:53:00,19:53:00,39133,15,0,0,5.7481
2160,19:54:00,19:54:00,39131,16,0,0,5.8576
2160,19:56:00,19:56:00,39130,17,0,0,6.0187
2161,19:50:00,19:50:00,38065,1,0,0,0.0000
2161,19:52:00,19:52:00,38064,2,0,0,0.3998
2161,19:56:00,19:56:00,26316,3,0,0,0.8362
2161,19:58:00,19:58:00,6907,4,0,0,1.3813
2161,20:00:00,20:00:00,14984,5,0,0,1.8928
2161,20:02:00,20:02:00,6966,6,0,0,2.4422
2161,20:04:00,20:04:00,14986,7,0,0,3.0157
2161,20:05:00,20:05:00,6957,8,0,0,3.4841
2161,20:06:00,20:06:00,6995,9,0,0,3.7445
2161,20:07:00,20:07:00,6997,10,0,0,4.2691
2161,20:08:00,20:08:00,6900,11,0,0,4.4496
2161,20:10:00,20:10:00,42545,12,0,0,4.8693
2161,20:13:00,20:13:00,26326,13,0,0,4.8788
2161,20:16:00,20:16:00,39134,14,0,0,5.3758
2161,20:18:00,20:18:00,39133,15,0,0,5.7481
2161,20:19:00,20:19:00,39131,16,0,0,5.8576
2161,20:21:00,20:21:00,39130,17,0,0,6.0187
2162,20:15:00,20:15:00,38065,1,0,0,0.0000
2162,20:17:00,20:17:00,38064,2,0,0,0.3998
2162,20:21:00,20:21:00,26316,3,0,0,0.8362
2162,20:23:00,20:23:00,6907,4,0,0,1.3813
2162,20:25:00,20:25:00,14984,5,0,0,1.8928
2162,20:27:00,20:27:00,6966,6,0,0,2.4422
2162,20:29:00,20:29:00,14986,7,0,0,3.0157
2162,20:30:00,20:30:00,6957,8,0,0,3.4841
2162,20:31:00,20:31:00,6995,9,0,0,3.7445
2162,20:32:00,20:32:00,6997,10,0,0,4.2691
2162,20:33:00,20:33:00,6900,11,0,0,4.4496
2162,20:35:00,20:35:00,42545,12,0,0,4.8693
2162,20:38:00,20:38:00,26326,13,0,0,4.8788
2162,20:41:00,20:41:00,39134,14,0,0,5.3758
2162,20:43:00,20:43:00,39133,15,0,0,5.7481
2162,20:44:00,20:44:00,39131,16,0,0,5.8576
2162,20:46:00,20:46:00,39130,17,0,0,6.0187
2163,20:40:00,20:40:00,38065,1,0,0,0.0000
2163,20:42:00,20:42:00,38064,2,0,0,0.3998
2163,20:46:00,20:46:00,26316,3,0,0,0.8362
2163,20:48:00,20:48:00,6907,4,0,0,1.3813
2163,20:50:00,20:50:00,14984,5,0,0,1.8928
2163,20:52:00,20:52:00,6966,6,0,0,2.4422
2163,20:54:00,20:54:00,14986,7,0,0,3.0157
2163,20:55:00,20:55:00,6957,8,0,0,3.4841
2163,20:56:00,20:56:00,6995,9,0,0,3.7445
2163,20:57:00,20:57:00,6997,10,0,0,4.2691
2163,20:58:00,20:58:00,6900,11,0,0,4.4496
2163,21:00:00,21:00:00,42545,12,0,0,4.8693
2163,21:03:00,21:03:00,26326,13,0,0,4.8788
2163,21:06:00,21:06:00,39134,14,0,0,5.3758
2163,21:08:00,21:08:00,39133,15,0,0,5.7481
2163,21:09:00,21:09:00,39131,16,0,0,5.8576
2163,21:11:00,21:11:00,39130,17,0,0,6.0187
2164,21:05:00,21:05:00,38065,1,0,0,0.0000
2164,21:07:00,21:07:00,38064,2,0,0,0.3998
2164,21:11:00,21:11:00,26316,3,0,0,0.8362
2164,21:13:00,21:13:00,6907,4,0,0,1.3813
2164,21:15:00,21:15:00,14984,5,0,0,1.8928
2164,21:17:00,21:17:00,6966,6,0,0,2.4422
2164,21:19:00,21:19:00,14986,7,0,0,3.0157
2164,21:20:00,21:20:00,6957,8,0,0,3.4841
2164,21:21:00,21:21:00,6995,9,0,0,3.7445
2164,21:22:00,21:22:00,6997,10,0,0,4.2691
2164,21:23:00,21:23:00,6900,11,0,0,4.4496
2164,21:25:00,21:25:00,42545,12,0,0,4.8693
2164,21:28:00,21:28:00,26326,13,0,0,4.8788
2164,21:31:00,21:31:00,39134,14,0,0,5.3758
2164,21:33:00,21:33:00,39133,15,0,0,5.7481
2164,21:34:00,21:34:00,39131,16,0,0,5.8576
2164,21:36:00,21:36:00,39130,17,0,0,6.0187
2165,21:30:00,21:30:00,38065,1,0,0,0.0000
2165,21:32:00,21:32:00,38064,2,0,0,0.3998
2165,21:36:00,21:36:00,26316,3,0,0,0.8362
2165,21:38:00,21:38:00,6907,4,0,0,1.3813
2165,21:40:00,21:40:00,14984,5,0,0,1.8928
2165,21:42:00,21:42:00,6966,6,0,0,2.4422
2165,21:44:00,21:44:00,14986,7,0,0,3.0157
2165,21:45:00,21:45:00,6957,8,0,0,3.4841
2165,21:46:00,21:46:00,6995,9,0,0,3.7445
2165,21:47:00,21:47:00,6997,10,0,0,4.2691
2165,21:48:00,21:48:00,6900,11,0,0,4.4496
2165,21:50:00,21:50:00,42545,12,0,0,4.8693
2165,21:53:00,21:53:00,26326,13,0,0,4.8788
2165,21:56:00,21:56:00,39134,14,0,0,5.3758
2165,21:58:00,21:58:00,39133,15,0,0,5.7481
2165,21:59:00,21:59:00,39131,16,0,0,5.8576
2165,22:01:00,22:01:00,39130,17,0,0,6.0187
2166,21:55:00,21:55:00,38065,1,0,0,0.0000
2166,21:57:00,21:57:00,38064,2,0,0,0.3998
2166,22:01:00,22:01:00,26316,3,0,0,0.8362
2166,22:03:00,22:03:00,6907,4,0,0,1.3813
2166,22:05:00,22:05:00,14984,5,0,0,1.8928
2166,22:07:00,22:07:00,6966,6,0,0,2.4422
2166,22:09:00,22:09:00,14986,7,0,0,3.0157
2166,22:10:00,22:10:00,6957,8,0,0,3.4841
2166,22:11:00,22:11:00,6995,9,0,0,3.7445
2166,22:12:00,22:12:00,6997,10,0,0,4.2691
2166,22:13:00,22:13:00,6900,11,0,0,4.4496
2166,22:15:00,22:15:00,42545,12,0,0,4.8693
2166,22:18:00,22:18:00,26326,13,0,0,4.8788
2166,22:21:00,22:21:00,39134,14,0,0,5.3758
2166,22:23:00,22:23:00,39133,15,0,0,5.7481
2166,22:24:00,22:24:00,39131,16,0,0,5.8576
2166,22:26:00,22:26:00,39130,17,0,0,6.0187
2167,22:20:00,22:20:00,38065,1,0,0,0.0000
2167,22:22:00,22:22:00,38064,2,0,0,0.3998
2167,22:26:00,22:26:00,26316,3,0,0,0.8362
2167,22:28:00,22:28:00,6907,4,0,0,1.3813
2167,22:30:00,22:30:00,14984,5,0,0,1.8928
2167,22:32:00,22:32:00,6966,6,0,0,2.4422
2167,22:34:00,22:34:00,14986,7,0,0,3.0157
2167,22:35:00,22:35:00,6957,8,0,0,3.4841
2167,22:36:00,22:36:00,6995,9,0,0,3.7445
2167,22:37:00,22:37:00,6997,10,0,0,4.2691
2167,22:38:00,22:38:00,6900,11,0,0,4.4496
2167,22:40:00,22:40:00,42545,12,0,0,4.8693
2167,22:43:00,22:43:00,26326,13,0,0,4.8788
2167,22:46:00,22:46:00,39134,14,0,0,5.3758
2167,22:48:00,22:48:00,39133,15,0,0,5.7481
2167,22:49:00,22:49:00,39131,16,0,0,5.8576
2167,22:51:00,22:51:00,39130,17,0,0,6.0187
2168,22:45:00,22:45:00,38065,1,0,0,0.0000
2168,22:47:00,22:47:00,38064,2,0,0,0.3998
2168,22:51:00,22:51:00,26316,3,0,0,0.8362
2168,22:53:00,22:53:00,6907,4,0,0,1.3813
2168,22:55:00,22:55:00,14984,5,0,0,1.8928
2168,22:57:00,22:57:00,6966,6,0,0,2.4422
2168,22:59:00,22:59:00,14986,7,0,0,3.0157
2168,23:00:00,23:00:00,6957,8,0,0,3.4841
2168,23:01:00,23:01:00,6995,9,0,0,3.7445
2168,23:02:00,23:02:00,6997,10,0,0,4.2691
2168,23:03:00,23:03:00,6900,11,0,0,4.4496
2168,23:05:00,23:05:00,42545,12,0,0,4.8693
2168,23:08:00,23:08:00,26326,13,0,0,4.8788
2168,23:11:00,23:11:00,39134,14,0,0,5.3758
2168,23:13:00,23:13:00,39133,15,0,0,5.7481
2168,23:14:00,23:14:00,39131,16,0,0,5.8576
2168,23:16:00,23:16:00,39130,17,0,0,6.0187
2169,23:10:00,23:10:00,38065,1,0,0,0.0000
2169,23:12:00,23:12:00,38064,2,0,0,0.3998
2169,23:16:00,23:16:00,26316,3,0,0,0.8362
2169,23:18:00,23:18:00,6907,4,0,0,1.3813
2169,23:20:00,23:20:00,14984,5,0,0,1.8928
2169,23:22:00,23:22:00,6966,6,0,0,2.4422
2169,23:24:00,23:24:00,14986,7,0,0,3.0157
2169,23:25:00,23:25:00,6957,8,0,0,3.4841
2169,23:26:00,23:26:00,6995,9,0,0,3.7445
2169,23:27:00,23:27:00,6997,10,0,0,4.2691
2169,23:28:00,23:28:00,6900,11,0,0,4.4496
2169,23:30:00,23:30:00,42545,12,0,0,4.8693
2170,23:35:00,23:35:00,38065,1,0,0,0.0000
2170,23:37:00,23:37:00,38064,2,0,0,0.3998
2170,23:41:00,23:41:00,26316,3,0,0,0.8362
2170,23:43:00,23:43:00,6907,4,0,0,1.3813
2170,23:45:00,23:45:00,14984,5,0,0,1.8928
2170,23:47:00,23:47:00,6966,6,0,0,2.4422
2170,23:49:00,23:49:00,14986,7,0,0,3.0157
2170,23:50:00,23:50:00,6957,8,0,0,3.4841
2170,23:51:00,23:51:00,6995,9,0,0,3.7445
2170,23:52:00,23:52:00,6997,10,0,0,4.2691
2170,23:53:00,23:53:00,6900,11,0,0,4.4496
2170,23:55:00,23:55:00,42545,12,0,0,4.8693
2171,24:00:00,24:00:00,38065,1,0,0,0.0000
2171,24:02:00,24:02:00,38064,2,0,0,0.3998
2171,24:06:00,24:06:00,26316,3,0,0,0.8362
2171,24:08:00,24:08:00,6907,4,0,0,1.3813
2171,24:10:00,24:10:00,14984,5,0,0,1.8928
2171,24:12:00,24:12:00,6966,6,0,0,2.4422
2171,24:14:00,24:14:00,14986,7,0,0,3.0157
2171,24:15:00,24:15:00,6957,8,0,0,3.4841
2171,24:16:00,24:16:00,6995,9,0,0,3.7445
2171,24:17:00,24:17:00,6997,10,0,0,4.2691
2171,24:18:00,24:18:00,6900,11,0,0,4.4496
2171,24:20:00,24:20:00,42545,12,0,0,4.8693
2172,24:25:00,24:25:00,38065,1,0,0,0.0000
2172,24:27:00,24:27:00,38064,2,0,0,0.3998
2172,24:31:00,24:31:00,26316,3,0,0,0.8362
2172,24:33:00,24:33:00,6907,4,0,0,1.3813
2172,24:35:00,24:35:00,14984,5,0,0,1.8928
2172,24:37:00,24:37:00,6966,6,0,0,2.4422
2172,24:39:00,24:39:00,14986,7,0,0,3.0157
2172,24:40:00,24:40:00,6957,8,0,0,3.4841
2172,24:41:00,24:41:00,6995,9,0,0,3.7445
2172,24:42:00,24:42:00,6997,10,0,0,4.2691
2172,24:43:00,24:43:00,6900,11,0,0,4.4496
2172,24:45:00,24:45:00,42545,12,0,0,4.8693
2173,24:50:00,24:50:00,38065,1,0,0,0.0000
2173,24:52:00,24:52:00,38064,2,0,0,0.3998
2173,24:56:00,24:56:00,26316,3,0,0,0.8362
2173,24:58:00,24:58:00,6907,4,0,0,1.3813
2173,25:00:00,25:00:00,14984,5,0,0,1.8928
2173,25:02:00,25:02:00,6966,6,0,0,2.4422
2173,25:04:00,25:04:00,14986,7,0,0,3.0157
2173,25:05:00,25:05:00,6957,8,0,0,3.4841
2173,25:06:00,25:06:00,6995,9,0,0,3.7445
2173,25:07:00,25:07:00,6997,10,0,0,4.2691
2173,25:08:00,25:08:00,6900,11,0,0,4.4496
2173,25:10:00,25:10:00,42545,12,0,0,4.8693
2174,05:25:00,05:25:00,39130,1,0,0,0.0000
2174,05:28:00,05:28:00,39132,2,0,0,0.2799
2174,05:31:00,05:31:00,39134,3,0,0,0.7195
2174,05:34:00,05:34:00,42545,4,0,0,1.2129
2174,05:37:00,05:37:00,26326,5,0,0,1.2223
2174,05:38:00,05:38:00,6900,6,0,0,1.6500
2174,05:39:00,05:39:00,6997,7,0,0,1.8305
2174,05:41:00,05:41:00,6995,8,0,0,2.3551
2174,05:42:00,05:42:00,6957,9,0,0,2.6155
2174,05:43:00,05:43:00,14986,10,0,0,3.0839
2174,05:45:00,05:45:00,6966,11,0,0,3.6574
2174,05:47:00,05:47:00,14984,12,0,0,4.2068
2174,05:49:00,05:49:00,6907,13,0,0,4.7184
2174,05:51:00,05:51:00,26316,14,0,0,5.2634
2174,05:55:00,05:55:00,38064,15,0,0,5.6881
2174,05:57:00,05:57:00,38065,16,0,0,6.0843
2175,05:50:00,05:50:00,39130,1,0,0,0.0000
2175,05:53:00,05:53:00,39132,2,0,0,0.2799
2175,05:56:00,05:56:00,39134,3,0,0,0.7195
2175,05:59:00,05:59:00,42545,4,0,0,1.2129
2175,06:02:00,06:02:00,26326,5,0,0,1.2223
2175,06:03:00,06:03:00,6900,6,0,0,1.6500
2175,06:04:00,06:04:00,6997,7,0,0,1.8305
2175,06:06:00,06:06:00,6995,8,0,0,2.3551
2175,06:07:00,06:07:00,6957,9,0,0,2.6155
2175,06:08:00,06:08:00,14986,10,0,0,3.0839
2175,06:10:00,06:10:00,6966,11,0,0,3.6574
2175,06:12:00,06:12:00,14984,12,0,0,4.2068
2175,06:14:00,06:14:00,6907,13,0,0,4.7184
2175,06:16:00,06:16:00,26316,14,0,0,5.2634
2175,06:20:00,06:20:00,38064,15,0,0,5.6881
2175,06:22:00,06:22:00,38065,16,0,0,6.0843
2176,06:15:00,06:15:00,39130,1,0,0,0.0000
2176,06:18:00,06:18:00,39132,2,0,0,0.2799
2176,06:21:00,06:21:00,39134,3,0,0,0.7195
2176,06:24:00,06:24:00,42545,4,0,0,1.2129
2176,06:27:00,06:27:00,26326,5,0,0,1.2223
2176,06:28:00,06:28:00,6900,6,0,0,1.6500
2176,06:29:00,06:29:00,6997,7,0,0,1.8305
2176,06:31:00,06:31:00,6995,8,0,0,2.3551
2176,06:32:00,06:32:00,6957,9,0,0,2.6155
2176,06:33:00,06:33:00,14986,10,0,0,3.0839
2176,06:35:00,06:35:00,6966,11,0,0,3.6574
2176,06:37:00,06:37:00,14984,12,0,0,4.2068
2176,06:39:00,06:39:00,6907,13,0,0,4.7184
2176,06:41:00,06:41:00,26316,14,0,0,5.2634
2176,06:45:00,06:45:00,38064,15,0,0,5.6881
2176,06:47:00,06:47:00,38065,16,0,0,6.0843
2177,06:40:00,06:40:00,39130,1,0,0,0.0000
2177,06:43:00,06:43:00,39132,2,0,0,0.2799
2177,06:46:00,06:46:00,39134,3,0,0,0.7195
2177,06:49:00,06:49:00,42545,4,0,0,1.2129
2177,06:52:00,06:52:00,26326,5,0,0,1.2223
2177,06:53:00,06:53:00,6900,6,0,0,1.6500
2177,06:54:00,06:54:00,6997,7,0,0,1.8305
2177,06:56:00,06:56:00,6995,8,0,0,2.3551
2177,06:57:00,06:57:00,6957,9,0,0,2.6155
2177,06:58:00,06:58:00,14986,10,0,0,3.0839
2177,07:00:00,07:00:00,6966,11,0,0,3.6574
2177,07:02:00,07:02:00,14984,12,0,0,4.2068
2177,07:04:00,07:04:00,6907,13,0,0,4.7184
2177,07:06:00,07:06:00,26316,14,0,0,5.2634
2177,07:10:00,07:10:00,38064,15,0,0,5.6881
2177,07:12:00,07:12:00,38065,16,0,0,6.0843
2178,07:05:00,07:05:00,39130,1,0,0,0.0000
2178,07:08:00,07:08:00,39132,2,0,0,0.2799
2178,07:11:00,07:11:00,39134,3,0,0,0.7195
2178,07:14:00,07:14:00,42545,4,0,0,1.2129
2178,07:17:00,07:17:00,26326,5,0,0,1.2223
2178,07:18:00,07:18:00,6900,6,0,0,1.6500
2178,07:19:00,07:19:00,6997,7,0,0,1.8305
2178,07:21:00,07:21:00,6995,8,0,0,2.3551
2178,07:22:00,07:22:00,6957,9,0,0,2.6155
2178,07:23:00,07:23:00,14986,10,0,0,3.0839
2178,07:25:00,07:25:00,6966,11,0,0,3.6574
2178,07:27:00,07:27:00,14984,12,0,0,4.2068
2178,07:29:00,07:29:00,6907,13,0,0,4.7184
2178,07:31:00,07:31:00,26316,14,0,0,5.2634
2178,07:35:00,07:35:00,38064,15,0,0,5.6881
2178,07:37:00,07:37:00,38065,16,0,0,6.0843
2179,07:30:00,07:30:00,39130,1,0,0,0.0000
2179,07:33:00,07:33:00,39132,2,0,0,0.2799
2179,07:36:00,07:36:00,39134,3,0,0,0.7195
2179,07:39:00,07:39:00,42545,4,0,0,1.2129
2179,07:42:00,07:42:00,26326,5,0,0,1.2223
2179,07:43:00,07:43:00,6900,6,0,0,1.6500
2179,07:44:00,07:44:00,6997,7,0,0,1.8305
2179,07:46:00,07:46:00,6995,8,0,0,2.3551
2179,07:47:00,07:47:00,6957,9,0,0,2.6155
2179,07:48:00,07:48:00,14986,10,0,0,3.0839
2179,07:50:00,07:50:00,6966,11,0,0,3.6574
2179,07:52:00,07:52:00,14984,12,0,0,4.2068
2179,07:54:00,07:54:00,6907,13,0,0,4.7184
2179,07:56:00,07:56:00,26316,14,0,0,5.2634
2179,08:00:00,08:00:00,38064,15,0,0,5.6881
2179,08:02:00,08:02:00,38065,16,0,0,6.0843
2180,07:55:00,07:55:00,39130,1,0,0,0.0000
2180,07:58:00,07:58:00,39132,2,0,0,0.2799
2180,08:01:00,08:01:00,39134,3,0,0,0.7195
2180,08:04:00,08:04:00,42545,4,0,0,1.2129
2180,08:07:00,08:07:00,26326,5,0,0,1.2223
2180,08:08:00,08:08:00,6900,6,0,0,1.6500
2180,08:09:00,08:09:00,6997,7,0,0,1.8305
2180,08:11:00,08:11:00,6995,8,0,0,2.3551
2180,08:12:00,08:12:00,6957,9,0,0,2.6155
2180,08:13:00,08:13:00,14986,10,0,0,3.0839
2180,08:15:00,08:15:00,6966,11,0,0,3.6574
2180,08:17:00,08:17:00,14984,12,0,0,4.2068
2180,08:19:00,08:19:00,6907,13,0,0,4.7184
2180,08:21:00,08:21:00,26316,14,0,0,5.2634
2180,08:25:00,08:25:00,38064,15,0,0,5.6881
2180,08:27:00,08:27:00,38065,16,0,0,6.0843
2181,08:20:00,08:20:00,39130,1,0,0,0.0000
2181,08:23:00,08:23:00,39132,2,0,0,0.2799
2181,08:26:00,08:26:00,39134,3,0,0,0.7195
2181,08:29:00,08:29:00,42545,4,0,0,1.2129
2181,08:32:00,08:32:00,26326,5,0,0,1.2223
2181,08:33:00,08:33:00,6900,6,0,0,1.6500
2181,08:34:00,08:34:00,6997,7,0,0,1.8305
2181,08:36:00,08:36:00,6995,8,0,0,2.3551
2181,08:37:00,08:37:00,6957,9,0,0,2.6155
2181,08:38:00,08:38:00,14986,10,0,0,3.0839
2181,08:40:00,08:40:00,6966,11,0,0,3.6574
2181,08:42:00,08:42:00,14984,12,0,0,4.2068
2181,08:44:00,08:44:00,6907,13,0,0,4.7184
2181,08:46:00,08:46:00,26316,14,0,0,5.2634
2181,08:50:00,08:50:00,38064,15,0,0,5.6881
2181,08:52:00,08:52:00,38065,16,0,0,6.0843
2182,08:45:00,08:45:00,39130,1,0,0,0.0000
2182,08:48:00,08:48:00,39132,2,0,0,0.2799
2182,08:51:00,08:51:00,39134,3,0,0,0.7195
2182,08:54:00,08:54:00,42545,4,0,0,1.2129
2182,08:57:00,08:57:00,26326,5,0,0,1.2223
2182,08:58:00,08:58:00,6900,6,0,0,1.6500
2182,08:59:00,08:59:00,6997,7,0,0,1.8305
2182,09:01:00,09:01:00,6995,8,0,0,2.3551
2182,09:02:00,09:02:00,6957,9,0,0,2.6155
2182,09:03:00,09:03:00,14986,10,0,0,3.0839
2182,09:05:00,09:05:00,6966,11,0,0,3.6574
2182,09:07:00,09:07:00,14984,12,0,0,4.2068
2182,09:09:00,09:09:00,6907,13,0,0,4.7184
2182,09:11:00,09:11:00,26316,14,0,0,5.2634
2182,09:15:00,09:15:00,38064,15,0,0,5.6881
2182,09:17:00,09:17:00,38065,16,0,0,6.0843
2183,09:10:00,09:10:00,39130,1,0,0,0.0000
2183,09:13:00,09:13:00,39132,2,0,0,0.2799
2183,09:16:00,09:16:00,39134,3,0,0,0.7195
2183,09:19:00,09:19:00,42545,4,0,0,1.2129
2183,09:22:00,09:22:00,26326,5,0,0,1.2223
2183,09:23:00,09:23:00,6900,6,0,0,1.6500
2183,09:24:00,09:24:00,6997,7,0,0,1.8305
2183,09:26:00,09:26:00,6995,8,0,0,2.3551
2183,09:27:00,09:27:00,6957,9,0,0,2.6155
2183,09:28:00,09:28:00,14986,10,0,0,3.0839
2183,09:30:00,09:30:00,6966,11,0,0,3.6574
2183,09:32:00,09:32:00,14984,12,0,0,4.2068
2183,09:34:00,09:34:00,6907,13,0,0,4.7184
2183,09:36:00,09:36:00,26316,14,0,0,5.2634
2183,09:40:00,09:40:00,38064,15,0,0,5.6881
2183,09:42:00,09:42:00,38065,16,0,0,6.0843
2184,09:35:00,09:35:00,39130,1,0,0,0.0000
2184,09:38:00,09:38:00,39132,2,0,0,0.2799
2184,09:41:00,09:41:00,39134,3,0,0,0.7195
2184,09:44:00,09:44:00,42545,4,0,0,1.2129
2184,09:47:00,09:47:00,26326,5,0,0,1.2223
2184,09:48:00,09:48:00,6900,6,0,0,1.6500
2184,09:49:00,09:49:00,6997,7,0,0,1.8305
2184,09:51:00,09:51:00,6995,8,0,0,2.3551
2184,09:52:00,09:52:00,6957,9,0,0,2.6155
2184,09:53:00,09:53:00,14986,10,0,0,3.0839
2184,09:55:00,09:55:00,6966,11,0,0,3.6574
2184,09:57:00,09:57:00,14984,12,0,0,4.2068
2184,09:59:00,09:59:00,6907,13,0,0,4.7184
2184,10:01:00,10:01:00,26316,14,0,0,5.2634
2184,10:05:00,10:05:00,38064,15,0,0,5.6881
2184,10:07:00,10:07:00,38065,16,0,0,6.0843
2185,10:00:00,10:00:00,39130,1,0,0,0.0000
2185,10:03:00,10:03:00,39132,2,0,0,0.2799
2185,10:06:00,10:06:00,39134,3,0,0,0.7195
2185,10:09:00,10:09:00,42545,4,0,0,1.2129
2185,10:12:00,10:12:00,26326,5,0,0,1.2223
2185,10:13:00,10:13:00,6900,6,0,0,1.6500
2185,10:14:00,10:14:00,6997,7,0,0,1.8305
2185,10:16:00,10:16:00,6995,8,0,0,2.3551
2185,10:17:00,10:17:00,6957,9,0,0,2.6155
2185,10:18:00,10:18:00,14986,10,0,0,3.0839
2185,10:20:00,10:20:00,6966,11,0,0,3.6574
2185,10:22:00,10:22:00,14984,12,0,0,4.2068
2185,10:24:00,10:24:00,6907,13,0,0,4.7184
2185,10:26:00,10:26:00,26316,14,0,0,5.2634
2185,10:30:00,10:30:00,38064,15,0,0,5.6881
2185,10:32:00,10:32:00,38065,16,0,0,6.0843
2186,10:25:00,10:25:00,39130,1,0,0,0.0000
2186,10:28:00,10:28:00,39132,2,0,0,0.2799
2186,10:31:00,10:31:00,39134,3,0,0,0.7195
2186,10:34:00,10:34:00,42545,4,0,0,1.2129
2186,10:37:00,10:37:00,26326,5,0,0,1.2223
2186,10:38:00,10:38:00,6900,6,0,0,1.6500
2186,10:39:00,10:39:00,6997,7,0,0,1.8305
2186,10:41:00,10:41:00,6995,8,0,0,2.3551
2186,10:42:00,10:42:00,6957,9,0,0,2.6155
2186,10:43:00,10:43:00,14986,10,0,0,3.0839
2186,10:45:00,10:45:00,6966,11,0,0,3.6574
2186,10:47:00,10:47:00,14984,12,0,0,4.2068
2186,10:49:00,10:49:00,6907,13,0,0,4.7184
2186,10:51:00,10:51:00,26316,14,0,0,5.2634
2186,10:55:00,10:55:00,38064,15,0,0,5.6881
2186,10:57:00,10:57:00,38065,16,0,0,6.0843
2187,10:50:00,10:50:00,39130,1,0,0,0.0000
2187,10:53:00,10:53:00,39132,2,0,0,0.2799
2187,10:56:00,10:56:00,39134,3,0,0,0.7195
2187,10:59:00,10:59:00,42545,4,0,0,1.2129
2187,11:02:00,11:02:00,26326,5,0,0,1.2223
2187,11:03:00,11:03:00,6900,6,0,0,1.6500
2187,11:04:00,11:04:00,6997,7,0,0,1.8305
2187,11:06:00,11:06:00,6995,8,0,0,2.3551
2187,11:07:00,11:07:00,6957,9,0,0,2.6155
2187,11:08:00,11:08:00,14986,10,0,0,3.0839
2187,11:10:00,11:10:00,6966,11,0,0,3.6574
2187,11:12:00,11:12:00,14984,12,0,0,4.2068
2187,11:14:00,11:14:00,6907,13,0,0,4.7184
2187,11:16:00,11:16:00,26316,14,0,0,5.2634
2187,11:20:00,11:20:00,38064,15,0,0,5.6881
2187,11:22:00,11:22:00,38065,16,0,0,6.0843
2188,11:15:00,11:15:00,39130,1,0,0,0.0000
2188,11:18:00,11:18:00,39132,2,0,0,0.2799
2188,11:21:00,11:21:00,39134,3,0,0,0.7195
2188,11:24:00,11:24:00,42545,4,0,0,1.2129
2188,11:27:00,11:27:00,26326,5,0,0,1.2223
2188,11:28:00,11:28:00,6900,6,0,0,1.6500
2188,11:29:00,11:29:00,6997,7,0,0,1.8305
2188,11:31:00,11:31:00,6995,8,0,0,2.3551
2188,11:32:00,11:32:00,6957,9,0,0,2.6155
2188,11:33:00,11:33:00,14986,10,0,0,3.0839
2188,11:35:00,11:35:00,6966,11,0,0,3.6574
2188,11:37:00,11:37:00,14984,12,0,0,4.2068
2188,11:39:00,11:39:00,6907,13,0,0,4.7184
2188,11:41:00,11:41:00,26316,14,0,0,5.2634
2188,11:45:00,11:45:00,38064,15,0,0,5.6881
2188,11:47:00,11:47:00,38065,16,0,0,6.0843
2189,11:40:00,11:40:00,39130,1,0,0,0.0000
2189,11:43:00,11:43:00,39132,2,0,0,0.2799
2189,11:46:00,11:46:00,39134,3,0,0,0.7195
2189,11:49:00,11:49:00,42545,4,0,0,1.2129
2189,11:52:00,11:52:00,26326,5,0,0,1.2223
2189,11:53:00,11:53:00,6900,6,0,0,1.6500
2189,11:54:00,11:54:00,6997,7,0,0,1.8305
2189,11:56:00,11:56:00,6995,8,0,0,2.3551
2189,11:57:00,11:57:00,6957,9,0,0,2.6155
2189,11:58:00,11:58:00,14986,10,0,0,3.0839
2189,12:00:00,12:00:00,6966,11,0,0,3.6574
2189,12:02:00,12:02:00,14984,12,0,0,4.2068
2189,12:04:00,12:04:00,6907,13,0,0,4.7184
2189,12:06:00,12:06:00,26316,14,0,0,5.2634
2189,12:10:00,12:10:00,38064,15,0,0,5.6881
2189,12:12:00,12:12:00,38065,16,0,0,6.0843
2190,12:05:00,12:05:00,39130,1,0,0,0.0000
2190,12:08:00,12:08:00,39132,2,0,0,0.2799
2190,12:11:00,12:11:00,39134,3,0,0,0.7195
2190,12:14:00,12:14:00,42545,4,0,0,1.2129
2190,12:17:00,12:17:00,26326,5,0,0,1.2223
2190,12:18:00,12:18:00,6900,6,0,0,1.6500
2190,12:19:00,12:19:00,6997,7,0,0,1.8305
2190,12:21:00,12:21:00,6995,8,0,0,2.3551
2190,12:22:00,12:22:00,6957,9,0,0,2.6155
2190,12:23:00,12:23:00,14986,10,0,0,3.0839
2190,12:25:00,12:25:00,6966,11,0,0,3.6574
2190,12:27:00,12:27:00,14984,12,0,0,4.2068
2190,12:29:00,12:29:00,6907,13,0,0,4.7184
2190,12:31:00,12:31:00,26316,14,0,0,5.2634
2190,12:35:00,12:35:00,38064,15,0,0,5.6881
2190,12:37:00,12:37:00,38065,16,0,0,6.0843
2191,12:30:00,12:30:00,39130,1,0,0,0.0000
2191,12:33:00,12:33:00,39132,2,0,0,0.2799
2191,12:36:00,12:36:00,39134,3,0,0,0.7195
2191,12:39:00,12:39:00,42545,4,0,0,1.2129
2191,12:42:00,12:42:00,26326,5,0,0,1.2223
2191,12:43:00,12:43:00,6900,6,0,0,1.6500
2191,12:44:00,12:44:00,6997,7,0,0,1.8305
2191,12:46:00,12:46:00,6995,8,0,0,2.3551
2191,12:47:00,12:47:00,6957,9,0,0,2.6155
2191,12:48:00,12:48:00,14986,10,0,0,3.0839
2191,12:50:00,12:50:00,6966,11,0,0,3.6574
2191,12:52:00,12:52:00,14984,12,0,0,4.2068
2191,12:54:00,12:54:00,6907,13,0,0,4.7184
2191,12:56:00,12:56:00,26316,14,0,0,5.2634
2191,13:00:00,13:00:00,38064,15,0,0,5.6881
2191,13:02:00,13:02:00,38065,16,0,0,6.0843
2192,12:55:00,12:55:00,39130,1,0,0,0.0000
2192,12:58:00,12:58:00,39132,2,0,0,0.2799
2192,13:01:00,13:01:00,39134,3,0,0,0.7195
2192,13:04:00,13:04:00,42545,4,0,0,1.2129
2192,13:07:00,13:07:00,26326,5,0,0,1.2223
2192,13:08:00,13:08:00,6900,6,0,0,1.6500
2192,13:09:00,13:09:00,6997,7,0,0,1.8305
2192,13:11:00,13:11:00,6995,8,0,0,2.3551
2192,13:12:00,13:12:00,6957,9,0,0,2.6155
2192,13:13:00,13:13:00,14986,10,0,0,3.0839
2192,13:15:00,13:15:00,6966,11,0,0,3.6574
2192,13:17:00,13:17:00,14984,12,0,0,4.2068
2192,13:19:00,13:19:00,6907,13,0,0,4.7184
2192,13:21:00,13:21:00,26316,14,0,0,5.2634
2192,13:25:00,13:25:00,38064,15,0,0,5.6881
2192,13:27:00,13:27:00,38065,16,0,0,6.0843
2193,13:20:00,13:20:00,39130,1,0,0,0.0000
2193,13:23:00,13:23:00,39132,2,0,0,0.2799
2193,13:26:00,13:26:00,39134,3,0,0,0.7195
2193,13:29:00,13:29:00,42545,4,0,0,1.2129
2193,13:32:00,13:32:00,26326,5,0,0,1.2223
2193,13:33:00,13:33:00,6900,6,0,0,1.6500
2193,13:34:00,13:34:00,6997,7,0,0,1.8305
2193,13:36:00,13:36:00,6995,8,0,0,2.3551
2193,13:37:00,13:37:00,6957,9,0,0,2.6155
2193,13:38:00,13:38:00,14986,10,0,0,3.0839
2193,13:40:00,13:40:00,6966,11,0,0,3.6574
2193,13:42:00,13:42:00,14984,12,0,0,4.2068
2193,13:44:00,13:44:00,6907,13,0,0,4.7184
2193,13:46:00,13:46:00,26316,14,0,0,5.2634
2193,13:50:00,13:50:00,38064,15,0,0,5.6881
2193,13:52:00,13:52:00,38065,16,0,0,6.0843
2194,13:45:00,13:45:00,39130,1,0,0,0.0000
2194,13:48:00,13:48:00,39132,2,0,0,0.2799
2194,13:51:00,13:51:00,39134,3,0,0,0.7195
2194,13:54:00,13:54:00,42545,4,0,0,1.2129
2194,13:57:00,13:57:00,26326,5,0,0,1.2223
2194,13:58:00,13:58:00,6900,6,0,0,1.6500
2194,13:59:00,13:59:00,6997,7,0,0,1.8305
2194,14:01:00,14:01:00,6995,8,0,0,2.3551
2194,14:02:00,14:02:00,6957,9,0,0,2.6155
2194,14:03:00,14:03:00,14986,10,0,0,3.0839
2194,14:05:00,14:05:00,6966,11,0,0,3.6574
2194,14:07:00,14:07:00,14984,12,0,0,4.2068
2194,14:09:00,14:09:00,6907,13,0,0,4.7184
2194,14:11:00,14:11:00,26316,14,0,0,5.2634
2194,14:15:00,14:15:00,38064,15,0,0,5.6881
2194,14:17:00,14:17:00,38065,16,0,0,6.0843
2195,14:10:00,14:10:00,39130,1,0,0,0.0000
2195,14:13:00,14:13:00,39132,2,0,0,0.2799
2195,14:16:00,14:16:00,39134,3,0,0,0.7195
2195,14:19:00,14:19:00,42545,4,0,0,1.2129
2195,14:22:00,14:22:00,26326,5,0,0,1.2223
2195,14:23:00,14:23:00,6900,6,0,0,1.6500
2195,14:24:00,14:24:00,6997,7,0,0,1.8305
2195,14:26:00,14:26:00,6995,8,0,0,2.3551
2195,14:27:00,14:27:00,6957,9,0,0,2.6155
2195,14:28:00,14:28:00,14986,10,0,0,3.0839
2195,14:30:00,14:30:00,6966,11,0,0,3.6574
2195,14:32:00,14:32:00,14984,12,0,0,4.2068
2195,14:34:00,14:34:00,6907,13,0,0,4.7184
2195,14:36:00,14:36:00,26316,14,0,0,5.2634
2195,14:40:00,14:40:00,38064,15,0,0,5.6881
2195,14:42:00,14:42:00,38065,16,0,0,6.0843
2196,14:35:00,14:35:00,39130,1,0,0,0.0000
2196,14:38:00,14:38:00,39132,2,0,0,0.2799
2196,14:41:00,14:41:00,39134,3,0,0,0.7195
2196,14:44:00,14:44:00,42545,4,0,0,1.2129
2196,14:47:00,14:47:00,26326,5,0,0,1.2223
2196,14:48:00,14:48:00,6900,6,0,0,1.6500
2196,14:49:00,14:49:00,6997,7,0,0,1.8305
2196,14:51:00,14:51:00,6995,8,0,0,2.3551
2196,14:52:00,14:52:00,6957,9,0,0,2.6155
2196,14:53:00,14:53:00,14986,10,0,0,3.0839
2196,14:55:00,14:55:00,6966,11,0,0,3.6574
2196,14:57:00,14:57:00,14984,12,0,0,4.2068
2196,14:59:00,14:59:00,6907,13,0,0,4.7184
2196,15:01:00,15:01:00,26316,14,0,0,5.2634
2196,15:05:00,15:05:00,38064,15,0,0,5.6881
2196,15:07:00,15:07:00,38065,16,0,0,6.0843
2197,15:00:00,15:00:00,39130,1,0,0,0.0000
2197,15:03:00,15:03:00,39132,2,0,0,0.2799
2197,15:06:00,15:06:00,39134,3,0,0,0.7195
2197,15:09:00,15:09:00,42545,4,0,0,1.2129
2197,15:12:00,15:12:00,26326,5,0,0,1.2223
2197,15:13:00,15:13:00,6900,6,0,0,1.6500
2197,15:14:00,15:14:00,6997,7,0,0,1.8305
2197,15:16:00,15:16:00,6995,8,0,0,2.3551
2197,15:17:00,15:17:00,6957,9,0,0,2.6155
2197,15:18:00,15:18:00,14986,10,0,0,3.0839
2197,15:20:00,15:20:00,6966,11,0,0,3.6574
2197,15:22:00,15:22:00,14984,12,0,0,4.2068
2197,15:24:00,15:24:00,6907,13,0,0,4.7184
2197,15:26:00,15:26:00,26316,14,0,0,5.2634
2197,15:30:00,15:30:00,38064,15,0,0,5.6881
2197,15:32:00,15:32:00,38065,16,0,0,6.0843
2198,15:25:00,15:25:00,39130,1,0,0,0.0000
2198,15:28:00,15:28:00,39132,2,0,0,0.2799
2198,15:31:00,15:31:00,39134,3,0,0,0.7195
2198,15:34:00,15:34:00,42545,4,0,0,1.2129
2198,15:37:00,15:37:00,26326,5,0,0,1.2223
2198,15:38:00,15:38:00,6900,6,0,0,1.6500
2198,15:39:00,15:39:00,6997,7,0,0,1.8305
2198,15:41:00,15:41:00,6995,8,0,0,2.3551
2198,15:42:00,15:42:00,6957,9,0,0,2.6155
2198,15:43:00,15:43:00,14986,10,0,0,3.0839
2198,15:45:00,15:45:00,6966,11,0,0,3.6574
2198,15:47:00,15:47:00,14984,12,0,0,4.2068
2198,15:49:00,15:49:00,6907,13,0,0,4.7184
2198,15:51:00,15:51:00,26316,14,0,0,5.2634
2198,15:55:00,15:55:00,38064,15,0,0,5.6881
2198,15:57:00,15:57:00,38065,16,0,0,6.0843
2199,15:50:00,15:50:00,39130,1,0,0,0.0000
2199,15:53:00,15:53:00,39132,2,0,0,0.2799
2199,15:56:00,15:56:00,39134,3,0,0,0.7195
2199,15:59:00,15:59:00,42545,4,0,0,1.2129
2199,16:02:00,16:02:00,26326,5,0,0,1.2223
2199,16:03:00,16:03:00,6900,6,0,0,1.6500
2199,16:04:00,16:04:00,6997,7,0,0,1.8305
2199,16:06:00,16:06:00,6995,8,0,0,2.3551
2199,16:07:00,16:07:00,6957,9,0,0,2.6155
2199,16:08:00,16:08:00,14986,10,0,0,3.0839
2199,16:10:00,16:10:00,6966,11,0,0,3.6574
2199,16:12:00,16:12:00,14984,12,0,0,4.2068
2199,16:14:00,16:14:00,6907,13,0,0,4.7184
2199,16:16:00,16:16:00,26316,14,0,0,5.2634
2199,16:20:00,16:20:00,38064,15,0,0,5.6881
2199,16:22:00,16:22:00,38065,16,0,0,6.0843
2200,16:15:00,16:15:00,39130,1,0,0,0.0000
2200,16:18:00,16:18:00,39132,2,0,0,0.2799
2200,16:21:00,16:21:00,39134,3,0,0,0.7195
2200,16:24:00,16:24:00,42545,4,0,0,1.2129
2200,16:27:00,16:27:00,26326,5,0,0,1.2223
2200,16:28:00,16:28:00,6900,6,0,0,1.6500
