542,19:15:00,19:15:00,37377,8,0,0,6.0201
542,19:17:00,19:17:00,37376,9,0,0,6.3669
542,19:19:00,19:19:00,36994,10,0,0,6.6161
542,19:21:00,19:21:00,36995,11,0,0,6.9106
542,19:23:00,19:23:00,36996,12,0,0,7.3184
542,19:24:00,19:24:00,36997,13,0,0,7.5958
542,19:27:00,19:27:00,36998,14,0,0,8.2771
542,19:30:00,19:30:00,36999,15,0,0,9.1504
542,19:32:00,19:32:00,37000,16,0,0,9.4919
542,19:34:00,19:34:00,37001,17,0,0,10.0591
543,19:16:00,19:16:00,38579,1,0,0,0.0000
543,19:18:00,19:18:00,38578,2,0,0,0.6375
543,19:20:00,19:20:00,9878,3,0,0,1.2936
543,19:23:00,19:23:00,17699,4,0,0,2.4536
543,19:26:00,19:26:00,38442,5,0,0,3.7356
543,19:27:00,19:27:00,38441,6,0,0,4.2864
543,19:33:00,19:33:00,37378,7,0,0,5.7269
543,19:35:00,19:35:00,37377,8,0,0,6.0201
543,19:37:00,19:37:00,37376,9,0,0,6.3669
543,19:39:00,19:39:00,36994,10,0,0,6.6161
543,19:41:00,19:41:00,36995,11,0,0,6.9106
543,19:43:00,19:43:00,36996,12,0,0,7.3184
543,19:44:00,19:44:00,36997,13,0,0,7.5958
543,19:47:00,19:47:00,36998,14,0,0,8.2771
543,19:50:00,19:50:00,36999,15,0,0,9.1504
543,19:52:00,19:52:00,37000,16,0,0,9.4919
543,19:54:00,19:54:00,37001,17,0,0,10.0591
544,19:36:00,19:36:00,38579,1,0,0,0.0000
544,19:38:00,19:38:00,38578,2,0,0,0.6375
544,19:40:00,19:40:00,9878,3,0,0,1.2936
544,19:43:00,19:43:00,17699,4,0,0,2.4536
544,19:46:00,19:46:00,38442,5,0,0,3.7356
544,19:47:00,19:47:00,38441,6,0,0,4.2864
544,19:53:00,19:53:00,37378,7,0,0,5.7269
544,19:55:00,19:55:00,37377,8,0,0,6.0201
544,19:57:00,19:57:00,37376,9,0,0,6.3669
544,19:59:00,19:59:00,36994,10,0,0,6.6161
544,20:01:00,20:01:00,36995,11,0,0,6.9106
544,20:03:00,20:03:00,36996,12,0,0,7.3184
544,20:04:00,20:04:00,36997,13,0,0,7.5958
544,20:07:00,20:07:00,36998,14,0,0,8.2771
544,20:10:00,20:10:00,36999,15,0,0,9.1504
544,20:12:00,20:12:00,37000,16,0,0,9.4919
544,20:14:00,20:14:00,37001,17,0,0,10.0591
545,19:56:00,19:56:00,38579,1,0,0,0.0000
545,19:58:00,19:58:00,38578,2,0,0,0.6375
545,20:00:00,20:00:00,9878,3,0,0,1.2936
545,20:03:00,20:03:00,17699,4,0,0,2.4536
545,20:06:00,20:06:00,38442,5,0,0,3.7356
545,20:07:00,20:07:00,38441,6,0,0,4.2864
545,20:13:00,20:13:00,37378,7,0,0,5.7269
545,20:15:00,20:15:00,37377,8,0,0,6.0201
545,20:17:00,20:17:00,37376,9,0,0,6.3669
545,20:19:00,20:19:00,36994,10,0,0,6.6161
545,20:21:00,20:21:00,36995,11,0,0,6.9106
545,20:23:00,20:23:00,36996,12,0,0,7.3184
545,20:24:00,20:24:00,36997,13,0,0,7.5958
545,20:27:00,20:27:00,36998,14,0,0,8.2771
545,20:30:00,20:30:00,36999,15,0,0,9.1504
545,20:32:00,20:32:00,37000,16,0,0,9.4919
545,20:34:00,20:34:00,37001,17,0,0,10.0591
546,20:16:00,20:16:00,38579,1,0,0,0.0000
546,20:18:00,20:18:00,38578,2,0,0,0.6375
546,20:20:00,20:20:00,9878,3,0,0,1.2936
546,20:23:00,20:23:00,17699,4,0,0,2.4536
546,20:26:00,20:26:00,38442,5,0,0,3.7356
546,20:27:00,20:27:00,38441,6,0,0,4.2864
546,20:33:00,20:33:00,37378,7,0,0,5.7269
546,20:35:00,20:35:00,37377,8,0,0,6.0201
546,20:37:00,20:37:00,37376,9,0,0,6.3669
546,20:39:00,20:39:00,36994,10,0,0,6.6161
546,20:41:00,20:41:00,36995,11,0,0,6.9106
546,20:43:00,20:43:00,36996,12,0,0,7.3184
546,20:44:00,20:44:00,36997,13,0,0,7.5958
546,20:47:00,20:47:00,36998,14,0,0,8.2771
546,20:50:00,20:50:00,36999,15,0,0,9.1504
546,20:52:00,20:52:00,37000,16,0,0,9.4919
546,20:54:00,20:54:00,37001,17,0,0,10.0591
547,20:36:00,20:36:00,38579,1,0,0,0.0000
547,20:38:00,20:38:00,38578,2,0,0,0.6375
547,20:40:00,20:40:00,9878,3,0,0,1.2936
547,20:43:00,20:43:00,17699,4,0,0,2.4536
547,20:46:00,20:46:00,38442,5,0,0,3.7356
547,20:47:00,20:47:00,38441,6,0,0,4.2864
547,20:53:00,20:53:00,37378,7,0,0,5.7269
547,20:55:00,20:55:00,37377,8,0,0,6.0201
547,20:57:00,20:57:00,37376,9,0,0,6.3669
547,20:59:00,20:59:00,36994,10,0,0,6.6161
547,21:01:00,21:01:00,36995,11,0,0,6.9106
547,21:03:00,21:03:00,36996,12,0,0,7.3184
547,21:04:00,21:04:00,36997,13,0,0,7.5958
547,21:07:00,21:07:00,36998,14,0,0,8.2771
547,21:10:00,21:10:00,36999,15,0,0,9.1504
547,21:12:00,21:12:00,37000,16,0,0,9.4919
547,21:14:00,21:14:00,37001,17,0,0,10.0591
548,20:56:00,20:56:00,38579,1,0,0,0.0000
548,20:58:00,20:58:00,38578,2,0,0,0.6375
548,21:00:00,21:00:00,9878,3,0,0,1.2936
548,21:03:00,21:03:00,17699,4,0,0,2.4536
548,21:06:00,21:06:00,38442,5,0,0,3.7356
548,21:07:00,21:07:00,38441,6,0,0,4.2864
548,21:13:00,21:13:00,37378,7,0,0,5.7269
548,21:15:00,21:15:00,37377,8,0,0,6.0201
548,21:17:00,21:17:00,37376,9,0,0,6.3669
548,21:19:00,21:19:00,36994,10,0,0,6.6161
548,21:21:00,21:21:00,36995,11,0,0,6.9106
548,21:23:00,21:23:00,36996,12,0,0,7.3184
548,21:24:00,21:24:00,36997,13,0,0,7.5958
548,21:27:00,21:27:00,36998,14,0,0,8.2771
548,21:30:00,21:30:00,36999,15,0,0,9.1504
548,21:32:00,21:32:00,37000,16,0,0,9.4919
548,21:34:00,21:34:00,37001,17,0,0,10.0591
549,21:16:00,21:16:00,38579,1,0,0,0.0000
549,21:18:00,21:18:00,38578,2,0,0,0.6375
549,21:20:00,21:20:00,9878,3,0,0,1.2936
549,21:23:00,21:23:00,17699,4,0,0,2.4536
549,21:26:00,21:26:00,38442,5,0,0,3.7356
549,21:27:00,21:27:00,38441,6,0,0,4.2864
549,21:33:00,21:33:00,37378,7,0,0,5.7269
549,21:35:00,21:35:00,37377,8,0,0,6.0201
549,21:37:00,21:37:00,37376,9,0,0,6.3669
549,21:39:00,21:39:00,36994,10,0,0,6.6161
549,21:41:00,21:41:00,36995,11,0,0,6.9106
549,21:43:00,21:43:00,36996,12,0,0,7.3184
549,21:44:00,21:44:00,36997,13,0,0,7.5958
549,21:47:00,21:47:00,36998,14,0,0,8.2771
549,21:50:00,21:50:00,36999,15,0,0,9.1504
549,21:52:00,21:52:00,37000,16,0,0,9.4919
549,21:54:00,21:54:00,37001,17,0,0,10.0591
550,21:36:00,21:36:00,38579,1,0,0,0.0000
550,21:38:00,21:38:00,38578,2,0,0,0.6375
550,21:40:00,21:40:00,9878,3,0,0,1.2936
550,21:43:00,21:43:00,17699,4,0,0,2.4536
550,21:46:00,21:46:00,38442,5,0,0,3.7356
550,21:47:00,21:47:00,38441,6,0,0,4.2864
550,21:53:00,21:53:00,37378,7,0,0,5.7269
550,21:55:00,21:55:00,37377,8,0,0,6.0201
550,21:57:00,21:57:00,37376,9,0,0,6.3669
550,21:59:00,21:59:00,36994,10,0,0,6.6161
550,22:01:00,22:01:00,36995,11,0,0,6.9106
550,22:03:00,22:03:00,36996,12,0,0,7.3184
550,22:04:00,22:04:00,36997,13,0,0,7.5958
550,22:07:00,22:07:00,36998,14,0,0,8.2771
550,22:10:00,22:10:00,36999,15,0,0,9.1504
550,22:12:00,22:12:00,37000,16,0,0,9.4919
550,22:14:00,22:14:00,37001,17,0,0,10.0591
551,21:56:00,21:56:00,38579,1,0,0,0.0000
551,21:58:00,21:58:00,38578,2,0,0,0.6375
551,22:00:00,22:00:00,9878,3,0,0,1.2936
551,22:03:00,22:03:00,17699,4,0,0,2.4536
551,22:06:00,22:06:00,38442,5,0,0,3.7356
551,22:07:00,22:07:00,38441,6,0,0,4.2864
551,22:13:00,22:13:00,37378,7,0,0,5.7269
551,22:15:00,22:15:00,37377,8,0,0,6.0201
551,22:17:00,22:17:00,37376,9,0,0,6.3669
551,22:19:00,22:19:00,36994,10,0,0,6.6161
551,22:21:00,22:21:00,36995,11,0,0,6.9106
551,22:23:00,22:23:00,36996,12,0,0,7.3184
551,22:24:00,22:24:00,36997,13,0,0,7.5958
551,22:27:00,22:27:00,36998,14,0,0,8.2771
551,22:30:00,22:30:00,36999,15,0,0,9.1504
551,22:32:00,22:32:00,37000,16,0,0,9.4919
551,22:34:00,22:34:00,37001,17,0,0,10.0591
552,22:16:00,22:16:00,38579,1,0,0,0.0000
552,22:18:00,22:18:00,38578,2,0,0,0.6375
552,22:20:00,22:20:00,9878,3,0,0,1.2936
552,22:23:00,22:23:00,17699,4,0,0,2.4536
552,22:26:00,22:26:00,38442,5,0,0,3.7356
552,22:27:00,22:27:00,38441,6,0,0,4.2864
552,22:33:00,22:33:00,37378,7,0,0,5.7269
552,22:35:00,22:35:00,37377,8,0,0,6.0201
552,22:37:00,22:37:00,37376,9,0,0,6.3669
552,22:39:00,22:39:00,36994,10,0,0,6.6161
552,22:41:00,22:41:00,36995,11,0,0,6.9106
552,22:43:00,22:43:00,36996,12,0,0,7.3184
552,22:44:00,22:44:00,36997,13,0,0,7.5958
552,22:47:00,22:47:00,36998,14,0,0,8.2771
552,22:50:00,22:50:00,36999,15,0,0,9.1504
552,22:52:00,22:52:00,37000,16,0,0,9.4919
552,22:54:00,22:54:00,37001,17,0,0,10.0591
553,22:36:00,22:36:00,38579,1,0,0,0.0000
553,22:38:00,22:38:00,38578,2,0,0,0.6375
553,22:40:00,22:40:00,9878,3,0,0,1.2936
553,22:43:00,22:43:00,17699,4,0,0,2.4536
553,22:46:00,22:46:00,38442,5,0,0,3.7356
553,22:47:00,22:47:00,38441,6,0,0,4.2864
553,22:53:00,22:53:00,37378,7,0,0,5.7269
553,22:55:00,22:55:00,37377,8,0,0,6.0201
553,22:57:00,22:57:00,37376,9,0,0,6.3669
553,22:59:00,22:59:00,36994,10,0,0,6.6161
553,23:01:00,23:01:00,36995,11,0,0,6.9106
553,23:03:00,23:03:00,36996,12,0,0,7.3184
553,23:04:00,23:04:00,36997,13,0,0,7.5958
553,23:07:00,23:07:00,36998,14,0,0,8.2771
553,23:10:00,23:10:00,36999,15,0,0,9.1504
553,23:12:00,23:12:00,37000,16,0,0,9.4919
553,23:14:00,23:14:00,37001,17,0,0,10.0591
554,22:56:00,22:56:00,38579,1,0,0,0.0000
554,22:58:00,22:58:00,38578,2,0,0,0.6375
554,23:00:00,23:00:00,9878,3,0,0,1.2936
554,23:03:00,23:03:00,17699,4,0,0,2.4536
554,23:06:00,23:06:00,38442,5,0,0,3.7356
554,23:07:00,23:07:00,38441,6,0,0,4.2864
554,23:13:00,23:13:00,37378,7,0,0,5.7269
554,23:15:00,23:15:00,37377,8,0,0,6.0201
554,23:17:00,23:17:00,37376,9,0,0,6.3669
554,23:19:00,23:19:00,36994,10,0,0,6.6161
554,23:21:00,23:21:00,36995,11,0,0,6.9106
554,23:23:00,23:23:00,36996,12,0,0,7.3184
554,23:24:00,23:24:00,36997,13,0,0,7.5958
554,23:27:00,23:27:00,36998,14,0,0,8.2771
554,23:30:00,23:30:00,36999,15,0,0,9.1504
554,23:32:00,23:32:00,37000,16,0,0,9.4919
554,23:34:00,23:34:00,37001,17,0,0,10.0591
555,23:16:00,23:16:00,38579,1,0,0,0.0000
555,23:18:00,23:18:00,38578,2,0,0,0.6375
555,23:20:00,23:20:00,9878,3,0,0,1.2936
555,23:23:00,23:23:00,17699,4,0,0,2.4536
555,23:26:00,23:26:00,38442,5,0,0,3.7356
555,23:27:00,23:27:00,38441,6,0,0,4.2864
555,23:33:00,23:33:00,37378,7,0,0,5.7269
555,23:35:00,23:35:00,37377,8,0,0,6.0201
555,23:37:00,23:37:00,37376,9,0,0,6.3669
555,23:39:00,23:39:00,36994,10,0,0,6.6161
555,23:41:00,23:41:00,36995,11,0,0,6.9106
555,23:43:00,23:43:00,36996,12,0,0,7.3184
555,23:44:00,23:44:00,36997,13,0,0,7.5958
555,23:47:00,23:47:00,36998,14,0,0,8.2771
555,23:50:00,23:50:00,36999,15,0,0,9.1504
555,23:52:00,23:52:00,37000,16,0,0,9.4919
555,23:54:00,23:54:00,37001,17,0,0,10.0591
556,23:36:00,23:36:00,38579,1,0,0,0.0000
556,23:38:00,23:38:00,38578,2,0,0,0.6375
556,23:40:00,23:40:00,9878,3,0,0,1.2936
556,23:43:00,23:43:00,17699,4,0,0,2.4536
556,23:46:00,23:46:00,38442,5,0,0,3.7356
556,23:47:00,23:47:00,38441,6,0,0,4.2864
556,23:53:00,23:53:00,37378,7,0,0,5.7269
556,23:55:00,23:55:00,37377,8,0,0,6.0201
556,23:57:00,23:57:00,37376,9,0,0,6.3669
556,23:59:00,23:59:00,36994,10,0,0,6.6161
556,24:01:00,24:01:00,36995,11,0,0,6.9106
556,24:03:00,24:03:00,36996,12,0,0,7.3184
556,24:04:00,24:04:00,36997,13,0,0,7.5958
556,24:07:00,24:07:00,36998,14,0,0,8.2771
556,24:10:00,24:10:00,36999,15,0,0,9.1504
556,24:12:00,24:12:00,37000,16,0,0,9.4919
556,24:14:00,24:14:00,37001,17,0,0,10.0591
557,23:56:00,23:56:00,38579,1,0,0,0.0000
557,23:58:00,23:58:00,38578,2,0,0,0.6375
557,24:00:00,24:00:00,9878,3,0,0,1.2936
557,24:03:00,24:03:00,17699,4,0,0,2.4536
557,24:06:00,24:06:00,38442,5,0,0,3.7356
557,24:07:00,24:07:00,38441,6,0,0,4.2864
557,24:13:00,24:13:00,37378,7,0,0,5.7269
557,24:15:00,24:15:00,37377,8,0,0,6.0201
557,24:17:00,24:17:00,37376,9,0,0,6.3669
557,24:19:00,24:19:00,36994,10,0,0,6.6161
557,24:21:00,24:21:00,36995,11,0,0,6.9106
557,24:23:00,24:23:00,36996,12,0,0,7.3184
557,24:24:00,24:24:00,36997,13,0,0,7.5958
557,24:27:00,24:27:00,36998,14,0,0,8.2771
557,24:30:00,24:30:00,36999,15,0,0,9.1504
557,24:32:00,24:32:00,37000,16,0,0,9.4919
557,24:34:00,24:34:00,37001,17,0,0,10.0591
558,24:16:00,24:16:00,38579,1,0,0,0.0000
558,24:18:00,24:18:00,38578,2,0,0,0.6375
558,24:20:00,24:20:00,9878,3,0,0,1.2936
558,24:23:00,24:23:00,17699,4,0,0,2.4536
558,24:26:00,24:26:00,38442,5,0,0,3.7356
558,24:27:00,24:27:00,38441,6,0,0,4.2864
558,24:33:00,24:33:00,37378,7,0,0,5.7269
558,24:35:00,24:35:00,37377,8,0,0,6.0201
558,24:37:00,24:37:00,37376,9,0,0,6.3669
558,24:39:00,24:39:00,36994,10,0,0,6.6161
558,24:41:00,24:41:00,36995,11,0,0,6.9106
558,24:43:00,24:43:00,36996,12,0,0,7.3184
558,24:44:00,24:44:00,36997,13,0,0,7.5958
558,24:47:00,24:47:00,36998,14,0,0,8.2771
558,24:50:00,24:50:00,36999,15,0,0,9.1504
558,24:52:00,24:52:00,37000,16,0,0,9.4919
558,24:54:00,24:54:00,37001,17,0,0,10.0591
559,24:36:00,24:36:00,38579,1,0,0,0.0000
559,24:38:00,24:38:00,38578,2,0,0,0.6375
559,24:40:00,24:40:00,9878,3,0,0,1.2936
559,24:43:00,24:43:00,17699,4,0,0,2.4536
559,24:46:00,24:46:00,38442,5,0,0,3.7356
559,24:47:00,24:47:00,38441,6,0,0,4.2864
559,24:53:00,24:53:00,37378,7,0,0,5.7269
559,24:55:00,24:55:00,37377,8,0,0,6.0201
559,24:57:00,24:57:00,37376,9,0,0,6.3669
559,24:59:00,24:59:00,36994,10,0,0,6.6161
559,25:01:00,25:01:00,36995,11,0,0,6.9106
559,25:03:00,25:03:00,36996,12,0,0,7.3184
559,25:04:00,25:04:00,36997,13,0,0,7.5958
559,25:07:00,25:07:00,36998,14,0,0,8.2771
559,25:10:00,25:10:00,36999,15,0,0,9.1504
559,25:12:00,25:12:00,37000,16,0,0,9.4919
559,25:14:00,25:14:00,37001,17,0,0,10.0591
560,25:01:00,25:01:00,38579,1,0,0,0.0000
560,25:03:00,25:03:00,38578,2,0,0,0.6375
560,25:05:00,25:05:00,9878,3,0,0,1.2936
560,25:08:00,25:08:00,17699,4,0,0,2.4536
560,25:11:00,25:11:00,38442,5,0,0,3.7356
560,25:12:00,25:12:00,38441,6,0,0,4.2864
560,25:18:00,25:18:00,37378,7,0,0,5.7269
560,25:20:00,25:20:00,37377,8,0,0,6.0201
560,25:22:00,25:22:00,37376,9,0,0,6.3669
560,25:24:00,25:24:00,36994,10,0,0,6.6161
560,25:26:00,25:26:00,36995,11,0,0,6.9106
560,25:28:00,25:28:00,36996,12,0,0,7.3184
560,25:29:00,25:29:00,36997,13,0,0,7.5958
560,25:32:00,25:32:00,36998,14,0,0,8.2771
560,25:35:00,25:35:00,36999,15,0,0,9.1504
560,25:37:00,25:37:00,37000,16,0,0,9.4919
560,25:39:00,25:39:00,37001,17,0,0,10.0591
561,25:31:00,25:31:00,38579,1,0,0,0.0000
561,25:33:00,25:33:00,38578,2,0,0,0.6375
561,25:35:00,25:35:00,9878,3,0,0,1.2936
561,25:38:00,25:38:00,17699,4,0,0,2.4536
561,25:41:00,25:41:00,38442,5,0,0,3.7356
561,25:42:00,25:42:00,38441,6,0,0,4.2864
561,25:48:00,25:48:00,37378,7,0,0,5.7269
561,25:50:00,25:50:00,37377,8,0,0,6.0201
561,25:52:00,25:52:00,37376,9,0,0,6.3669
561,25:54:00,25:54:00,36994,10,0,0,6.6161
561,25:56:00,25:56:00,36995,11,0,0,6.9106
561,25:58:00,25:58:00,36996,12,0,0,7.3184
561,25:59:00,25:59:00,36997,13,0,0,7.5958
561,26:02:00,26:02:00,36998,14,0,0,8.2771
561,26:05:00,26:05:00,36999,15,0,0,9.1504
561,26:07:00,26:07:00,37000,16,0,0,9.4919
561,26:09:00,26:09:00,37001,17,0,0,10.0591
562,05:45:00,05:45:00,39348,1,0,0,0.0000
562,05:48:00,05:48:00,37378,2,0,0,0.8826
562,05:50:00,05:50:00,37377,3,0,0,1.1758
562,05:52:00,05:52:00,37376,4,0,0,1.5225
562,05:54:00,05:54:00,36994,5,0,0,1.7718
562,05:56:00,05:56:00,36995,6,0,0,2.0663
562,05:58:00,05:58:00,36996,7,0,0,2.4741
562,05:59:00,05:59:00,36997,8,0,0,2.7515
562,06:02:00,06:02:00,36998,9,0,0,3.4328
562,06:05:00,06:05:00,37002,10,0,0,4.8545
562,06:06:00,06:06:00,37003,11,0,0,5.5027
562,06:08:00,06:08:00,37004,12,0,0,6.7131
562,06:10:00,06:10:00,37005,13,0,0,7.2754
562,06:12:00,06:12:00,38229,14,0,0,8.1356
562,06:15:00,06:15:00,42673,15,0,0,9.0371
563,06:05:00,06:05:00,39348,1,0,0,0.0000
563,06:08:00,06:08:00,37378,2,0,0,0.8826
563,06:10:00,06:10:00,37377,3,0,0,1.1758
563,06:12:00,06:12:00,37376,4,0,0,1.5225
563,06:14:00,06:14:00,36994,5,0,0,1.7718
563,06:16:00,06:16:00,36995,6,0,0,2.0663
563,06:18:00,06:18:00,36996,7,0,0,2.4741
563,06:19:00,06:19:00,36997,8,0,0,2.7515
563,06:22:00,06:22:00,36998,9,0,0,3.4328
563,06:25:00,06:25:00,37002,10,0,0,4.8545
563,06:26:00,06:26:00,37003,11,0,0,5.5027
563,06:28:00,06:28:00,37004,12,0,0,6.7131
563,06:30:00,06:30:00,37005,13,0,0,7.2754
563,06:32:00,06:32:00,38229,14,0,0,8.1356
563,06:35:00,06:35:00,42673,15,0,0,9.0371
564,06:25:00,06:25:00,39348,1,0,0,0.0000
564,06:28:00,06:28:00,37378,2,0,0,0.8826
564,06:30:00,06:30:00,37377,3,0,0,1.1758
564,06:32:00,06:32:00,37376,4,0,0,1.5225
564,06:34:00,06:34:00,36994,5,0,0,1.7718
564,06:36:00,06:36:00,36995,6,0,0,2.0663
564,06:38:00,06:38:00,36996,7,0,0,2.4741
564,06:39:00,06:39:00,36997,8,0,0,2.7515
564,06:42:00,06:42:00,36998,9,0,0,3.4328
564,06:45:00,06:45:00,37002,10,0,0,4.8545
564,06:46:00,06:46:00,37003,11,0,0,5.5027
564,06:48:00,06:48:00,37004,12,0,0,6.7131
564,06:50:00,06:50:00,37005,13,0,0,7.2754
564,06:52:00,06:52:00,38229,14,0,0,8.1356
564,06:55:00,06:55:00,42673,15,0,0,9.0371
565,06:45:00,06:45:00,39348,1,0,0,0.0000
565,06:48:00,06:48:00,37378,2,0,0,0.8826
565,06:50:00,06:50:00,37377,3,0,0,1.1758
565,06:52:00,06:52:00,37376,4,0,0,1.5225
565,06:54:00,06:54:00,36994,5,0,0,1.7718
565,06:56:00,06:56:00,36995,6,0,0,2.0663
565,06:58:00,06:58:00,36996,7,0,0,2.4741
565,06:59:00,06:59:00,36997,8,0,0,2.7515
565,07:02:00,07:02:00,36998,9,0,0,3.4328
565,07:05:00,07:05:00,37002,10,0,0,4.8545
565,07:06:00,07:06:00,37003,11,0,0,5.5027
565,07:08:00,07:08:00,37004,12,0,0,6.7131
565,07:10:00,07:10:00,37005,13,0,0,7.2754
565,07:12:00,07:12:00,38229,14,0,0,8.1356
565,07:15:00,07:15:00,42673,15,0,0,9.0371
566,07:05:00,07:05:00,39348,1,0,0,0.0000
566,07:08:00,07:08:00,37378,2,0,0,0.8826
566,07:10:00,07:10:00,37377,3,0,0,1.1758
566,07:12:00,07:12:00,37376,4,0,0,1.5225
566,07:14:00,07:14:00,36994,5,0,0,1.7718
566,07:16:00,07:16:00,36995,6,0,0,2.0663
566,07:18:00,07:18:00,36996,7,0,0,2.4741
566,07:19:00,07:19:00,36997,8,0,0,2.7515
566,07:22:00,07:22:00,36998,9,0,0,3.4328
566,07:25:00,07:25:00,37002,10,0,0,4.8545
566,07:26:00,07:26:00,37003,11,0,0,5.5027
566,07:28:00,07:28:00,37004,12,0,0,6.7131
566,07:30:00,07:30:00,37005,13,0,0,7.2754
566,07:32:00,07:32:00,38229,14,0,0,8.1356
566,07:35:00,07:35:00,42673,15,0,0,9.0371
567,07:25:00,07:25:00,39348,1,0,0,0.0000
567,07:28:00,07:28:00,37378,2,0,0,0.8826
567,07:30:00,07:30:00,37377,3,0,0,1.1758
567,07:32:00,07:32:00,37376,4,0,0,1.5225
567,07:34:00,07:34:00,36994,5,0,0,1.7718
567,07:36:00,07:36:00,36995,6,0,0,2.0663
567,07:38:00,07:38:00,36996,7,0,0,2.4741
567,07:39:00,07:39:00,36997,8,0,0,2.7515
567,07:42:00,07:42:00,36998,9,0,0,3.4328
567,07:45:00,07:45:00,37002,10,0,0,4.8545
567,07:46:00,07:46:00,37003,11,0,0,5.5027
567,07:48:00,07:48:00,37004,12,0,0,6.7131
567,07:50:00,07:50:00,37005,13,0,0,7.2754
567,07:52:00,07:52:00,38229,14,0,0,8.1356
567,07:55:00,07:55:00,42673,15,0,0,9.0371
568,07:45:00,07:45:00,39348,1,0,0,0.0000
568,07:48:00,07:48:00,37378,2,0,0,0.8826
568,07:50:00,07:50:00,37377,3,0,0,1.1758
568,07:52:00,07:52:00,37376,4,0,0,1.5225
568,07:54:00,07:54:00,36994,5,0,0,1.7718
568,07:56:00,07:56:00,36995,6,0,0,2.0663
568,07:58:00,07:58:00,36996,7,0,0,2.4741
568,07:59:00,07:59:00,36997,8,0,0,2.7515
568,08:02:00,08:02:00,36998,9,0,0,3.4328
568,08:05:00,08:05:00,37002,10,0,0,4.8545
568,08:06:00,08:06:00,37003,11,0,0,5.5027
568,08:08:00,08:08:00,37004,12,0,0,6.7131
568,08:10:00,08:10:00,37005,13,0,0,7.2754
568,08:12:00,08:12:00,38229,14,0,0,8.1356
568,08:15:00,08:15:00,42673,15,0,0,9.0371
569,08:05:00,08:05:00,39348,1,0,0,0.0000
569,08:08:00,08:08:00,37378,2,0,0,0.8826
569,08:10:00,08:10:00,37377,3,0,0,1.1758
569,08:12:00,08:12:00,37376,4,0,0,1.5225
569,08:14:00,08:14:00,36994,5,0,0,1.7718
569,08:16:00,08:16:00,36995,6,0,0,2.0663
569,08:18:00,08:18:00,36996,7,0,0,2.4741
569,08:19:00,08:19:00,36997,8,0,0,2.7515
569,08:22:00,08:22:00,36998,9,0,0,3.4328
569,08:25:00,08:25:00,37002,10,0,0,4.8545
569,08:26:00,08:26:00,37003,11,0,0,5.5027
569,08:28:00,08:28:00,37004,12,0,0,6.7131
569,08:30:00,08:30:00,37005,13,0,0,7.2754
569,08:32:00,08:32:00,38229,14,0,0,8.1356
569,08:35:00,08:35:00,42673,15,0,0,9.0371
570,08:25:00,08:25:00,39348,1,0,0,0.0000
570,08:28:00,08:28:00,37378,2,0,0,0.8826
570,08:30:00,08:30:00,37377,3,0,0,1.1758
570,08:32:00,08:32:00,37376,4,0,0,1.5225
570,08:34:00,08:34:00,36994,5,0,0,1.7718
570,08:36:00,08:36:00,36995,6,0,0,2.0663
570,08:38:00,08:38:00,36996,7,0,0,2.4741
570,08:39:00,08:39:00,36997,8,0,0,2.7515
570,08:42:00,08:42:00,36998,9,0,0,3.4328
570,08:45:00,08:45:00,37002,10,0,0,4.8545
570,08:46:00,08:46:00,37003,11,0,0,5.5027
570,08:48:00,08:48:00,37004,12,0,0,6.7131
570,08:50:00,08:50:00,37005,13,0,0,7.2754
570,08:52:00,08:52:00,38229,14,0,0,8.1356
570,08:55:00,08:55:00,42673,15,0,0,9.0371
571,08:45:00,08:45:00,39348,1,0,0,0.0000
571,08:48:00,08:48:00,37378,2,0,0,0.8826
571,08:50:00,08:50:00,37377,3,0,0,1.1758
571,08:52:00,08:52:00,37376,4,0,0,1.5225
571,08:54:00,08:54:00,36994,5,0,0,1.7718
571,08:56:00,08:56:00,36995,6,0,0,2.0663
571,08:58:00,08:58:00,36996,7,0,0,2.4741
571,08:59:00,08:59:00,36997,8,0,0,2.7515
571,09:02:00,09:02:00,36998,9,0,0,3.4328
571,09:05:00,09:05:00,37002,10,0,0,4.8545
571,09:06:00,09:06:00,37003,11,0,0,5.5027
571,09:08:00,09:08:00,37004,12,0,0,6.7131
571,09:10:00,09:10:00,37005,13,0,0,7.2754
571,09:12:00,09:12:00,38229,14,0,0,8.1356
571,09:15:00,09:15:00,42673,15,0,0,9.0371
572,09:05:00,09:05:00,39348,1,0,0,0.0000
572,09:08:00,09:08:00,37378,2,0,0,0.8826
572,09:10:00,09:10:00,37377,3,0,0,1.1758
572,09:12:00,09:12:00,37376,4,0,0,1.5225
572,09:14:00,09:14:00,36994,5,0,0,1.7718
572,09:16:00,09:16:00,36995,6,0,0,2.0663
572,09:18:00,09:18:00,36996,7,0,0,2.4741
572,09:19:00,09:19:00,36997,8,0,0,2.7515
572,09:22:00,09:22:00,36998,9,0,0,3.4328
572,09:25:00,09:25:00,37002,10,0,0,4.8545
572,09:26:00,09:26:00,37003,11,0,0,5.5027
572,09:28:00,09:28:00,37004,12,0,0,6.7131
572,09:30:00,09:30:00,37005,13,0,0,7.2754
572,09:32:00,09:32:00,38229,14,0,0,8.1356
572,09:35:00,09:35:00,42673,15,0,0,9.0371
573,09:25:00,09:25:00,39348,1,0,0,0.0000
573,09:28:00,09:28:00,37378,2,0,0,0.8826
573,09:30:00,09:30:00,37377,3,0,0,1.1758
573,09:32:00,09:32:00,37376,4,0,0,1.5225
573,09:34:00,09:34:00,36994,5,0,0,1.7718
573,09:36:00,09:36:00,36995,6,0,0,2.0663
573,09:38:00,09:38:00,36996,7,0,0,2.4741
573,09:39:00,09:39:00,36997,8,0,0,2.7515
573,09:42:00,09:42:00,36998,9,0,0,3.4328
573,09:45:00,09:45:00,37002,10,0,0,4.8545
573,09:46:00,09:46:00,37003,11,0,0,5.5027
573,09:48:00,09:48:00,37004,12,0,0,6.7131
573,09:50:00,09:50:00,37005,13,0,0,7.2754
573,09:52:00,09:52:00,38229,14,0,0,8.1356
573,09:55:00,09:55:00,42673,15,0,0,9.0371
574,09:45:00,09:45:00,39348,1,0,0,0.0000
574,09:48:00,09:48:00,37378,2,0,0,0.8826
574,09:50:00,09:50:00,37377,3,0,0,1.1758
574,09:52:00,09:52:00,37376,4,0,0,1.5225
574,09:54:00,09:54:00,36994,5,0,0,1.7718
574,09:56:00,09:56:00,36995,6,0,0,2.0663
574,09:58:00,09:58:00,36996,7,0,0,2.4741
574,09:59:00,09:59:00,36997,8,0,0,2.7515
574,10:02:00,10:02:00,36998,9,0,0,3.4328
574,10:05:00,10:05:00,37002,10,0,0,4.8545
574,10:06:00,10:06:00,37003,11,0,0,5.5027
574,10:08:00,10:08:00,37004,12,0,0,6.7131
574,10:10:00,10:10:00,37005,13,0,0,7.2754
574,10:12:00,10:12:00,38229,14,0,0,8.1356
574,10:15:00,10:15:00,42673,15,0,0,9.0371
575,10:05:00,10:05:00,39348,1,0,0,0.0000
575,10:08:00,10:08:00,37378,2,0,0,0.8826
575,10:10:00,10:10:00,37377,3,0,0,1.1758
575,10:12:00,10:12:00,37376,4,0,0,1.5225
575,10:14:00,10:14:00,36994,5,0,0,1.7718
575,10:16:00,10:16:00,36995,6,0,0,2.0663
575,10:18:00,10:18:00,36996,7,0,0,2.4741
575,10:19:00,10:19:00,36997,8,0,0,2.7515
575,10:22:00,10:22:00,36998,9,0,0,3.4328
575,10:25:00,10:25:00,37002,10,0,0,4.8545
575,10:26:00,10:26:00,37003,11,0,0,5.5027
575,10:28:00,10:28:00,37004,12,0,0,6.7131
575,10:30:00,10:30:00,37005,13,0,0,7.2754
575,10:32:00,10:32:00,38229,14,0,0,8.1356
575,10:35:00,10:35:00,42673,15,0,0,9.0371
576,10:25:00,10:25:00,39348,1,0,0,0.0000
576,10:28:00,10:28:00,37378,2,0,0,0.8826
576,10:30:00,10:30:00,37377,3,0,0,1.1758
576,10:32:00,10:32:00,37376,4,0,0,1.5225
576,10:34:00,10:34:00,36994,5,0,0,1.7718
576,10:36:00,10:36:00,36995,6,0,0,2.0663
576,10:38:00,10:38:00,36996,7,0,0,2.4741
576,10:39:00,10:39:00,36997,8,0,0,2.7515
576,10:42:00,10:42:00,36998,9,0,0,3.4328
576,10:45:00,10:45:00,37002,10,0,0,4.8545
576,10:46:00,10:46:00,37003,11,0,0,5.5027
576,10:48:00,10:48:00,37004,12,0,0,6.7131
576,10:50:00,10:50:00,37005,13,0,0,7.2754
576,10:52:00,10:52:00,38229,14,0,0,8.1356
576,10:55:00,10:55:00,42673,15,0,0,9.0371
577,10:45:00,10:45:00,39348,1,0,0,0.0000
577,10:48:00,10:48:00,37378,2,0,0,0.8826
577,10:50:00,10:50:00,37377,3,0,0,1.1758
577,10:52:00,10:52:00,37376,4,0,0,1.5225
577,10:54:00,10:54:00,36994,5,0,0,1.7718
577,10:56:00,10:56:00,36995,6,0,0,2.0663
577,10:58:00,10:58:00,36996,7,0,0,2.4741
577,10:59:00,10:59:00,36997,8,0,0,2.7515
577,11:02:00,11:02:00,36998,9,0,0,3.4328
577,11:05:00,11:05:00,37002,10,0,0,4.8545
577,11:06:00,11:06:00,37003,11,0,0,5.5027
577,11:08:00,11:08:00,37004,12,0,0,6.7131
577,11:10:00,11:10:00,37005,13,0,0,7.2754
577,11:12:00,11:12:00,38229,14,0,0,8.1356
577,11:15:00,11:15:00,42673,15,0,0,9.0371
578,11:05:00,11:05:00,39348,1,0,0,0.0000
578,11:08:00,11:08:00,37378,2,0,0,0.8826
578,11:10:00,11:10:00,37377,3,0,0,1.1758
578,11:12:00,11:12:00,37376,4,0,0,1.5225
578,11:14:00,11:14:00,36994,5,0,0,1.7718
578,11:16:00,11:16:00,36995,6,0,0,2.0663
578,11:18:00,11:18:00,36996,7,0,0,2.4741
578,11:19:00,11:19:00,36997,8,0,0,2.7515
578,11:22:00,11:22:00,36998,9,0,0,3.4328
578,11:25:00,11:25:00,37002,10,0,0,4.8545
578,11:26:00,11:26:00,37003,11,0,0,5.5027
578,11:28:00,11:28:00,37004,12,0,0,6.7131
578,11:30:00,11:30:00,37005,13,0,0,7.2754
578,11:32:00,11:32:00,38229,14,0,0,8.1356
578,11:35:00,11:35:00,42673,15,0,0,9.0371
579,11:25:00,11:25:00,39348,1,0,0,0.0000
579,11:28:00,11:28:00,37378,2,0,0,0.8826
579,11:30:00,11:30:00,37377,3,0,0,1.1758
579,11:32:00,11:32:00,37376,4,0,0,1.5225
579,11:34:00,11:34:00,36994,5,0,0,1.7718
579,11:36:00,11:36:00,36995,6,0,0,2.0663
579,11:38:00,11:38:00,36996,7,0,0,2.4741
579,11:39:00,11:39:00,36997,8,0,0,2.7515
579,11:42:00,11:42:00,36998,9,0,0,3.4328
579,11:45:00,11:45:00,37002,10,0,0,4.8545
579,11:46:00,11:46:00,37003,11,0,0,5.5027
579,11:48:00,11:48:00,37004,12,0,0,6.7131
579,11:50:00,11:50:00,37005,13,0,0,7.2754
579,11:52:00,11:52:00,38229,14,0,0,8.1356
579,11:55:00,11:55:00,42673,15,0,0,9.0371
580,11:45:00,11:45:00,39348,1,0,0,0.0000
580,11:48:00,11:48:00,37378,2,0,0,0.8826
580,11:50:00,11:50:00,37377,3,0,0,1.1758
580,11:52:00,11:52:00,37376,4,0,0,1.5225
580,11:54:00,11:54:00,36994,5,0,0,1.7718
580,11:56:00,11:56:00,36995,6,0,0,2.0663
580,11:58:00,11:58:00,36996,7,0,0,2.4741
580,11:59:00,11:59:00,36997,8,0,0,2.7515
580,12:02:00,12:02:00,36998,9,0,0,3.4328
580,12:05:00,12:05:00,37002,10,0,0,4.8545
580,12:06:00,12:06:00,37003,11,0,0,5.5027
580,12:08:00,12:08:00,37004,12,0,0,6.7131
580,12:10:00,12:10:00,37005,13,0,0,7.2754
580,12:12:00,12:12:00,38229,14,0,0,8.1356
580,12:15:00,12:15:00,42673,15,0,0,9.0371
581,12:05:00,12:05:00,39348,1,0,0,0.0000
581,12:08:00,12:08:00,37378,2,0,0,0.8826
581,12:10:00,12:10:00,37377,3,0,0,1.1758
581,12:12:00,12:12:00,37376,4,0,0,1.5225
581,12:14:00,12:14:00,36994,5,0,0,1.7718
581,12:16:00,12:16:00,36995,6,0,0,2.0663
581,12:18:00,12:18:00,36996,7,0,0,2.4741
581,12:19:00,12:19:00,36997,8,0,0,2.7515
581,12:22:00,12:22:00,36998,9,0,0,3.4328
581,12:25:00,12:25:00,37002,10,0,0,4.8545
581,12:26:00,12:26:00,37003,11,0,0,5.5027
581,12:28:00,12:28:00,37004,12,0,0,6.7131
581,12:30:00,12:30:00,37005,13,0,0,7.2754
581,12:32:00,12:32:00,38229,14,0,0,8.1356
581,12:35:00,12:35:00,42673,15,0,0,9.0371
582,12:25:00,12:25:00,39348,1,0,0,0.0000
582,12:28:00,12:28:00,37378,2,0,0,0.8826
582,12:30:00,12:30:00,37377,3,0,0,1.1758
582,12:32:00,12:32:00,37376,4,0,0,1.5225
582,12:34:00,12:34:00,36994,5,0,0,1.7718
582,12:36:00,12:36:00,36995,6,0,0,2.0663
582,12:38:00,12:38:00,36996,7,0,0,2.4741
582,12:39:00,12:39:00,36997,8,0,0,2.7515
582,12:42:00,12:42:00,36998,9,0,0,3.4328
582,12:45:00,12:45:00,37002,10,0,0,4.8545
582,12:46:00,12:46:00,37003,11,0,0,5.5027
582,12:48:00,12:48:00,37004,12,0,0,6.7131
582,12:50:00,12:50:00,37005,13,0,0,7.2754
582,12:52:00,12:52:00,38229,14,0,0,8.1356
582,12:55:00,12:55:00,42673,15,0,0,9.0371
583,12:45:00,12:45:00,39348,1,0,0,0.0000
583,12:48:00,12:48:00,37378,2,0,0,0.8826
583,12:50:00,12:50:00,37377,3,0,0,1.1758
583,12:52:00,12:52:00,37376,4,0,0,1.5225
583,12:54:00,12:54:00,36994,5,0,0,1.7718
583,12:56:00,12:56:00,36995,6,0,0,2.0663
583,12:58:00,12:58:00,36996,7,0,0,2.4741
583,12:59:00,12:59:00,36997,8,0,0,2.7515
583,13:02:00,13:02:00,36998,9,0,0,3.4328
583,13:05:00,13:05:00,37002,10,0,0,4.8545
583,13:06:00,13:06:00,37003,11,0,0,5.5027
583,13:08:00,13:08:00,37004,12,0,0,6.7131
583,13:10:00,13:10:00,37005,13,0,0,7.2754
583,13:12:00,13:12:00,38229,14,0,0,8.1356
583,13:15:00,13:15:00,42673,15,0,0,9.0371
584,13:05:00,13:05:00,39348,1,0,0,0.0000
584,13:08:00,13:08:00,37378,2,0,0,0.8826
584,13:10:00,13:10:00,37377,3,0,0,1.1758
584,13:12:00,13:12:00,37376,4,0,0,1.5225
584,13:14:00,13:14:00,36994,5,0,0,1.7718
584,13:16:00,13:16:00,36995,6,0,0,2.0663
584,13:18:00,13:18:00,36996,7,0,0,2.4741
584,13:19:00,13:19:00,36997,8,0,0,2.7515
584,13:22:00,13:22:00,36998,9,0,0,3.4328
584,13:25:00,13:25:00,37002,10,0,0,4.8545
584,13:26:00,13:26:00,37003,11,0,0,5.5027
584,13:28:00,13:28:00,37004,12,0,0,6.7131
584,13:30:00,13:30:00,37005,13,0,0,7.2754
584,13:32:00,13:32:00,38229,14,0,0,8.1356
584,13:35:00,13:35:00,42673,15,0,0,9.0371
585,13:25:00,13:25:00,39348,1,0,0,0.0000
585,13:28:00,13:28:00,37378,2,0,0,0.8826
585,13:30:00,13:30:00,37377,3,0,0,1.1758
585,13:32:00,13:32:00,37376,4,0,0,1.5225
585,13:34:00,13:34:00,36994,5,0,0,1.7718
585,13:36:00,13:36:00,36995,6,0,0,2.0663
585,13:38:00,13:38:00,36996,7,0,0,2.4741
585,13:39:00,13:39:00,36997,8,0,0,2.7515
585,13:42:00,13:42:00,36998,9,0,0,3.4328
585,13:45:00,13:45:00,37002,10,0,0,4.8545
585,13:46:00,13:46:00,37003,11,0,0,5.5027
585,13:48:00,13:48:00,37004,12,0,0,6.7131
585,13:50:00,13:50:00,37005,13,0,0,7.2754
585,13:52:00,13:52:00,38229,14,0,0,8.1356
585,13:55:00,13:55:00,42673,15,0,0,9.0371
586,13:45:00,13:45:00,39348,1,0,0,0.0000
586,13:48:00,13:48:00,37378,2,0,0,0.8826
586,13:50:00,13:50:00,37377,3,0,0,1.1758
586,13:52:00,13:52:00,37376,4,0,0,1.5225
586,13:54:00,13:54:00,36994,5,0,0,1.7718
586,13:56:00,13:56:00,36995,6,0,0,2.0663
586,13:58:00,13:58:00,36996,7,0,0,2.4741
586,13:59:00,13:59:00,36997,8,0,0,2.7515
586,14:02:00,14:02:00,36998,9,0,0,3.4328
586,14:05:00,14:05:00,37002,10,0,0,4.8545
586,14:06:00,14:06:00,37003,11,0,0,5.5027
586,14:08:00,14:08:00,37004,12,0,0,6.7131
586,14:10:00,14:10:00,37005,13,0,0,7.2754
586,14:12:00,14:12:00,38229,14,0,0,8.1356
586,14:15:00,14:15:00,42673,15,0,0,9.0371
587,14:05:00,14:05:00,39348,1,0,0,0.0000
587,14:08:00,14:08:00,37378,2,0,0,0.8826
587,14:10:00,14:10:00,37377,3,0,0,1.1758
587,14:12:00,14:12:00,37376,4,0,0,1.5225
587,14:14:00,14:14:00,36994,5,0,0,1.7718
587,14:16:00,14:16:00,36995,6,0,0,2.0663
587,14:18:00,14:18:00,36996,7,0,0,2.4741
587,14:19:00,14:19:00,36997,8,0,0,2.7515
587,14:22:00,14:22:00,36998,9,0,0,3.4328
587,14:25:00,14:25:00,37002,10,0,0,4.8545
587,14:26:00,14:26:00,37003,11,0,0,5.5027
587,14:28:00,14:28:00,37004,12,0,0,6.7131
587,14:30:00,14:30:00,37005,13,0,0,7.2754
587,14:32:00,14:32:00,38229,14,0,0,8.1356
587,14:35:00,14:35:00,42673,15,0,0,9.0371
588,14:25:00,14:25:00,39348,1,0,0,0.0000
588,14:28:00,14:28:00,37378,2,0,0,0.8826
588,14:30:00,14:30:00,37377,3,0,0,1.1758
588,14:32:00,14:32:00,37376,4,0,0,1.5225
588,14:34:00,14:34:00,36994,5,0,0,1.7718
588,14:36:00,14:36:00,36995,6,0,0,2.0663
588,14:38:00,14:38:00,36996,7,0,0,2.4741
588,14:39:00,14:39:00,36997,8,0,0,2.7515
588,14:42:00,14:42:00,36998,9,0,0,3.4328
588,14:45:00,14:45:00,37002,10,0,0,4.8545
588,14:46:00,14:46:00,37003,11,0,0,5.5027
588,14:48:00,14:48:00,37004,12,0,0,6.7131
588,14:50:00,14:50:00,37005,13,0,0,7.2754
588,14:52:00,14:52:00,38229,14,0,0,8.1356
588,14:55:00,14:55:00,42673,15,0,0,9.0371
589,14:45:00,14:45:00,39348,1,0,0,0.0000
589,14:48:00,14:48:00,37378,2,0,0,0.8826
589,14:50:00,14:50:00,37377,3,0,0,1.1758
589,14:52:00,14:52:00,37376,4,0,0,1.5225
589,14:54:00,14:54:00,36994,5,0,0,1.7718
589,14:56:00,14:56:00,36995,6,0,0,2.0663
589,14:58:00,14:58:00,36996,7,0,0,2.4741
589,14:59:00,14:59:00,36997,8,0,0,2.7515
589,15:02:00,15:02:00,36998,9,0,0,3.4328
589,15:05:00,15:05:00,37002,10,0,0,4.8545
589,15:06:00,15:06:00,37003,11,0,0,5.5027
589,15:08:00,15:08:00,37004,12,0,0,6.7131
589,15:10:00,15:10:00,37005,13,0,0,7.2754
589,15:12:00,15:12:00,38229,14,0,0,8.1356
589,15:15:00,15:15:00,42673,15,0,0,9.0371
590,15:05:00,15:05:00,39348,1,0,0,0.0000
590,15:08:00,15:08:00,37378,2,0,0,0.8826
590,15:10:00,15:10:00,37377,3,0,0,1.1758
590,15:12:00,15:12:00,37376,4,0,0,1.5225
590,15:14:00,15:14:00,36994,5,0,0,1.7718
590,15:16:00,15:16:00,36995,6,0,0,2.0663
590,15:18:00,15:18:00,36996,7,0,0,2.4741
590,15:19:00,15:19:00,36997,8,0,0,2.7515
590,15:22:00,15:22:00,36998,9,0,0,3.4328
590,15:25:00,15:25:00,37002,10,0,0,4.8545
590,15:26:00,15:26:00,37003,11,0,0,5.5027
590,15:28:00,15:28:00,37004,12,0,0,6.7131
590,15:30:00,15:30:00,37005,13,0,0,7.2754
590,15:32:00,15:32:00,38229,14,0,0,8.1356
590,15:35:00,15:35:00,42673,15,0,0,9.0371
591,15:25:00,15:25:00,39348,1,0,0,0.0000
591,15:28:00,15:28:00,37378,2,0,0,0.8826
591,15:30:00,15:30:00,37377,3,0,0,1.1758
591,15:32:00,15:32:00,37376,4,0,0,1.5225
591,15:34:00,15:34:00,36994,5,0,0,1.7718
591,15:36:00,15:36:00,36995,6,0,0,2.0663
591,15:38:00,15:38:00,36996,7,0,0,2.4741
591,15:39:00,15:39:00,36997,8,0,0,2.7515
591,15:42:00,15:42:00,36998,9,0,0,3.4328
591,15:45:00,15:45:00,37002,10,0,0,4.8545
591,15:46:00,15:46:00,37003,11,0,0,5.5027
591,15:48:00,15:48:00,37004,12,0,0,6.7131
591,15:50:00,15:50:00,37005,13,0,0,7.2754
591,15:52:00,15:52:00,38229,14,0,0,8.1356
591,15:55:00,15:55:00,42673,15,0,0,9.0371
592,15:45:00,15:45:00,39348,1,0,0,0.0000
592,15:48:00,15:48:00,37378,2,0,0,0.8826
592,15:50:00,15:50:00,37377,3,0,0,1.1758
592,15:52:00,15:52:00,37376,4,0,0,1.5225
592,15:54:00,15:54:00,36994,5,0,0,1.7718
592,15:56:00,15:56:00,36995,6,0,0,2.0663
592,15:58:00,15:58:00,36996,7,0,0,2.4741
592,15:59:00,15:59:00,36997,8,0,0,2.7515
592,16:02:00,16:02:00,36998,9,0,0,3.4328
592,16:05:00,16:05:00,37002,10,0,0,4.8545
592,16:06:00,16:06:00,37003,11,0,0,5.5027
592,16:08:00,16:08:00,37004,12,0,0,6.7131
592,16:10:00,16:10:00,37005,13,0,0,7.2754
592,16:12:00,16:12:00,38229,14,0,0,8.1356
592,16:15:00,16:15:00,42673,15,0,0,9.0371
593,16:05:00,16:05:00,39348,1,0,0,0.0000
593,16:08:00,16:08:00,37378,2,0,0,0.8826
593,16:10:00,16:10:00,37377,3,0,0,1.1758
593,16:12:00,16:12:00,37376,4,0,0,1.5225
593,16:14:00,16:14:00,36994,5,0,0,1.7718
593,16:16:00,16:16:00,36995,6,0,0,2.0663
593,16:18:00,16:18:00,36996,7,0,0,2.4741
593,16:19:00,16:19:00,36997,8,0,0,2.7515
593,16:22:00,16:22:00,36998,9,0,0,3.4328
593,16:25:00,16:25:00,37002,10,0,0,4.8545
593,16:26:00,16:26:00,37003,11,0,0,5.5027
593,16:28:00,16:28:00,37004,12,0,0,6.7131
593,16:30:00,16:30:00,37005,13,0,0,7.2754
593,16:32:00,16:32:00,38229,14,0,0,8.1356
593,16:35:00,16:35:00,42673,15,0,0,9.0371
594,16:25:00,16:25:00,39348,1,0,0,0.0000
594,16:28:00,16:28:00,37378,2,0,0,0.8826
594,16:30:00,16:30:00,37377,3,0,0,1.1758
594,16:32:00,16:32:00,37376,4,0,0,1.5225
594,16:34:00,16:34:00,36994,5,0,0,1.7718
594,16:36:00,16:36:00,36995,6,0,0,2.0663
594,16:38:00,16:38:00,36996,7,0,0,2.4741
594,16:39:00,16:39:00,36997,8,0,0,2.7515
594,16:42:00,16:42:00,36998,9,0,0,3.4328
594,16:45:00,16:45:00,37002,10,0,0,4.8545
594,16:46:00,16:46:00,37003,11,0,0,5.5027
594,16:48:00,16:48:00,37004,12,0,0,6.7131
594,16:50:00,16:50:00,37005,13,0,0,7.2754
594,16:52:00,16:52:00,38229,14,0,0,8.1356
594,16:55:00,16:55:00,42673,15,0,0,9.0371
595,16:45:00,16:45:00,39348,1,0,0,0.0000
595,16:48:00,16:48:00,37378,2,0,0,0.8826
595,16:50:00,16:50:00,37377,3,0,0,1.1758
595,16:52:00,16:52:00,37376,4,0,0,1.5225
595,16:54:00,16:54:00,36994,5,0,0,1.7718
595,16:56:00,16:56:00,36995,6,0,0,2.0663
595,16:58:00,16:58:00,36996,7,0,0,2.4741
595,16:59:00,16:59:00,36997,8,0,0,2.7515
595,17:02:00,17:02:00,36998,9,0,0,3.4328
595,17:05:00,17:05:00,37002,10,0,0,4.8545
595,17:06:00,17:06:00,37003,11,0,0,5.5027
595,17:08:00,17:08:00,37004,12,0,0,6.7131
595,17:10:00,17:10:00,37005,13,0,0,7.2754
595,17:12:00,17:12:00,38229,14,0,0,8.1356
595,17:15:00,17:15:00,42673,15,0,0,9.0371
596,17:05:00,17:05:00,39348,1,0,0,0.0000
596,17:08:00,17:08:00,37378,2,0,0,0.8826
596,17:10:00,17:10:00,37377,3,0,0,1.1758
596,17:12:00,17:12:00,37376,4,0,0,1.5225
596,17:14:00,17:14:00,36994,5,0,0,1.7718
596,17:16:00,17:16:00,36995,6,0,0,2.0663
596,17:18:00,17:18:00,36996,7,0,0,2.4741
596,17:19:00,17:19:00,36997,8,0,0,2.7515
596,17:22:00,17:22:00,36998,9,0,0,3.4328
596,17:25:00,17:25:00,37002,10,0,0,4.8545
596,17:26:00,17:26:00,37003,11,0,0,5.5027
596,17:28:00,17:28:00,37004,12,0,0,6.7131
596,17:30:00,17:30:00,37005,13,0,0,7.2754
596,17:32:00,17:32:00,38229,14,0,0,8.1356
596,17:35:00,17:35:00,42673,15,0,0,9.0371
597,17:25:00,17:25:00,39348,1,0,0,0.0000
597,17:28:00,17:28:00,37378,2,0,0,0.8826
597,17:30:00,17:30:00,37377,3,0,0,1.1758
597,17:32:00,17:32:00,37376,4,0,0,1.5225
597,17:34:00,17:34:00,36994,5,0,0,1.7718
597,17:36:00,17:36:00,36995,6,0,0,2.0663
597,17:38:00,17:38:00,36996,7,0,0,2.4741
597,17:39:00,17:39:00,36997,8,0,0,2.7515
597,17:42:00,17:42:00,36998,9,0,0,3.4328
597,17:45:00,17:45:00,37002,10,0,0,4.8545
597,17:46:00,17:46:00,37003,11,0,0,5.5027
597,17:48:00,17:48:00,37004,12,0,0,6.7131
597,17:50:00,17:50:00,37005,13,0,0,7.2754
597,17:52:00,17:52:00,38229,14,0,0,8.1356
597,17:55:00,17:55:00,42673,15,0,0,9.0371
598,17:45:00,17:45:00,39348,1,0,0,0.0000
598,17:48:00,17:48:00,37378,2,0,0,0.8826
598,17:50:00,17:50:00,37377,3,0,0,1.1758
598,17:52:00,17:52:00,37376,4,0,0,1.5225
598,17:54:00,17:54:00,36994,5,0,0,1.7718
598,17:56:00,17:56:00,36995,6,0,0,2.0663
598,17:58:00,17:58:00,36996,7,0,0,2.4741
598,17:59:00,17:59:00,36997,8,0,0,2.7515
598,18:02:00,18:02:00,36998,9,0,0,3.4328
598,18:05:00,18:05:00,37002,10,0,0,4.8545
598,18:06:00,18:06:00,37003,11,0,0,5.5027
598,18:08:00,18:08:00,37004,12,0,0,6.7131
598,18:10:00,18:10:00,37005,13,0,0,7.2754
598,18:12:00,18:12:00,38229,14,0,0,8.1356
598,18:15:00,18:15:00,42673,15,0,0,9.0371
599,18:05:00,18:05:00,39348,1,0,0,0.0000
599,18:08:00,18:08:00,37378,2,0,0,0.8826
599,18:10:00,18:10:00,37377,3,0,0,1.1758
599,18:12:00,18:12:00,37376,4,0,0,1.5225
599,18:14:00,18:14:00,36994,5,0,0,1.7718
599,18:16:00,18:16:00,36995,6,0,0,2.0663
599,18:18:00,18:18:00,36996,7,0,0,2.4741
599,18:19:00,18:19:00,36997,8,0,0,2.7515
599,18:22:00,18:22:00,36998,9,0,0,3.4328
599,18:25:00,18:25:00,37002,10,0,0,4.8545
599,18:26:00,18:26:00,37003,11,0,0,5.5027
599,18:28:00,18:28:00,37004,12,0,0,6.7131
599,18:30:00,18:30:00,37005,13,0,0,7.2754
599,18:32:00,18:32:00,38229,14,0,0,8.1356
599,18:35:00,18:35:00,42673,15,0,0,9.0371
600,18:25:00,18:25:00,39348,1,0,0,0.0000
600,18:28:00,18:28:00,37378,2,0,0,0.8826
600,18:30:00,18:30:00,37377,3,0,0,1.1758
600,18:32:00,18:32:00,37376,4,0,0,1.5225
600,18:34:00,18:34:00,36994,5,0,0,1.7718
600,18:36:00,18:36:00,36995,6,0,0,2.0663
600,18:38:00,18:38:00,36996,7,0,0,2.4741
600,18:39:00,18:39:00,36997,8,0,0,2.7515
600,18:42:00,18:42:00,36998,9,0,0,3.4328
600,18:45:00,18:45:00,37002,10,0,0,4.8545
600,18:46:00,18:46:00,37003,11,0,0,5.5027
600,18:48:00,18:48:00,37004,12,0,0,6.7131
600,18:50:00,18:50:00,37005,13,0,0,7.2754
600,18:52:00,18:52:00,38229,14,0,0,8.1356
600,18:55:00,18:55:00,42673,15,0,0,9.0371
601,18:45:00,18:45:00,39348,1,0,0,0.0000
601,18:48:00,18:48:00,37378,2,0,0,0.8826
601,18:50:00,18:50:00,37377,3,0,0,1.1758
601,18:52:00,18:52:00,37376,4,0,0,1.5225
601,18:54:00,18:54:00,36994,5,0,0,1.7718
601,18:56:00,18:56:00,36995,6,0,0,2.0663
601,18:58:00,18:58:00,36996,7,0,0,2.4741
601,18:59:00,18:59:00,36997,8,0,0,2.7515
601,19:02:00,19:02:00,36998,9,0,0,3.4328
601,19:05:00,19:05:00,37002,10,0,0,4.8545
601,19:06:00,19:06:00,37003,11,0,0,5.5027
601,19:08:00,19:08:00,37004,12,0,0,6.7131
601,19:10:00,19:10:00,37005,13,0,0,7.2754
601,19:12:00,19:12:00,38229,14,0,0,8.1356
601,19:15:00,19:15:00,42673,15,0,0,9.0371
602,19:05:00,19:05:00,39348,1,0,0,0.0000
602,19:08:00,19:08:00,37378,2,0,0,0.8826
602,19:10:00,19:10:00,37377,3,0,0,1.1758
602,19:12:00,19:12:00,37376,4,0,0,1.5225
602,19:14:00,19:14:00,36994,5,0,0,1.7718
602,19:16:00,19:16:00,36995,6,0,0,2.0663
602,19:18:00,19:18:00,36996,7,0,0,2.4741
602,19:19:00,19:19:00,36997,8,0,0,2.7515
602,19:22:00,19:22:00,36998,9,0,0,3.4328
602,19:25:00,19:25:00,37002,10,0,0,4.8545
602,19:26:00,19:26:00,37003,11,0,0,5.5027
602,19:28:00,19:28:00,37004,12,0,0,6.7131
602,19:30:00,19:30:00,37005,13,0,0,7.2754
602,19:32:00,19:32:00,38229,14,0,0,8.1356
602,19:35:00,19:35:00,42673,15,0,0,9.0371
603,19:25:00,19:25:00,39348,1,0,0,0.0000
603,19:28:00,19:28:00,37378,2,0,0,0.8826
603,19:30:00,19:30:00,37377,3,0,0,1.1758
603,19:32:00,19:32:00,37376,4,0,0,1.5225
603,19:34:00,19:34:00,36994,5,0,0,1.7718
603,19:36:00,19:36:00,36995,6,0,0,2.0663
603,19:38:00,19:38:00,36996,7,0,0,2.4741
603,19:39:00,19:39:00,36997,8,0,0,2.7515
603,19:42:00,19:42:00,36998,9,0,0,3.4328
603,19:45:00,19:45:00,37002,10,0,0,4.8545
603,19:46:00,19:46:00,37003,11,0,0,5.5027
603,19:48:00,19:48:00,37004,12,0,0,6.7131
603,19:50:00,19:50:00,37005,13,0,0,7.2754
603,19:52:00,19:52:00,38229,14,0,0,8.1356
603,19:55:00,19:55:00,42673,15,0,0,9.0371
604,19:45:00,19:45:00,39348,1,0,0,0.0000
604,19:48:00,19:48:00,37378,2,0,0,0.8826
604,19:50:00,19:50:00,37377,3,0,0,1.1758
604,19:52:00,19:52:00,37376,4,0,0,1.5225
604,19:54:00,19:54:00,36994,5,0,0,1.7718
604,19:56:00,19:56:00,36995,6,0,0,2.0663
604,19:58:00,19:58:00,36996,7,0,0,2.4741
604,19:59:00,19:59:00,36997,8,0,0,2.7515
604,20:02:00,20:02:00,36998,9,0,0,3.4328
604,20:05:00,20:05:00,37002,10,0,0,4.8545
604,20:06:00,20:06:00,37003,11,0,0,5.5027
604,20:08:00,20:08:00,37004,12,0,0,6.7131
604,20:10:00,20:10:00,37005,13,0,0,7.2754
604,20:12:00,20:12:00,38229,14,0,0,8.1356
604,20:15:00,20:15:00,42673,15,0,0,9.0371
605,20:05:00,20:05:00,39348,1,0,0,0.0000
605,20:08:00,20:08:00,37378,2,0,0,0.8826
605,20:10:00,20:10:00,37377,3,0,0,1.1758
605,20:12:00,20:12:00,37376,4,0,0,1.5225
605,20:14:00,20:14:00,36994,5,0,0,1.7718
605,20:16:00,20:16:00,36995,6,0,0,2.0663
605,20:18:00,20:18:00,36996,7,0,0,2.4741
605,20:19:00,20:19:00,36997,8,0,0,2.7515
605,20:22:00,20:22:00,36998,9,0,0,3.4328
605,20:25:00,20:25:00,37002,10,0,0,4.8545
605,20:26:00,20:26:00,37003,11,0,0,5.5027
605,20:28:00,20:28:00,37004,12,0,0,6.7131
605,20:30:00,20:30:00,37005,13,0,0,7.2754
605,20:32:00,20:32:00,38229,14,0,0,8.1356
605,20:35:00,20:35:00,42673,15,0,0,9.0371
606,20:25:00,20:25:00,39348,1,0,0,0.0000
606,20:28:00,20:28:00,37378,2,0,0,0.8826
606,20:30:00,20:30:00,37377,3,0,0,1.1758
606,20:32:00,20:32:00,37376,4,0,0,1.5225
606,20:34:00,20:34:00,36994,5,0,0,1.7718
606,20:36:00,20:36:00,36995,6,0,0,2.0663
606,20:38:00,20:38:00,36996,7,0,0,2.4741
