2014,08:41:00,08:41:00,26316,3,0,0,0.8362
2014,08:43:00,08:43:00,6907,4,0,0,1.3813
2014,08:45:00,08:45:00,14984,5,0,0,1.8928
2014,08:47:00,08:47:00,6966,6,0,0,2.4422
2014,08:49:00,08:49:00,14986,7,0,0,3.0157
2014,08:50:00,08:50:00,6957,8,0,0,3.4841
2014,08:51:00,08:51:00,6995,9,0,0,3.7445
2014,08:52:00,08:52:00,6997,10,0,0,4.2691
2014,08:53:00,08:53:00,6900,11,0,0,4.4496
2014,08:55:00,08:55:00,42545,12,0,0,4.8693
2014,08:58:00,08:58:00,26326,13,0,0,4.8788
2014,09:01:00,09:01:00,39134,14,0,0,5.3758
2014,09:03:00,09:03:00,39133,15,0,0,5.7481
2014,09:04:00,09:04:00,39131,16,0,0,5.8576
2014,09:06:00,09:06:00,39130,17,0,0,6.0187
2015,08:55:00,08:55:00,38065,1,0,0,0.0000
2015,08:57:00,08:57:00,38064,2,0,0,0.3998
2015,09:01:00,09:01:00,26316,3,0,0,0.8362
2015,09:03:00,09:03:00,6907,4,0,0,1.3813
2015,09:05:00,09:05:00,14984,5,0,0,1.8928
2015,09:07:00,09:07:00,6966,6,0,0,2.4422
2015,09:09:00,09:09:00,14986,7,0,0,3.0157
2015,09:10:00,09:10:00,6957,8,0,0,3.4841
2015,09:11:00,09:11:00,6995,9,0,0,3.7445
2015,09:12:00,09:12:00,6997,10,0,0,4.2691
2015,09:13:00,09:13:00,6900,11,0,0,4.4496
2015,09:15:00,09:15:00,42545,12,0,0,4.8693
2015,09:18:00,09:18:00,26326,13,0,0,4.8788
2015,09:21:00,09:21:00,39134,14,0,0,5.3758
2015,09:23:00,09:23:00,39133,15,0,0,5.7481
2015,09:24:00,09:24:00,39131,16,0,0,5.8576
2015,09:26:00,09:26:00,39130,17,0,0,6.0187
2016,09:15:00,09:15:00,38065,1,0,0,0.0000
2016,09:17:00,09:17:00,38064,2,0,0,0.3998
2016,09:21:00,09:21:00,26316,3,0,0,0.8362
2016,09:23:00,09:23:00,6907,4,0,0,1.3813
2016,09:25:00,09:25:00,14984,5,0,0,1.8928
2016,09:27:00,09:27:00,6966,6,0,0,2.4422
2016,09:29:00,09:29:00,14986,7,0,0,3.0157
2016,09:30:00,09:30:00,6957,8,0,0,3.4841
2016,09:31:00,09:31:00,6995,9,0,0,3.7445
2016,09:32:00,09:32:00,6997,10,0,0,4.2691
2016,09:33:00,09:33:00,6900,11,0,0,4.4496
2016,09:35:00,09:35:00,42545,12,0,0,4.8693
2016,09:38:00,09:38:00,26326,13,0,0,4.8788
2016,09:41:00,09:41:00,39134,14,0,0,5.3758
2016,09:43:00,09:43:00,39133,15,0,0,5.7481
2016,09:44:00,09:44:00,39131,16,0,0,5.8576
2016,09:46:00,09:46:00,39130,17,0,0,6.0187
2017,09:35:00,09:35:00,38065,1,0,0,0.0000
2017,09:37:00,09:37:00,38064,2,0,0,0.3998
2017,09:41:00,09:41:00,26316,3,0,0,0.8362
2017,09:43:00,09:43:00,6907,4,0,0,1.3813
2017,09:45:00,09:45:00,14984,5,0,0,1.8928
2017,09:47:00,09:47:00,6966,6,0,0,2.4422
2017,09:49:00,09:49:00,14986,7,0,0,3.0157
2017,09:50:00,09:50:00,6957,8,0,0,3.4841
2017,09:51:00,09:51:00,6995,9,0,0,3.7445
2017,09:52:00,09:52:00,6997,10,0,0,4.2691
2017,09:53:00,09:53:00,6900,11,0,0,4.4496
2017,09:55:00,09:55:00,42545,12,0,0,4.8693
2017,09:58:00,09:58:00,26326,13,0,0,4.8788
2017,10:01:00,10:01:00,39134,14,0,0,5.3758
2017,10:03:00,10:03:00,39133,15,0,0,5.7481
2017,10:04:00,10:04:00,39131,16,0,0,5.8576
2017,10:06:00,10:06:00,39130,17,0,0,6.0187
2018,09:55:00,09:55:00,38065,1,0,0,0.0000
2018,09:57:00,09:57:00,38064,2,0,0,0.3998
2018,10:01:00,10:01:00,26316,3,0,0,0.8362
2018,10:03:00,10:03:00,6907,4,0,0,1.3813
2018,10:05:00,10:05:00,14984,5,0,0,1.8928
2018,10:07:00,10:07:00,6966,6,0,0,2.4422
2018,10:09:00,10:09:00,14986,7,0,0,3.0157
2018,10:10:00,10:10:00,6957,8,0,0,3.4841
2018,10:11:00,10:11:00,6995,9,0,0,3.7445
2018,10:12:00,10:12:00,6997,10,0,0,4.2691
2018,10:13:00,10:13:00,6900,11,0,0,4.4496
2018,10:15:00,10:15:00,42545,12,0,0,4.8693
2018,10:18:00,10:18:00,26326,13,0,0,4.8788
2018,10:21:00,10:21:00,39134,14,0,0,5.3758
2018,10:23:00,10:23:00,39133,15,0,0,5.7481
2018,10:24:00,10:24:00,39131,16,0,0,5.8576
2018,10:26:00,10:26:00,39130,17,0,0,6.0187
2019,10:15:00,10:15:00,38065,1,0,0,0.0000
2019,10:17:00,10:17:00,38064,2,0,0,0.3998
2019,10:21:00,10:21:00,26316,3,0,0,0.8362
2019,10:23:00,10:23:00,6907,4,0,0,1.3813
2019,10:25:00,10:25:00,14984,5,0,0,1.8928
2019,10:27:00,10:27:00,6966,6,0,0,2.4422
2019,10:29:00,10:29:00,14986,7,0,0,3.0157
2019,10:30:00,10:30:00,6957,8,0,0,3.4841
2019,10:31:00,10:31:00,6995,9,0,0,3.7445
2019,10:32:00,10:32:00,6997,10,0,0,4.2691
2019,10:33:00,10:33:00,6900,11,0,0,4.4496
2019,10:35:00,10:35:00,42545,12,0,0,4.8693
2019,10:38:00,10:38:00,26326,13,0,0,4.8788
2019,10:41:00,10:41:00,39134,14,0,0,5.3758
2019,10:43:00,10:43:00,39133,15,0,0,5.7481
2019,10:44:00,10:44:00,39131,16,0,0,5.8576
2019,10:46:00,10:46:00,39130,17,0,0,6.0187
2020,10:35:00,10:35:00,38065,1,0,0,0.0000
2020,10:37:00,10:37:00,38064,2,0,0,0.3998
2020,10:41:00,10:41:00,26316,3,0,0,0.8362
2020,10:43:00,10:43:00,6907,4,0,0,1.3813
2020,10:45:00,10:45:00,14984,5,0,0,1.8928
2020,10:47:00,10:47:00,6966,6,0,0,2.4422
2020,10:49:00,10:49:00,14986,7,0,0,3.0157
2020,10:50:00,10:50:00,6957,8,0,0,3.4841
2020,10:51:00,10:51:00,6995,9,0,0,3.7445
2020,10:52:00,10:52:00,6997,10,0,0,4.2691
2020,10:53:00,10:53:00,6900,11,0,0,4.4496
2020,10:55:00,10:55:00,42545,12,0,0,4.8693
2020,10:58:00,10:58:00,26326,13,0,0,4.8788
2020,11:01:00,11:01:00,39134,14,0,0,5.3758
2020,11:03:00,11:03:00,39133,15,0,0,5.7481
2020,11:04:00,11:04:00,39131,16,0,0,5.8576
2020,11:06:00,11:06:00,39130,17,0,0,6.0187
2021,10:55:00,10:55:00,38065,1,0,0,0.0000
2021,10:57:00,10:57:00,38064,2,0,0,0.3998
2021,11:01:00,11:01:00,26316,3,0,0,0.8362
2021,11:03:00,11:03:00,6907,4,0,0,1.3813
2021,11:05:00,11:05:00,14984,5,0,0,1.8928
2021,11:07:00,11:07:00,6966,6,0,0,2.4422
2021,11:09:00,11:09:00,14986,7,0,0,3.0157
2021,11:10:00,11:10:00,6957,8,0,0,3.4841
2021,11:11:00,11:11:00,6995,9,0,0,3.7445
2021,11:12:00,11:12:00,6997,10,0,0,4.2691
2021,11:13:00,11:13:00,6900,11,0,0,4.4496
2021,11:15:00,11:15:00,42545,12,0,0,4.8693
2021,11:18:00,11:18:00,26326,13,0,0,4.8788
2021,11:21:00,11:21:00,39134,14,0,0,5.3758
2021,11:23:00,11:23:00,39133,15,0,0,5.7481
2021,11:24:00,11:24:00,39131,16,0,0,5.8576
2021,11:26:00,11:26:00,39130,17,0,0,6.0187
2022,11:15:00,11:15:00,38065,1,0,0,0.0000
2022,11:17:00,11:17:00,38064,2,0,0,0.3998
2022,11:21:00,11:21:00,26316,3,0,0,0.8362
2022,11:23:00,11:23:00,6907,4,0,0,1.3813
2022,11:25:00,11:25:00,14984,5,0,0,1.8928
2022,11:27:00,11:27:00,6966,6,0,0,2.4422
2022,11:29:00,11:29:00,14986,7,0,0,3.0157
2022,11:30:00,11:30:00,6957,8,0,0,3.4841
2022,11:31:00,11:31:00,6995,9,0,0,3.7445
2022,11:32:00,11:32:00,6997,10,0,0,4.2691
2022,11:33:00,11:33:00,6900,11,0,0,4.4496
2022,11:35:00,11:35:00,42545,12,0,0,4.8693
2022,11:38:00,11:38:00,26326,13,0,0,4.8788
2022,11:41:00,11:41:00,39134,14,0,0,5.3758
2022,11:43:00,11:43:00,39133,15,0,0,5.7481
2022,11:44:00,11:44:00,39131,16,0,0,5.8576
2022,11:46:00,11:46:00,39130,17,0,0,6.0187
2023,11:35:00,11:35:00,38065,1,0,0,0.0000
2023,11:37:00,11:37:00,38064,2,0,0,0.3998
2023,11:41:00,11:41:00,26316,3,0,0,0.8362
2023,11:43:00,11:43:00,6907,4,0,0,1.3813
2023,11:45:00,11:45:00,14984,5,0,0,1.8928
2023,11:47:00,11:47:00,6966,6,0,0,2.4422
2023,11:49:00,11:49:00,14986,7,0,0,3.0157
2023,11:50:00,11:50:00,6957,8,0,0,3.4841
2023,11:51:00,11:51:00,6995,9,0,0,3.7445
2023,11:52:00,11:52:00,6997,10,0,0,4.2691
2023,11:53:00,11:53:00,6900,11,0,0,4.4496
2023,11:55:00,11:55:00,42545,12,0,0,4.8693
2023,11:58:00,11:58:00,26326,13,0,0,4.8788
2023,12:01:00,12:01:00,39134,14,0,0,5.3758
2023,12:03:00,12:03:00,39133,15,0,0,5.7481
2023,12:04:00,12:04:00,39131,16,0,0,5.8576
2023,12:06:00,12:06:00,39130,17,0,0,6.0187
2024,11:55:00,11:55:00,38065,1,0,0,0.0000
2024,11:57:00,11:57:00,38064,2,0,0,0.3998
2024,12:01:00,12:01:00,26316,3,0,0,0.8362
2024,12:03:00,12:03:00,6907,4,0,0,1.3813
2024,12:05:00,12:05:00,14984,5,0,0,1.8928
2024,12:07:00,12:07:00,6966,6,0,0,2.4422
2024,12:09:00,12:09:00,14986,7,0,0,3.0157
2024,12:10:00,12:10:00,6957,8,0,0,3.4841
2024,12:11:00,12:11:00,6995,9,0,0,3.7445
2024,12:12:00,12:12:00,6997,10,0,0,4.2691
2024,12:13:00,12:13:00,6900,11,0,0,4.4496
2024,12:15:00,12:15:00,42545,12,0,0,4.8693
2024,12:18:00,12:18:00,26326,13,0,0,4.8788
2024,12:21:00,12:21:00,39134,14,0,0,5.3758
2024,12:23:00,12:23:00,39133,15,0,0,5.7481
2024,12:24:00,12:24:00,39131,16,0,0,5.8576
2024,12:26:00,12:26:00,39130,17,0,0,6.0187
2025,12:15:00,12:15:00,38065,1,0,0,0.0000
2025,12:17:00,12:17:00,38064,2,0,0,0.3998
2025,12:21:00,12:21:00,26316,3,0,0,0.8362
2025,12:23:00,12:23:00,6907,4,0,0,1.3813
2025,12:25:00,12:25:00,14984,5,0,0,1.8928
2025,12:27:00,12:27:00,6966,6,0,0,2.4422
2025,12:29:00,12:29:00,14986,7,0,0,3.0157
2025,12:30:00,12:30:00,6957,8,0,0,3.4841
2025,12:31:00,12:31:00,6995,9,0,0,3.7445
2025,12:32:00,12:32:00,6997,10,0,0,4.2691
2025,12:33:00,12:33:00,6900,11,0,0,4.4496
2025,12:35:00,12:35:00,42545,12,0,0,4.8693
2025,12:38:00,12:38:00,26326,13,0,0,4.8788
2025,12:41:00,12:41:00,39134,14,0,0,5.3758
2025,12:43:00,12:43:00,39133,15,0,0,5.7481
2025,12:44:00,12:44:00,39131,16,0,0,5.8576
2025,12:46:00,12:46:00,39130,17,0,0,6.0187
2026,12:35:00,12:35:00,38065,1,0,0,0.0000
2026,12:37:00,12:37:00,38064,2,0,0,0.3998
2026,12:41:00,12:41:00,26316,3,0,0,0.8362
2026,12:43:00,12:43:00,6907,4,0,0,1.3813
2026,12:45:00,12:45:00,14984,5,0,0,1.8928
2026,12:47:00,12:47:00,6966,6,0,0,2.4422
2026,12:49:00,12:49:00,14986,7,0,0,3.0157
2026,12:50:00,12:50:00,6957,8,0,0,3.4841
2026,12:51:00,12:51:00,6995,9,0,0,3.7445
2026,12:52:00,12:52:00,6997,10,0,0,4.2691
2026,12:53:00,12:53:00,6900,11,0,0,4.4496
2026,12:55:00,12:55:00,42545,12,0,0,4.8693
2026,12:58:00,12:58:00,26326,13,0,0,4.8788
2026,13:01:00,13:01:00,39134,14,0,0,5.3758
2026,13:03:00,13:03:00,39133,15,0,0,5.7481
2026,13:04:00,13:04:00,39131,16,0,0,5.8576
2026,13:06:00,13:06:00,39130,17,0,0,6.0187
2027,12:55:00,12:55:00,38065,1,0,0,0.0000
2027,12:57:00,12:57:00,38064,2,0,0,0.3998
2027,13:01:00,13:01:00,26316,3,0,0,0.8362
2027,13:03:00,13:03:00,6907,4,0,0,1.3813
2027,13:05:00,13:05:00,14984,5,0,0,1.8928
2027,13:07:00,13:07:00,6966,6,0,0,2.4422
2027,13:09:00,13:09:00,14986,7,0,0,3.0157
2027,13:10:00,13:10:00,6957,8,0,0,3.4841
2027,13:11:00,13:11:00,6995,9,0,0,3.7445
2027,13:12:00,13:12:00,6997,10,0,0,4.2691
2027,13:13:00,13:13:00,6900,11,0,0,4.4496
2027,13:15:00,13:15:00,42545,12,0,0,4.8693
2027,13:18:00,13:18:00,26326,13,0,0,4.8788
2027,13:21:00,13:21:00,39134,14,0,0,5.3758
2027,13:23:00,13:23:00,39133,15,0,0,5.7481
2027,13:24:00,13:24:00,39131,16,0,0,5.8576
2027,13:26:00,13:26:00,39130,17,0,0,6.0187
2028,13:15:00,13:15:00,38065,1,0,0,0.0000
2028,13:17:00,13:17:00,38064,2,0,0,0.3998
2028,13:21:00,13:21:00,26316,3,0,0,0.8362
2028,13:23:00,13:23:00,6907,4,0,0,1.3813
2028,13:25:00,13:25:00,14984,5,0,0,1.8928
2028,13:27:00,13:27:00,6966,6,0,0,2.4422
2028,13:29:00,13:29:00,14986,7,0,0,3.0157
2028,13:30:00,13:30:00,6957,8,0,0,3.4841
2028,13:31:00,13:31:00,6995,9,0,0,3.7445
2028,13:32:00,13:32:00,6997,10,0,0,4.2691
2028,13:33:00,13:33:00,6900,11,0,0,4.4496
2028,13:35:00,13:35:00,42545,12,0,0,4.8693
2028,13:38:00,13:38:00,26326,13,0,0,4.8788
2028,13:41:00,13:41:00,39134,14,0,0,5.3758
2028,13:43:00,13:43:00,39133,15,0,0,5.7481
2028,13:44:00,13:44:00,39131,16,0,0,5.8576
2028,13:46:00,13:46:00,39130,17,0,0,6.0187
2029,13:35:00,13:35:00,38065,1,0,0,0.0000
2029,13:37:00,13:37:00,38064,2,0,0,0.3998
2029,13:41:00,13:41:00,26316,3,0,0,0.8362
2029,13:43:00,13:43:00,6907,4,0,0,1.3813
2029,13:45:00,13:45:00,14984,5,0,0,1.8928
2029,13:47:00,13:47:00,6966,6,0,0,2.4422
2029,13:49:00,13:49:00,14986,7,0,0,3.0157
2029,13:50:00,13:50:00,6957,8,0,0,3.4841
2029,13:51:00,13:51:00,6995,9,0,0,3.7445
2029,13:52:00,13:52:00,6997,10,0,0,4.2691
2029,13:53:00,13:53:00,6900,11,0,0,4.4496
2029,13:55:00,13:55:00,42545,12,0,0,4.8693
2029,13:58:00,13:58:00,26326,13,0,0,4.8788
2029,14:01:00,14:01:00,39134,14,0,0,5.3758
2029,14:03:00,14:03:00,39133,15,0,0,5.7481
2029,14:04:00,14:04:00,39131,16,0,0,5.8576
2029,14:06:00,14:06:00,39130,17,0,0,6.0187
2030,13:55:00,13:55:00,38065,1,0,0,0.0000
2030,13:57:00,13:57:00,38064,2,0,0,0.3998
2030,14:01:00,14:01:00,26316,3,0,0,0.8362
2030,14:03:00,14:03:00,6907,4,0,0,1.3813
2030,14:05:00,14:05:00,14984,5,0,0,1.8928
2030,14:07:00,14:07:00,6966,6,0,0,2.4422
2030,14:09:00,14:09:00,14986,7,0,0,3.0157
2030,14:10:00,14:10:00,6957,8,0,0,3.4841
2030,14:11:00,14:11:00,6995,9,0,0,3.7445
2030,14:12:00,14:12:00,6997,10,0,0,4.2691
2030,14:13:00,14:13:00,6900,11,0,0,4.4496
2030,14:15:00,14:15:00,42545,12,0,0,4.8693
2030,14:18:00,14:18:00,26326,13,0,0,4.8788
2030,14:21:00,14:21:00,39134,14,0,0,5.3758
2030,14:23:00,14:23:00,39133,15,0,0,5.7481
2030,14:24:00,14:24:00,39131,16,0,0,5.8576
2030,14:26:00,14:26:00,39130,17,0,0,6.0187
2031,14:15:00,14:15:00,38065,1,0,0,0.0000
2031,14:17:00,14:17:00,38064,2,0,0,0.3998
2031,14:21:00,14:21:00,26316,3,0,0,0.8362
2031,14:23:00,14:23:00,6907,4,0,0,1.3813
2031,14:25:00,14:25:00,14984,5,0,0,1.8928
2031,14:27:00,14:27:00,6966,6,0,0,2.4422
2031,14:29:00,14:29:00,14986,7,0,0,3.0157
2031,14:30:00,14:30:00,6957,8,0,0,3.4841
2031,14:31:00,14:31:00,6995,9,0,0,3.7445
2031,14:32:00,14:32:00,6997,10,0,0,4.2691
2031,14:33:00,14:33:00,6900,11,0,0,4.4496
2031,14:35:00,14:35:00,42545,12,0,0,4.8693
2031,14:38:00,14:38:00,26326,13,0,0,4.8788
2031,14:41:00,14:41:00,39134,14,0,0,5.3758
2031,14:43:00,14:43:00,39133,15,0,0,5.7481
2031,14:44:00,14:44:00,39131,16,0,0,5.8576
2031,14:46:00,14:46:00,39130,17,0,0,6.0187
2032,14:35:00,14:35:00,38065,1,0,0,0.0000
2032,14:37:00,14:37:00,38064,2,0,0,0.3998
2032,14:41:00,14:41:00,26316,3,0,0,0.8362
2032,14:43:00,14:43:00,6907,4,0,0,1.3813
2032,14:45:00,14:45:00,14984,5,0,0,1.8928
2032,14:47:00,14:47:00,6966,6,0,0,2.4422
2032,14:49:00,14:49:00,14986,7,0,0,3.0157
2032,14:50:00,14:50:00,6957,8,0,0,3.4841
2032,14:51:00,14:51:00,6995,9,0,0,3.7445
2032,14:52:00,14:52:00,6997,10,0,0,4.2691
2032,14:53:00,14:53:00,6900,11,0,0,4.4496
2032,14:55:00,14:55:00,42545,12,0,0,4.8693
2032,14:58:00,14:58:00,26326,13,0,0,4.8788
2032,15:01:00,15:01:00,39134,14,0,0,5.3758
2032,15:03:00,15:03:00,39133,15,0,0,5.7481
2032,15:04:00,15:04:00,39131,16,0,0,5.8576
2032,15:06:00,15:06:00,39130,17,0,0,6.0187
2033,14:55:00,14:55:00,38065,1,0,0,0.0000
2033,14:57:00,14:57:00,38064,2,0,0,0.3998
2033,15:01:00,15:01:00,26316,3,0,0,0.8362
2033,15:03:00,15:03:00,6907,4,0,0,1.3813
2033,15:05:00,15:05:00,14984,5,0,0,1.8928
2033,15:07:00,15:07:00,6966,6,0,0,2.4422
2033,15:09:00,15:09:00,14986,7,0,0,3.0157
2033,15:10:00,15:10:00,6957,8,0,0,3.4841
2033,15:11:00,15:11:00,6995,9,0,0,3.7445
2033,15:12:00,15:12:00,6997,10,0,0,4.2691
2033,15:13:00,15:13:00,6900,11,0,0,4.4496
2033,15:15:00,15:15:00,42545,12,0,0,4.8693
2033,15:18:00,15:18:00,26326,13,0,0,4.8788
2033,15:21:00,15:21:00,39134,14,0,0,5.3758
2033,15:23:00,15:23:00,39133,15,0,0,5.7481
2033,15:24:00,15:24:00,39131,16,0,0,5.8576
2033,15:26:00,15:26:00,39130,17,0,0,6.0187
2034,15:15:00,15:15:00,38065,1,0,0,0.0000
2034,15:17:00,15:17:00,38064,2,0,0,0.3998
2034,15:21:00,15:21:00,26316,3,0,0,0.8362
2034,15:23:00,15:23:00,6907,4,0,0,1.3813
2034,15:25:00,15:25:00,14984,5,0,0,1.8928
2034,15:27:00,15:27:00,6966,6,0,0,2.4422
2034,15:29:00,15:29:00,14986,7,0,0,3.0157
2034,15:30:00,15:30:00,6957,8,0,0,3.4841
2034,15:31:00,15:31:00,6995,9,0,0,3.7445
2034,15:32:00,15:32:00,6997,10,0,0,4.2691
2034,15:33:00,15:33:00,6900,11,0,0,4.4496
2034,15:35:00,15:35:00,42545,12,0,0,4.8693
2034,15:38:00,15:38:00,26326,13,0,0,4.8788
2034,15:41:00,15:41:00,39134,14,0,0,5.3758
2034,15:43:00,15:43:00,39133,15,0,0,5.7481
2034,15:44:00,15:44:00,39131,16,0,0,5.8576
2034,15:46:00,15:46:00,39130,17,0,0,6.0187
2035,15:35:00,15:35:00,38065,1,0,0,0.0000
2035,15:37:00,15:37:00,38064,2,0,0,0.3998
2035,15:41:00,15:41:00,26316,3,0,0,0.8362
2035,15:43:00,15:43:00,6907,4,0,0,1.3813
2035,15:45:00,15:45:00,14984,5,0,0,1.8928
2035,15:47:00,15:47:00,6966,6,0,0,2.4422
2035,15:49:00,15:49:00,14986,7,0,0,3.0157
2035,15:50:00,15:50:00,6957,8,0,0,3.4841
2035,15:51:00,15:51:00,6995,9,0,0,3.7445
2035,15:52:00,15:52:00,6997,10,0,0,4.2691
2035,15:53:00,15:53:00,6900,11,0,0,4.4496
2035,15:55:00,15:55:00,42545,12,0,0,4.8693
2035,15:58:00,15:58:00,26326,13,0,0,4.8788
2035,16:01:00,16:01:00,39134,14,0,0,5.3758
2035,16:03:00,16:03:00,39133,15,0,0,5.7481
2035,16:04:00,16:04:00,39131,16,0,0,5.8576
2035,16:06:00,16:06:00,39130,17,0,0,6.0187
2036,15:55:00,15:55:00,38065,1,0,0,0.0000
2036,15:57:00,15:57:00,38064,2,0,0,0.3998
2036,16:01:00,16:01:00,26316,3,0,0,0.8362
2036,16:03:00,16:03:00,6907,4,0,0,1.3813
2036,16:05:00,16:05:00,14984,5,0,0,1.8928
2036,16:07:00,16:07:00,6966,6,0,0,2.4422
2036,16:09:00,16:09:00,14986,7,0,0,3.0157
2036,16:10:00,16:10:00,6957,8,0,0,3.4841
2036,16:11:00,16:11:00,6995,9,0,0,3.7445
2036,16:12:00,16:12:00,6997,10,0,0,4.2691
2036,16:13:00,16:13:00,6900,11,0,0,4.4496
2036,16:15:00,16:15:00,42545,12,0,0,4.8693
2036,16:18:00,16:18:00,26326,13,0,0,4.8788
2036,16:21:00,16:21:00,39134,14,0,0,5.3758
2036,16:23:00,16:23:00,39133,15,0,0,5.7481
2036,16:24:00,16:24:00,39131,16,0,0,5.8576
2036,16:26:00,16:26:00,39130,17,0,0,6.0187
2037,16:15:00,16:15:00,38065,1,0,0,0.0000
2037,16:17:00,16:17:00,38064,2,0,0,0.3998
2037,16:21:00,16:21:00,26316,3,0,0,0.8362
2037,16:23:00,16:23:00,6907,4,0,0,1.3813
2037,16:25:00,16:25:00,14984,5,0,0,1.8928
2037,16:27:00,16:27:00,6966,6,0,0,2.4422
2037,16:29:00,16:29:00,14986,7,0,0,3.0157
2037,16:30:00,16:30:00,6957,8,0,0,3.4841
2037,16:31:00,16:31:00,6995,9,0,0,3.7445
2037,16:32:00,16:32:00,6997,10,0,0,4.2691
2037,16:33:00,16:33:00,6900,11,0,0,4.4496
2037,16:35:00,16:35:00,42545,12,0,0,4.8693
2037,16:38:00,16:38:00,26326,13,0,0,4.8788
2037,16:41:00,16:41:00,39134,14,0,0,5.3758
2037,16:43:00,16:43:00,39133,15,0,0,5.7481
2037,16:44:00,16:44:00,39131,16,0,0,5.8576
2037,16:46:00,16:46:00,39130,17,0,0,6.0187
2038,16:35:00,16:35:00,38065,1,0,0,0.0000
2038,16:37:00,16:37:00,38064,2,0,0,0.3998
2038,16:41:00,16:41:00,26316,3,0,0,0.8362
2038,16:43:00,16:43:00,6907,4,0,0,1.3813
2038,16:45:00,16:45:00,14984,5,0,0,1.8928
2038,16:47:00,16:47:00,6966,6,0,0,2.4422
2038,16:49:00,16:49:00,14986,7,0,0,3.0157
2038,16:50:00,16:50:00,6957,8,0,0,3.4841
2038,16:51:00,16:51:00,6995,9,0,0,3.7445
2038,16:52:00,16:52:00,6997,10,0,0,4.2691
2038,16:53:00,16:53:00,6900,11,0,0,4.4496
2038,16:55:00,16:55:00,42545,12,0,0,4.8693
2038,16:58:00,16:58:00,26326,13,0,0,4.8788
2038,17:01:00,17:01:00,39134,14,0,0,5.3758
2038,17:03:00,17:03:00,39133,15,0,0,5.7481
2038,17:04:00,17:04:00,39131,16,0,0,5.8576
2038,17:06:00,17:06:00,39130,17,0,0,6.0187
2039,16:55:00,16:55:00,38065,1,0,0,0.0000
2039,16:57:00,16:57:00,38064,2,0,0,0.3998
2039,17:01:00,17:01:00,26316,3,0,0,0.8362
2039,17:03:00,17:03:00,6907,4,0,0,1.3813
2039,17:05:00,17:05:00,14984,5,0,0,1.8928
2039,17:07:00,17:07:00,6966,6,0,0,2.4422
2039,17:09:00,17:09:00,14986,7,0,0,3.0157
2039,17:10:00,17:10:00,6957,8,0,0,3.4841
2039,17:11:00,17:11:00,6995,9,0,0,3.7445
2039,17:12:00,17:12:00,6997,10,0,0,4.2691
2039,17:13:00,17:13:00,6900,11,0,0,4.4496
2039,17:15:00,17:15:00,42545,12,0,0,4.8693
2039,17:18:00,17:18:00,26326,13,0,0,4.8788
2039,17:21:00,17:21:00,39134,14,0,0,5.3758
2039,17:23:00,17:23:00,39133,15,0,0,5.7481
2039,17:24:00,17:24:00,39131,16,0,0,5.8576
2039,17:26:00,17:26:00,39130,17,0,0,6.0187
2040,17:15:00,17:15:00,38065,1,0,0,0.0000
2040,17:17:00,17:17:00,38064,2,0,0,0.3998
2040,17:21:00,17:21:00,26316,3,0,0,0.8362
2040,17:23:00,17:23:00,6907,4,0,0,1.3813
2040,17:25:00,17:25:00,14984,5,0,0,1.8928
2040,17:27:00,17:27:00,6966,6,0,0,2.4422
2040,17:29:00,17:29:00,14986,7,0,0,3.0157
2040,17:30:00,17:30:00,6957,8,0,0,3.4841
2040,17:31:00,17:31:00,6995,9,0,0,3.7445
2040,17:32:00,17:32:00,6997,10,0,0,4.2691
2040,17:33:00,17:33:00,6900,11,0,0,4.4496
2040,17:35:00,17:35:00,42545,12,0,0,4.8693
2040,17:38:00,17:38:00,26326,13,0,0,4.8788
2040,17:41:00,17:41:00,39134,14,0,0,5.3758
2040,17:43:00,17:43:00,39133,15,0,0,5.7481
2040,17:44:00,17:44:00,39131,16,0,0,5.8576
2040,17:46:00,17:46:00,39130,17,0,0,6.0187
2041,17:35:00,17:35:00,38065,1,0,0,0.0000
2041,17:37:00,17:37:00,38064,2,0,0,0.3998
2041,17:41:00,17:41:00,26316,3,0,0,0.8362
2041,17:43:00,17:43:00,6907,4,0,0,1.3813
2041,17:45:00,17:45:00,14984,5,0,0,1.8928
2041,17:47:00,17:47:00,6966,6,0,0,2.4422
2041,17:49:00,17:49:00,14986,7,0,0,3.0157
2041,17:50:00,17:50:00,6957,8,0,0,3.4841
2041,17:51:00,17:51:00,6995,9,0,0,3.7445
2041,17:52:00,17:52:00,6997,10,0,0,4.2691
2041,17:53:00,17:53:00,6900,11,0,0,4.4496
2041,17:55:00,17:55:00,42545,12,0,0,4.8693
2041,17:58:00,17:58:00,26326,13,0,0,4.8788
2041,18:01:00,18:01:00,39134,14,0,0,5.3758
2041,18:03:00,18:03:00,39133,15,0,0,5.7481
2041,18:04:00,18:04:00,39131,16,0,0,5.8576
2041,18:06:00,18:06:00,39130,17,0,0,6.0187
2042,17:55:00,17:55:00,38065,1,0,0,0.0000
2042,17:57:00,17:57:00,38064,2,0,0,0.3998
2042,18:01:00,18:01:00,26316,3,0,0,0.8362
2042,18:03:00,18:03:00,6907,4,0,0,1.3813
2042,18:05:00,18:05:00,14984,5,0,0,1.8928
2042,18:07:00,18:07:00,6966,6,0,0,2.4422
2042,18:09:00,18:09:00,14986,7,0,0,3.0157
2042,18:10:00,18:10:00,6957,8,0,0,3.4841
2042,18:11:00,18:11:00,6995,9,0,0,3.7445
2042,18:12:00,18:12:00,6997,10,0,0,4.2691
2042,18:13:00,18:13:00,6900,11,0,0,4.4496
2042,18:15:00,18:15:00,42545,12,0,0,4.8693
2042,18:18:00,18:18:00,26326,13,0,0,4.8788
2042,18:21:00,18:21:00,39134,14,0,0,5.3758
2042,18:23:00,18:23:00,39133,15,0,0,5.7481
2042,18:24:00,18:24:00,39131,16,0,0,5.8576
2042,18:26:00,18:26:00,39130,17,0,0,6.0187
2043,18:15:00,18:15:00,38065,1,0,0,0.0000
2043,18:17:00,18:17:00,38064,2,0,0,0.3998
2043,18:21:00,18:21:00,26316,3,0,0,0.8362
2043,18:23:00,18:23:00,6907,4,0,0,1.3813
2043,18:25:00,18:25:00,14984,5,0,0,1.8928
2043,18:27:00,18:27:00,6966,6,0,0,2.4422
2043,18:29:00,18:29:00,14986,7,0,0,3.0157
2043,18:30:00,18:30:00,6957,8,0,0,3.4841
2043,18:31:00,18:31:00,6995,9,0,0,3.7445
2043,18:32:00,18:32:00,6997,10,0,0,4.2691
2043,18:33:00,18:33:00,6900,11,0,0,4.4496
2043,18:35:00,18:35:00,42545,12,0,0,4.8693
2043,18:38:00,18:38:00,26326,13,0,0,4.8788
2043,18:41:00,18:41:00,39134,14,0,0,5.3758
2043,18:43:00,18:43:00,39133,15,0,0,5.7481
2043,18:44:00,18:44:00,39131,16,0,0,5.8576
2043,18:46:00,18:46:00,39130,17,0,0,6.0187
2044,18:35:00,18:35:00,38065,1,0,0,0.0000
2044,18:37:00,18:37:00,38064,2,0,0,0.3998
2044,18:41:00,18:41:00,26316,3,0,0,0.8362
2044,18:43:00,18:43:00,6907,4,0,0,1.3813
2044,18:45:00,18:45:00,14984,5,0,0,1.8928
2044,18:47:00,18:47:00,6966,6,0,0,2.4422
2044,18:49:00,18:49:00,14986,7,0,0,3.0157
2044,18:50:00,18:50:00,6957,8,0,0,3.4841
2044,18:51:00,18:51:00,6995,9,0,0,3.7445
2044,18:52:00,18:52:00,6997,10,0,0,4.2691
2044,18:53:00,18:53:00,6900,11,0,0,4.4496
2044,18:55:00,18:55:00,42545,12,0,0,4.8693
2044,18:58:00,18:58:00,26326,13,0,0,4.8788
2044,19:01:00,19:01:00,39134,14,0,0,5.3758
2044,19:03:00,19:03:00,39133,15,0,0,5.7481
2044,19:04:00,19:04:00,39131,16,0,0,5.8576
2044,19:06:00,19:06:00,39130,17,0,0,6.0187
2045,18:55:00,18:55:00,38065,1,0,0,0.0000
2045,18:57:00,18:57:00,38064,2,0,0,0.3998
2045,19:01:00,19:01:00,26316,3,0,0,0.8362
2045,19:03:00,19:03:00,6907,4,0,0,1.3813
2045,19:05:00,19:05:00,14984,5,0,0,1.8928
2045,19:07:00,19:07:00,6966,6,0,0,2.4422
2045,19:09:00,19:09:00,14986,7,0,0,3.0157
2045,19:10:00,19:10:00,6957,8,0,0,3.4841
2045,19:11:00,19:11:00,6995,9,0,0,3.7445
2045,19:12:00,19:12:00,6997,10,0,0,4.2691
2045,19:13:00,19:13:00,6900,11,0,0,4.4496
2045,19:15:00,19:15:00,42545,12,0,0,4.8693
2045,19:18:00,19:18:00,26326,13,0,0,4.8788
2045,19:21:00,19:21:00,39134,14,0,0,5.3758
2045,19:23:00,19:23:00,39133,15,0,0,5.7481
2045,19:24:00,19:24:00,39131,16,0,0,5.8576
2045,19:26:00,19:26:00,39130,17,0,0,6.0187
2046,19:15:00,19:15:00,38065,1,0,0,0.0000
2046,19:17:00,19:17:00,38064,2,0,0,0.3998
2046,19:21:00,19:21:00,26316,3,0,0,0.8362
2046,19:23:00,19:23:00,6907,4,0,0,1.3813
2046,19:25:00,19:25:00,14984,5,0,0,1.8928
2046,19:27:00,19:27:00,6966,6,0,0,2.4422
2046,19:29:00,19:29:00,14986,7,0,0,3.0157
2046,19:30:00,19:30:00,6957,8,0,0,3.4841
2046,19:31:00,19:31:00,6995,9,0,0,3.7445
2046,19:32:00,19:32:00,6997,10,0,0,4.2691
2046,19:33:00,19:33:00,6900,11,0,0,4.4496
2046,19:35:00,19:35:00,42545,12,0,0,4.8693
2046,19:38:00,19:38:00,26326,13,0,0,4.8788
2046,19:41:00,19:41:00,39134,14,0,0,5.3758
2046,19:43:00,19:43:00,39133,15,0,0,5.7481
2046,19:44:00,19:44:00,39131,16,0,0,5.8576
2046,19:46:00,19:46:00,39130,17,0,0,6.0187
2047,19:35:00,19:35:00,38065,1,0,0,0.0000
2047,19:37:00,19:37:00,38064,2,0,0,0.3998
2047,19:41:00,19:41:00,26316,3,0,0,0.8362
2047,19:43:00,19:43:00,6907,4,0,0,1.3813
2047,19:45:00,19:45:00,14984,5,0,0,1.8928
2047,19:47:00,19:47:00,6966,6,0,0,2.4422
2047,19:49:00,19:49:00,14986,7,0,0,3.0157
2047,19:50:00,19:50:00,6957,8,0,0,3.4841
2047,19:51:00,19:51:00,6995,9,0,0,3.7445
2047,19:52:00,19:52:00,6997,10,0,0,4.2691
2047,19:53:00,19:53:00,6900,11,0,0,4.4496
2047,19:55:00,19:55:00,42545,12,0,0,4.8693
2047,19:58:00,19:58:00,26326,13,0,0,4.8788
2047,20:01:00,20:01:00,39134,14,0,0,5.3758
2047,20:03:00,20:03:00,39133,15,0,0,5.7481
2047,20:04:00,20:04:00,39131,16,0,0,5.8576
2047,20:06:00,20:06:00,39130,17,0,0,6.0187
2048,19:55:00,19:55:00,38065,1,0,0,0.0000
2048,19:57:00,19:57:00,38064,2,0,0,0.3998
2048,20:01:00,20:01:00,26316,3,0,0,0.8362
2048,20:03:00,20:03:00,6907,4,0,0,1.3813
2048,20:05:00,20:05:00,14984,5,0,0,1.8928
2048,20:07:00,20:07:00,6966,6,0,0,2.4422
2048,20:09:00,20:09:00,14986,7,0,0,3.0157
2048,20:10:00,20:10:00,6957,8,0,0,3.4841
2048,20:11:00,20:11:00,6995,9,0,0,3.7445
2048,20:12:00,20:12:00,6997,10,0,0,4.2691
2048,20:13:00,20:13:00,6900,11,0,0,4.4496
2048,20:15:00,20:15:00,42545,12,0,0,4.8693
2048,20:18:00,20:18:00,26326,13,0,0,4.8788
2048,20:21:00,20:21:00,39134,14,0,0,5.3758
2048,20:23:00,20:23:00,39133,15,0,0,5.7481
2048,20:24:00,20:24:00,39131,16,0,0,5.8576
2048,20:26:00,20:26:00,39130,17,0,0,6.0187
2049,20:15:00,20:15:00,38065,1,0,0,0.0000
2049,20:17:00,20:17:00,38064,2,0,0,0.3998
2049,20:21:00,20:21:00,26316,3,0,0,0.8362
2049,20:23:00,20:23:00,6907,4,0,0,1.3813
2049,20:25:00,20:25:00,14984,5,0,0,1.8928
2049,20:27:00,20:27:00,6966,6,0,0,2.4422
2049,20:29:00,20:29:00,14986,7,0,0,3.0157
2049,20:30:00,20:30:00,6957,8,0,0,3.4841
2049,20:31:00,20:31:00,6995,9,0,0,3.7445
2049,20:32:00,20:32:00,6997,10,0,0,4.2691
2049,20:33:00,20:33:00,6900,11,0,0,4.4496
2049,20:35:00,20:35:00,42545,12,0,0,4.8693
2049,20:38:00,20:38:00,26326,13,0,0,4.8788
2049,20:41:00,20:41:00,39134,14,0,0,5.3758
2049,20:43:00,20:43:00,39133,15,0,0,5.7481
2049,20:44:00,20:44:00,39131,16,0,0,5.8576
2049,20:46:00,20:46:00,39130,17,0,0,6.0187
2050,20:35:00,20:35:00,38065,1,0,0,0.0000
2050,20:37:00,20:37:00,38064,2,0,0,0.3998
2050,20:41:00,20:41:00,26316,3,0,0,0.8362
2050,20:43:00,20:43:00,6907,4,0,0,1.3813
2050,20:45:00,20:45:00,14984,5,0,0,1.8928
2050,20:47:00,20:47:00,6966,6,0,0,2.4422
2050,20:49:00,20:49:00,14986,7,0,0,3.0157
2050,20:50:00,20:50:00,6957,8,0,0,3.4841
2050,20:51:00,20:51:00,6995,9,0,0,3.7445
2050,20:52:00,20:52:00,6997,10,0,0,4.2691
2050,20:53:00,20:53:00,6900,11,0,0,4.4496
2050,20:55:00,20:55:00,42545,12,0,0,4.8693
2050,20:58:00,20:58:00,26326,13,0,0,4.8788
2050,21:01:00,21:01:00,39134,14,0,0,5.3758
2050,21:03:00,21:03:00,39133,15,0,0,5.7481
2050,21:04:00,21:04:00,39131,16,0,0,5.8576
2050,21:06:00,21:06:00,39130,17,0,0,6.0187
2051,20:55:00,20:55:00,38065,1,0,0,0.0000
2051,20:57:00,20:57:00,38064,2,0,0,0.3998
2051,21:01:00,21:01:00,26316,3,0,0,0.8362
2051,21:03:00,21:03:00,6907,4,0,0,1.3813
2051,21:05:00,21:05:00,14984,5,0,0,1.8928
2051,21:07:00,21:07:00,6966,6,0,0,2.4422
2051,21:09:00,21:09:00,14986,7,0,0,3.0157
2051,21:10:00,21:10:00,6957,8,0,0,3.4841
2051,21:11:00,21:11:00,6995,9,0,0,3.7445
2051,21:12:00,21:12:00,6997,10,0,0,4.2691
2051,21:13:00,21:13:00,6900,11,0,0,4.4496
2051,21:15:00,21:15:00,42545,12,0,0,4.8693
2051,21:18:00,21:18:00,26326,13,0,0,4.8788
2051,21:21:00,21:21:00,39134,14,0,0,5.3758
2051,21:23:00,21:23:00,39133,15,0,0,5.7481
2051,21:24:00,21:24:00,39131,16,0,0,5.8576
2051,21:26:00,21:26:00,39130,17,0,0,6.0187
2052,21:15:00,21:15:00,38065,1,0,0,0.0000
2052,21:17:00,21:17:00,38064,2,0,0,0.3998
2052,21:21:00,21:21:00,26316,3,0,0,0.8362
2052,21:23:00,21:23:00,6907,4,0,0,1.3813
2052,21:25:00,21:25:00,14984,5,0,0,1.8928
2052,21:27:00,21:27:00,6966,6,0,0,2.4422
2052,21:29:00,21:29:00,14986,7,0,0,3.0157
2052,21:30:00,21:30:00,6957,8,0,0,3.4841
2052,21:31:00,21:31:00,6995,9,0,0,3.7445
2052,21:32:00,21:32:00,6997,10,0,0,4.2691
2052,21:33:00,21:33:00,6900,11,0,0,4.4496
2052,21:35:00,21:35:00,42545,12,0,0,4.8693
2052,21:38:00,21:38:00,26326,13,0,0,4.8788
2052,21:41:00,21:41:00,39134,14,0,0,5.3758
2052,21:43:00,21:43:00,39133,15,0,0,5.7481
2052,21:44:00,21:44:00,39131,16,0,0,5.8576
2052,21:46:00,21:46:00,39130,17,0,0,6.0187
2053,21:35:00,21:35:00,38065,1,0,0,0.0000
2053,21:37:00,21:37:00,38064,2,0,0,0.3998
2053,21:41:00,21:41:00,26316,3,0,0,0.8362
2053,21:43:00,21:43:00,6907,4,0,0,1.3813
2053,21:45:00,21:45:00,14984,5,0,0,1.8928
2053,21:47:00,21:47:00,6966,6,0,0,2.4422
2053,21:49:00,21:49:00,14986,7,0,0,3.0157
2053,21:50:00,21:50:00,6957,8,0,0,3.4841
2053,21:51:00,21:51:00,6995,9,0,0,3.7445
2053,21:52:00,21:52:00,6997,10,0,0,4.2691
2053,21:53:00,21:53:00,6900,11,0,0,4.4496
2053,21:55:00,21:55:00,42545,12,0,0,4.8693
2053,21:58:00,21:58:00,26326,13,0,0,4.8788
2053,22:01:00,22:01:00,39134,14,0,0,5.3758
2053,22:03:00,22:03:00,39133,15,0,0,5.7481
2053,22:04:00,22:04:00,39131,16,0,0,5.8576
2053,22:06:00,22:06:00,39130,17,0,0,6.0187
2054,21:55:00,21:55:00,38065,1,0,0,0.0000
2054,21:57:00,21:57:00,38064,2,0,0,0.3998
2054,22:01:00,22:01:00,26316,3,0,0,0.8362
2054,22:03:00,22:03:00,6907,4,0,0,1.3813
2054,22:05:00,22:05:00,14984,5,0,0,1.8928
2054,22:07:00,22:07:00,6966,6,0,0,2.4422
2054,22:09:00,22:09:00,14986,7,0,0,3.0157
2054,22:10:00,22:10:00,6957,8,0,0,3.4841
2054,22:11:00,22:11:00,6995,9,0,0,3.7445
2054,22:12:00,22:12:00,6997,10,0,0,4.2691
2054,22:13:00,22:13:00,6900,11,0,0,4.4496
2054,22:15:00,22:15:00,42545,12,0,0,4.8693
2054,22:18:00,22:18:00,26326,13,0,0,4.8788
2054,22:21:00,22:21:00,39134,14,0,0,5.3758
2054,22:23:00,22:23:00,39133,15,0,0,5.7481
2054,22:24:00,22:24:00,39131,16,0,0,5.8576
2054,22:26:00,22:26:00,39130,17,0,0,6.0187
2055,22:15:00,22:15:00,38065,1,0,0,0.0000
2055,22:17:00,22:17:00,38064,2,0,0,0.3998
2055,22:21:00,22:21:00,26316,3,0,0,0.8362
2055,22:23:00,22:23:00,6907,4,0,0,1.3813
2055,22:25:00,22:25:00,14984,5,0,0,1.8928
2055,22:27:00,22:27:00,6966,6,0,0,2.4422
2055,22:29:00,22:29:00,14986,7,0,0,3.0157
2055,22:30:00,22:30:00,6957,8,0,0,3.4841
2055,22:31:00,22:31:00,6995,9,0,0,3.7445
2055,22:32:00,22:32:00,6997,10,0,0,4.2691
2055,22:33:00,22:33:00,6900,11,0,0,4.4496
2055,22:35:00,22:35:00,42545,12,0,0,4.8693
2055,22:38:00,22:38:00,26326,13,0,0,4.8788
2055,22:41:00,22:41:00,39134,14,0,0,5.3758
2055,22:43:00,22:43:00,39133,15,0,0,5.7481
2055,22:44:00,22:44:00,39131,16,0,0,5.8576
2055,22:46:00,22:46:00,39130,17,0,0,6.0187
2056,22:35:00,22:35:00,38065,1,0,0,0.0000
2056,22:37:00,22:37:00,38064,2,0,0,0.3998
2056,22:41:00,22:41:00,26316,3,0,0,0.8362
2056,22:43:00,22:43:00,6907,4,0,0,1.3813
2056,22:45:00,22:45:00,14984,5,0,0,1.8928
2056,22:47:00,22:47:00,6966,6,0,0,2.4422
2056,22:49:00,22:49:00,14986,7,0,0,3.0157
2056,22:50:00,22:50:00,6957,8,0,0,3.4841
2056,22:51:00,22:51:00,6995,9,0,0,3.7445
2056,22:52:00,22:52:00,6997,10,0,0,4.2691
2056,22:53:00,22:53:00,6900,11,0,0,4.4496
2056,22:55:00,22:55:00,42545,12,0,0,4.8693
2056,22:58:00,22:58:00,26326,13,0,0,4.8788
2056,23:01:00,23:01:00,39134,14,0,0,5.3758
2056,23:03:00,23:03:00,39133,15,0,0,5.7481
2056,23:04:00,23:04:00,39131,16,0,0,5.8576
2056,23:06:00,23:06:00,39130,17,0,0,6.0187
2057,22:55:00,22:55:00,38065,1,0,0,0.0000
2057,22:57:00,22:57:00,38064,2,0,0,0.3998
2057,23:01:00,23:01:00,26316,3,0,0,0.8362
2057,23:03:00,23:03:00,6907,4,0,0,1.3813
2057,23:05:00,23:05:00,14984,5,0,0,1.8928
2057,23:07:00,23:07:00,6966,6,0,0,2.4422
2057,23:09:00,23:09:00,14986,7,0,0,3.0157
2057,23:10:00,23:10:00,6957,8,0,0,3.4841
2057,23:11:00,23:11:00,6995,9,0,0,3.7445
2057,23:12:00,23:12:00,6997,10,0,0,4.2691
2057,23:13:00,23:13:00,6900,11,0,0,4.4496
2057,23:15:00,23:15:00,42545,12,0,0,4.8693
2057,23:18:00,23:18:00,26326,13,0,0,4.8788
2057,23:21:00,23:21:00,39134,14,0,0,5.3758
2057,23:23:00,23:23:00,39133,15,0,0,5.7481
2057,23:24:00,23:24:00,39131,16,0,0,5.8576
2057,23:26:00,23:26:00,39130,17,0,0,6.0187
2058,23:15:00,23:15:00,38065,1,0,0,0.0000
2058,23:17:00,23:17:00,38064,2,0,0,0.3998
2058,23:21:00,23:21:00,26316,3,0,0,0.8362
2058,23:23:00,23:23:00,6907,4,0,0,1.3813
2058,23:25:00,23:25:00,14984,5,0,0,1.8928
2058,23:27:00,23:27:00,6966,6,0,0,2.4422
2058,23:29:00,23:29:00,14986,7,0,0,3.0157
2058,23:30:00,23:30:00,6957,8,0,0,3.4841
2058,23:31:00,23:31:00,6995,9,0,0,3.7445
2058,23:32:00,23:32:00,6997,10,0,0,4.2691
2058,23:33:00,23:33:00,6900,11,0,0,4.4496
2058,23:35:00,23:35:00,42545,12,0,0,4.8693
2059,23:35:00,23:35:00,38065,1,0,0,0.0000
2059,23:37:00,23:37:00,38064,2,0,0,0.3998
2059,23:41:00,23:41:00,26316,3,0,0,0.8362
2059,23:43:00,23:43:00,6907,4,0,0,1.3813
2059,23:45:00,23:45:00,14984,5,0,0,1.8928
2059,23:47:00,23:47:00,6966,6,0,0,2.4422
2059,23:49:00,23:49:00,14986,7,0,0,3.0157
2059,23:50:00,23:50:00,6957,8,0,0,3.4841
2059,23:51:00,23:51:00,6995,9,0,0,3.7445
2059,23:52:00,23:52:00,6997,10,0,0,4.2691
2059,23:53:00,23:53:00,6900,11,0,0,4.4496
2059,23:55:00,23:55:00,42545,12,0,0,4.8693
2060,23:55:00,23:55:00,38065,1,0,0,0.0000
2060,23:57:00,23:57:00,38064,2,0,0,0.3998
2060,24:01:00,24:01:00,26316,3,0,0,0.8362
2060,24:03:00,24:03:00,6907,4,0,0,1.3813
2060,24:05:00,24:05:00,14984,5,0,0,1.8928
2060,24:07:00,24:07:00,6966,6,0,0,2.4422
2060,24:09:00,24:09:00,14986,7,0,0,3.0157
2060,24:10:00,24:10:00,6957,8,0,0,3.4841
2060,24:11:00,24:11:00,6995,9,0,0,3.7445
2060,24:12:00,24:12:00,6997,10,0,0,4.2691
2060,24:13:00,24:13:00,6900,11,0,0,4.4496
2060,24:15:00,24:15:00,42545,12,0,0,4.8693
2061,24:15:00,24:15:00,38065,1,0,0,0.0000
2061,24:17:00,24:17:00,38064,2,0,0,0.3998
2061,24:21:00,24:21:00,26316,3,0,0,0.8362
2061,24:23:00,24:23:00,6907,4,0,0,1.3813
2061,24:25:00,24:25:00,14984,5,0,0,1.8928
2061,24:27:00,24:27:00,6966,6,0,0,2.4422
2061,24:29:00,24:29:00,14986,7,0,0,3.0157
2061,24:30:00,24:30:00,6957,8,0,0,3.4841
2061,24:31:00,24:31:00,6995,9,0,0,3.7445
2061,24:32:00,24:32:00,6997,10,0,0,4.2691
2061,24:33:00,24:33:00,6900,11,0,0,4.4496
2061,24:35:00,24:35:00,42545,12,0,0,4.8693
2062,24:35:00,24:35:00,38065,1,0,0,0.0000
2062,24:37:00,24:37:00,38064,2,0,0,0.3998
2062,24:41:00,24:41:00,26316,3,0,0,0.8362
2062,24:43:00,24:43:00,6907,4,0,0,1.3813
2062,24:45:00,24:45:00,14984,5,0,0,1.8928
2062,24:47:00,24:47:00,6966,6,0,0,2.4422
2062,24:49:00,24:49:00,14986,7,0,0,3.0157
2062,24:50:00,24:50:00,6957,8,0,0,3.4841
2062,24:51:00,24:51:00,6995,9,0,0,3.7445
2062,24:52:00,24:52:00,6997,10,0,0,4.2691
2062,24:53:00,24:53:00,6900,11,0,0,4.4496
2062,24:55:00,24:55:00,42545,12,0,0,4.8693
2063,24:55:00,24:55:00,38065,1,0,0,0.0000
2063,24:57:00,24:57:00,38064,2,0,0,0.3998
2063,25:01:00,25:01:00,26316,3,0,0,0.8362
2063,25:03:00,25:03:00,6907,4,0,0,1.3813
2063,25:05:00,25:05:00,14984,5,0,0,1.8928
2063,25:07:00,25:07:00,6966,6,0,0,2.4422
2063,25:09:00,25:09:00,14986,7,0,0,3.0157
2063,25:10:00,25:10:00,6957,8,0,0,3.4841
2063,25:11:00,25:11:00,6995,9,0,0,3.7445
2063,25:12:00,25:12:00,6997,10,0,0,4.2691
2063,25:13:00,25:13:00,6900,11,0,0,4.4496
2063,25:15:00,25:15:00,42545,12,0,0,4.8693
2064,05:39:00,05:39:00,39130,1,0,0,0.0000
2064,05:42:00,05:42:00,39132,2,0,0,0.2799
2064,05:45:00,05:45:00,39134,3,0,0,0.7195
2064,05:48:00,05:48:00,42545,4,0,0,1.2129
2064,05:51:00,05:51:00,26326,5,0,0,1.2223
2064,05:52:00,05:52:00,6900,6,0,0,1.6500
2064,05:53:00,05:53:00,6997,7,0,0,1.8305
2064,05:55:00,05:55:00,6995,8,0,0,2.3551
2064,05:56:00,05:56:00,6957,9,0,0,2.6155
2064,05:57:00,05:57:00,14986,10,0,0,3.0839
2064,05:59:00,05:59:00,6966,11,0,0,3.6574
2064,06:01:00,06:01:00,14984,12,0,0,4.2068
2064,06:03:00,06:03:00,6907,13,0,0,4.7184
2064,06:05:00,06:05:00,26316,14,0,0,5.2634
2064,06:09:00,06:09:00,38064,15,0,0,5.6881
2064,06:11:00,06:11:00,38065,16,0,0,6.0843
2065,05:59:00,05:59:00,39130,1,0,0,0.0000
2065,06:02:00,06:02:00,39132,2,0,0,0.2799
2065,06:05:00,06:05:00,39134,3,0,0,0.7195
2065,06:08:00,06:08:00,42545,4,0,0,1.2129
2065,06:11:00,06:11:00,26326,5,0,0,1.2223
2065,06:12:00,06:12:00,6900,6,0,0,1.6500
2065,06:13:00,06:13:00,6997,7,0,0,1.8305
2065,06:15:00,06:15:00,6995,8,0,0,2.3551
2065,06:16:00,06:16:00,6957,9,0,0,2.6155
2065,06:17:00,06:17:00,14986,10,0,0,3.0839
2065,06:19:00,06:19:00,6966,11,0,0,3.6574
2065,06:21:00,06:21:00,14984,12,0,0,4.2068
2065,06:23:00,06:23:00,6907,13,0,0,4.7184
2065,06:25:00,06:25:00,26316,14,0,0,5.2634
2065,06:29:00,06:29:00,38064,15,0,0,5.6881
2065,06:31:00,06:31:00,38065,16,0,0,6.0843
2066,06:19:00,06:19:00,39130,1,0,0,0.0000
2066,06:22:00,06:22:00,39132,2,0,0,0.2799
2066,06:25:00,06:25:00,39134,3,0,0,0.7195
2066,06:28:00,06:28:00,42545,4,0,0,1.2129
2066,06:31:00,06:31:00,26326,5,0,0,1.2223
2066,06:32:00,06:32:00,6900,6,0,0,1.6500
2066,06:33:00,06:33:00,6997,7,0,0,1.8305
2066,06:35:00,06:35:00,6995,8,0,0,2.3551
2066,06:36:00,06:36:00,6957,9,0,0,2.6155
2066,06:37:00,06:37:00,14986,10,0,0,3.0839
2066,06:39:00,06:39:00,6966,11,0,0,3.6574
2066,06:41:00,06:41:00,14984,12,0,0,4.2068
2066,06:43:00,06:43:00,6907,13,0,0,4.7184
2066,06:45:00,06:45:00,26316,14,0,0,5.2634
2066,06:49:00,06:49:00,38064,15,0,0,5.6881
2066,06:51:00,06:51:00,38065,16,0,0,6.0843
2067,06:39:00,06:39:00,39130,1,0,0,0.0000
2067,06:42:00,06:42:00,39132,2,0,0,0.2799
2067,06:45:00,06:45:00,39134,3,0,0,0.7195
2067,06:48:00,06:48:00,42545,4,0,0,1.2129
2067,06:51:00,06:51:00,26326,5,0,0,1.2223
2067,06:52:00,06:52:00,6900,6,0,0,1.6500
2067,06:53:00,06:53:00,6997,7,0,0,1.8305
2067,06:55:00,06:55:00,6995,8,0,0,2.3551
2067,06:56:00,06:56:00,6957,9,0,0,2.6155
2067,06:57:00,06:57:00,14986,10,0,0,3.0839
2067,06:59:00,06:59:00,6966,11,0,0,3.6574
2067,07:01:00,07:01:00,14984,12,0,0,4.2068
2067,07:03:00,07:03:00,6907,13,0,0,4.7184
2067,07:05:00,07:05:00,26316,14,0,0,5.2634
2067,07:09:00,07:09:00,38064,15,0,0,5.6881
2067,07:11:00,07:11:00,38065,16,0,0,6.0843
2068,06:59:00,06:59:00,39130,1,0,0,0.0000
2068,07:02:00,07:02:00,39132,2,0,0,0.2799
2068,07:05:00,07:05:00,39134,3,0,0,0.7195
2068,07:08:00,07:08:00,42545,4,0,0,1.2129
2068,07:11:00,07:11:00,26326,5,0,0,1.2223
2068,07:12:00,07:12:00,6900,6,0,0,1.6500
2068,07:13:00,07:13:00,6997,7,0,0,1.8305
2068,07:15:00,07:15:00,6995,8,0,0,2.3551
2068,07:16:00,07:16:00,6957,9,0,0,2.6155
2068,07:17:00,07:17:00,14986,10,0,0,3.0839
2068,07:19:00,07:19:00,6966,11,0,0,3.6574
2068,07:21:00,07:21:00,14984,12,0,0,4.2068
2068,07:23:00,07:23:00,6907,13,0,0,4.7184
2068,07:25:00,07:25:00,26316,14,0,0,5.2634
2068,07:29:00,07:29:00,38064,15,0,0,5.6881
2068,07:31:00,07:31:00,38065,16,0,0,6.0843
2069,07:19:00,07:19:00,39130,1,0,0,0.0000
2069,07:22:00,07:22:00,39132,2,0,0,0.2799
2069,07:25:00,07:25:00,39134,3,0,0,0.7195
2069,07:28:00,07:28:00,42545,4,0,0,1.2129
2069,07:31:00,07:31:00,26326,5,0,0,1.2223
2069,07:32:00,07:32:00,6900,6,0,0,1.6500
2069,07:33:00,07:33:00,6997,7,0,0,1.8305
2069,07:35:00,07:35:00,6995,8,0,0,2.3551
2069,07:36:00,07:36:00,6957,9,0,0,2.6155
2069,07:37:00,07:37:00,14986,10,0,0,3.0839
2069,07:39:00,07:39:00,6966,11,0,0,3.6574
2069,07:41:00,07:41:00,14984,12,0,0,4.2068
2069,07:43:00,07:43:00,6907,13,0,0,4.7184
2069,07:45:00,07:45:00,26316,14,0,0,5.2634
2069,07:49:00,07:49:00,38064,15,0,0,5.6881
2069,07:51:00,07:51:00,38065,16,0,0,6.0843
2070,07:39:00,07:39:00,39130,1,0,0,0.0000
2070,07:42:00,07:42:00,39132,2,0,0,0.2799
2070,07:45:00,07:45:00,39134,3,0,0,0.7195
2070,07:48:00,07:48:00,42545,4,0,0,1.2129
2070,07:51:00,07:51:00,26326,5,0,0,1.2223
2070,07:52:00,07:52:00,6900,6,0,0,1.6500
2070,07:53:00,07:53:00,6997,7,0,0,1.8305
2070,07:55:00,07:55:00,6995,8,0,0,2.3551
2070,07:56:00,07:56:00,6957,9,0,0,2.6155
2070,07:57:00,07:57:00,14986,10,0,0,3.0839
2070,07:59:00,07:59:00,6966,11,0,0,3.6574
2070,08:01:00,08:01:00,14984,12,0,0,4.2068
2070,08:03:00,08:03:00,6907,13,0,0,4.7184
2070,08:05:00,08:05:00,26316,14,0,0,5.2634
2070,08:09:00,08:09:00,38064,15,0,0,5.6881
2070,08:11:00,08:11:00,38065,16,0,0,6.0843
2071,07:59:00,07:59:00,39130,1,0,0,0.0000
2071,08:02:00,08:02:00,39132,2,0,0,0.2799
2071,08:05:00,08:05:00,39134,3,0,0,0.7195
2071,08:08:00,08:08:00,42545,4,0,0,1.2129
2071,08:11:00,08:11:00,26326,5,0,0,1.2223
2071,08:12:00,08:12:00,6900,6,0,0,1.6500
2071,08:13:00,08:13:00,6997,7,0,0,1.8305
2071,08:15:00,08:15:00,6995,8,0,0,2.3551
2071,08:16:00,08:16:00,6957,9,0,0,2.6155
2071,08:17:00,08:17:00,14986,10,0,0,3.0839
2071,08:19:00,08:19:00,6966,11,0,0,3.6574
2071,08:21:00,08:21:00,14984,12,0,0,4.2068
2071,08:23:00,08:23:00,6907,13,0,0,4.7184
2071,08:25:00,08:25:00,26316,14,0,0,5.2634
2071,08:29:00,08:29:00,38064,15,0,0,5.6881
2071,08:31:00,08:31:00,38065,16,0,0,6.0843
2072,08:19:00,08:19:00,39130,1,0,0,0.0000
2072,08:22:00,08:22:00,39132,2,0,0,0.2799
2072,08:25:00,08:25:00,39134,3,0,0,0.7195
2072,08:28:00,08:28:00,42545,4,0,0,1.2129
2072,08:31:00,08:31:00,26326,5,0,0,1.2223
2072,08:32:00,08:32:00,6900,6,0,0,1.6500
2072,08:33:00,08:33:00,6997,7,0,0,1.8305
2072,08:35:00,08:35:00,6995,8,0,0,2.3551
2072,08:36:00,08:36:00,6957,9,0,0,2.6155
2072,08:37:00,08:37:00,14986,10,0,0,3.0839
2072,08:39:00,08:39:00,6966,11,0,0,3.6574
2072,08:41:00,08:41:00,14984,12,0,0,4.2068
2072,08:43:00,08:43:00,6907,13,0,0,4.7184
2072,08:45:00,08:45:00,26316,14,0,0,5.2634
2072,08:49:00,08:49:00,38064,15,0,0,5.6881
2072,08:51:00,08:51:00,38065,16,0,0,6.0843
2073,08:39:00,08:39:00,39130,1,0,0,0.0000
2073,08:42:00,08:42:00,39132,2,0,0,0.2799
2073,08:45:00,08:45:00,39134,3,0,0,0.7195
2073,08:48:00,08:48:00,42545,4,0,0,1.2129
2073,08:51:00,08:51:00,26326,5,0,0,1.2223
2073,08:52:00,08:52:00,6900,6,0,0,1.6500
2073,08:53:00,08:53:00,6997,7,0,0,1.8305
2073,08:55:00,08:55:00,6995,8,0,0,2.3551
2073,08:56:00,08:56:00,6957,9,0,0,2.6155
2073,08:57:00,08:57:00,14986,10,0,0,3.0839
2073,08:59:00,08:59:00,6966,11,0,0,3.6574
2073,09:01:00,09:01:00,14984,12,0,0,4.2068
2073,09:03:00,09:03:00,6907,13,0,0,4.7184
2073,09:05:00,09:05:00,26316,14,0,0,5.2634
2073,09:09:00,09:09:00,38064,15,0,0,5.6881
2073,09:11:00,09:11:00,38065,16,0,0,6.0843
2074,08:59:00,08:59:00,39130,1,0,0,0.0000
2074,09:02:00,09:02:00,39132,2,0,0,0.2799
2074,09:05:00,09:05:00,39134,3,0,0,0.7195
2074,09:08:00,09:08:00,42545,4,0,0,1.2129
2074,09:11:00,09:11:00,26326,5,0,0,1.2223
2074,09:12:00,09:12:00,6900,6,0,0,1.6500
2074,09:13:00,09:13:00,6997,7,0,0,1.8305
2074,09:15:00,09:15:00,6995,8,0,0,2.3551
2074,09:16:00,09:16:00,6957,9,0,0,2.6155
2074,09:17:00,09:17:00,14986,10,0,0,3.0839
2074,09:19:00,09:19:00,6966,11,0,0,3.6574
2074,09:21:00,09:21:00,14984,12,0,0,4.2068
2074,09:23:00,09:23:00,6907,13,0,0,4.7184
2074,09:25:00,09:25:00,26316,14,0,0,5.2634
2074,09:29:00,09:29:00,38064,15,0,0,5.6881
2074,09:31:00,09:31:00,38065,16,0,0,6.0843
2075,09:19:00,09:19:00,39130,1,0,0,0.0000
2075,09:22:00,09:22:00,39132,2,0,0,0.2799
2075,09:25:00,09:25:00,39134,3,0,0,0.7195
2075,09:28:00,09:28:00,42545,4,0,0,1.2129
2075,09:31:00,09:31:00,26326,5,0,0,1.2223
2075,09:32:00,09:32:00,6900,6,0,0,1.6500
