1531,12:14:00,12:14:00,81,9,0,0,15.0345
1531,12:17:00,12:17:00,87,10,0,0,16.5638
1531,12:20:00,12:20:00,136,11,0,0,17.6114
1531,12:25:00,12:25:00,145,12,0,0,19.4900
1531,12:30:00,12:30:00,104,13,0,0,21.0235
1531,12:33:00,12:33:00,99,14,0,0,22.4795
1531,12:37:00,12:37:00,17,15,0,0,24.7250
1531,12:40:00,12:40:00,48,16,0,0,26.0983
1531,12:43:00,12:43:00,143,17,0,0,27.4527
1531,12:46:00,12:46:00,88,18,0,0,29.0205
1531,12:49:00,12:49:00,76,19,0,0,30.5886
1531,12:52:00,12:52:00,12,20,0,0,32.4487
1531,12:55:00,12:55:00,18,21,0,0,33.3576
1531,13:01:00,13:01:00,45,22,0,0,37.2792
1531,13:05:00,13:05:00,117,23,0,0,39.3375
1531,13:12:00,13:12:00,49,24,0,0,40.2339
1532,12:36:00,12:36:00,63,1,0,0,0.0000
1532,12:54:00,12:54:00,106,2,0,0,7.7884
1532,12:59:00,12:59:00,37,3,0,0,10.0032
1532,13:01:00,13:01:00,23,4,0,0,10.5193
1532,13:04:00,13:04:00,112,5,0,0,11.4127
1532,13:06:00,13:06:00,61,6,0,0,12.0665
1532,13:08:00,13:08:00,97,7,0,0,12.9947
1532,13:11:00,13:11:00,140,8,0,0,13.7527
1532,13:14:00,13:14:00,81,9,0,0,15.0345
1532,13:17:00,13:17:00,87,10,0,0,16.5638
1532,13:20:00,13:20:00,136,11,0,0,17.6114
1532,13:25:00,13:25:00,145,12,0,0,19.4900
1532,13:30:00,13:30:00,104,13,0,0,21.0235
1532,13:33:00,13:33:00,99,14,0,0,22.4795
1532,13:37:00,13:37:00,17,15,0,0,24.7250
1532,13:40:00,13:40:00,48,16,0,0,26.0983
1532,13:43:00,13:43:00,143,17,0,0,27.4527
1532,13:46:00,13:46:00,88,18,0,0,29.0205
1532,13:49:00,13:49:00,76,19,0,0,30.5886
1532,13:52:00,13:52:00,12,20,0,0,32.4487
1532,13:55:00,13:55:00,18,21,0,0,33.3576
1532,14:01:00,14:01:00,45,22,0,0,37.2792
1532,14:05:00,14:05:00,117,23,0,0,39.3375
1532,14:12:00,14:12:00,49,24,0,0,40.2339
1533,13:39:00,13:39:00,63,1,0,0,0.0000
1533,13:57:00,13:57:00,106,2,0,0,7.7884
1533,14:02:00,14:02:00,37,3,0,0,10.0032
1533,14:04:00,14:04:00,23,4,0,0,10.5193
1533,14:07:00,14:07:00,112,5,0,0,11.4127
1533,14:09:00,14:09:00,61,6,0,0,12.0665
1533,14:11:00,14:11:00,97,7,0,0,12.9947
1533,14:14:00,14:14:00,140,8,0,0,13.7527
1533,14:17:00,14:17:00,81,9,0,0,15.0345
1533,14:20:00,14:20:00,87,10,0,0,16.5638
1533,14:23:00,14:23:00,136,11,0,0,17.6114
1533,14:28:00,14:28:00,145,12,0,0,19.4900
1533,14:32:00,14:32:00,104,13,0,0,21.0235
1533,14:35:00,14:35:00,99,14,0,0,22.4795
1533,14:39:00,14:39:00,17,15,0,0,24.7250
1533,14:42:00,14:42:00,48,16,0,0,26.0983
1533,14:45:00,14:45:00,143,17,0,0,27.4527
1533,14:48:00,14:48:00,88,18,0,0,29.0205
1533,14:51:00,14:51:00,76,19,0,0,30.5886
1533,14:54:00,14:54:00,12,20,0,0,32.4487
1533,14:57:00,14:57:00,18,21,0,0,33.3576
1533,15:03:00,15:03:00,45,22,0,0,37.2792
1533,15:07:00,15:07:00,117,23,0,0,39.3375
1533,15:14:00,15:14:00,49,24,0,0,40.2339
1534,14:40:00,14:40:00,63,1,0,0,0.0000
1534,14:58:00,14:58:00,106,2,0,0,7.7884
1534,15:03:00,15:03:00,37,3,0,0,10.0032
1534,15:05:00,15:05:00,23,4,0,0,10.5193
1534,15:07:00,15:07:00,112,5,0,0,11.4127
1534,15:09:00,15:09:00,61,6,0,0,12.0665
1534,15:12:00,15:12:00,97,7,0,0,12.9947
1534,15:14:00,15:14:00,140,8,0,0,13.7527
1534,15:17:00,15:17:00,81,9,0,0,15.0345
1534,15:21:00,15:21:00,87,10,0,0,16.5638
1534,15:24:00,15:24:00,136,11,0,0,17.6114
1534,15:29:00,15:29:00,145,12,0,0,19.4900
1534,15:33:00,15:33:00,104,13,0,0,21.0235
1534,15:36:00,15:36:00,99,14,0,0,22.4795
1534,15:40:00,15:40:00,17,15,0,0,24.7250
1534,15:43:00,15:43:00,48,16,0,0,26.0983
1534,15:46:00,15:46:00,143,17,0,0,27.4527
1534,15:49:00,15:49:00,88,18,0,0,29.0205
1534,15:52:00,15:52:00,76,19,0,0,30.5886
1534,15:55:00,15:55:00,12,20,0,0,32.4487
1534,15:58:00,15:58:00,18,21,0,0,33.3576
1534,16:04:00,16:04:00,45,22,0,0,37.2792
1534,16:08:00,16:08:00,117,23,0,0,39.3375
1534,16:13:00,16:13:00,49,24,0,0,40.2339
1535,19:44:00,19:44:00,63,1,0,0,0.0000
1535,20:02:00,20:02:00,106,2,0,0,7.7884
1535,20:07:00,20:07:00,37,3,0,0,10.0032
1535,20:10:00,20:10:00,23,4,0,0,10.5193
1535,20:13:00,20:13:00,112,5,0,0,11.4127
1535,20:15:00,20:15:00,61,6,0,0,12.0665
1535,20:17:00,20:17:00,97,7,0,0,12.9947
1535,20:20:00,20:20:00,140,8,0,0,13.7527
1535,20:23:00,20:23:00,81,9,0,0,15.0345
1535,20:26:00,20:26:00,87,10,0,0,16.5638
1535,20:29:00,20:29:00,136,11,0,0,17.6114
1535,20:34:00,20:34:00,145,12,0,0,19.4900
1535,20:39:00,20:39:00,104,13,0,0,21.0235
1535,20:42:00,20:42:00,99,14,0,0,22.4795
1535,20:46:00,20:46:00,17,15,0,0,24.7250
1535,20:49:00,20:49:00,48,16,0,0,26.0983
1535,20:52:00,20:52:00,143,17,0,0,27.4527
1535,20:55:00,20:55:00,88,18,0,0,29.0205
1535,20:58:00,20:58:00,76,19,0,0,30.5886
1535,21:01:00,21:01:00,12,20,0,0,32.4487
1535,21:04:00,21:04:00,18,21,0,0,33.3576
1535,21:10:00,21:10:00,45,22,0,0,37.2792
1535,21:14:00,21:14:00,117,23,0,0,39.3375
1535,21:20:00,21:20:00,49,24,0,0,40.2339
1536,20:44:00,20:44:00,63,1,0,0,0.0000
1536,21:02:00,21:02:00,106,2,0,0,7.7884
1536,21:07:00,21:07:00,37,3,0,0,10.0032
1536,21:09:00,21:09:00,23,4,0,0,10.5193
1536,21:12:00,21:12:00,112,5,0,0,11.4127
1536,21:14:00,21:14:00,61,6,0,0,12.0665
1536,21:16:00,21:16:00,97,7,0,0,12.9947
1536,21:18:00,21:18:00,140,8,0,0,13.7527
1536,21:21:00,21:21:00,81,9,0,0,15.0345
1536,21:25:00,21:25:00,87,10,0,0,16.5638
1536,21:28:00,21:28:00,136,11,0,0,17.6114
1536,21:33:00,21:33:00,145,12,0,0,19.4900
1536,21:37:00,21:37:00,104,13,0,0,21.0235
1536,21:43:00,21:43:00,99,14,0,0,22.4795
1536,21:48:00,21:48:00,17,15,0,0,24.7250
1536,21:51:00,21:51:00,48,16,0,0,26.0983
1536,21:54:00,21:54:00,143,17,0,0,27.4527
1536,21:57:00,21:57:00,88,18,0,0,29.0205
1536,22:00:00,22:00:00,76,19,0,0,30.5886
1536,22:03:00,22:03:00,12,20,0,0,32.4487
1536,22:06:00,22:06:00,18,21,0,0,33.3576
1536,22:12:00,22:12:00,45,22,0,0,37.2792
1536,22:16:00,22:16:00,117,23,0,0,39.3375
1536,22:22:00,22:22:00,49,24,0,0,40.2339
1537,21:44:00,21:44:00,63,1,0,0,0.0000
1537,22:02:00,22:02:00,106,2,0,0,7.7884
1537,22:07:00,22:07:00,37,3,0,0,10.0032
1537,22:09:00,22:09:00,23,4,0,0,10.5193
1537,22:12:00,22:12:00,112,5,0,0,11.4127
1537,22:14:00,22:14:00,61,6,0,0,12.0665
1537,22:16:00,22:16:00,97,7,0,0,12.9947
1537,22:18:00,22:18:00,140,8,0,0,13.7527
1537,22:21:00,22:21:00,81,9,0,0,15.0345
1537,22:25:00,22:25:00,87,10,0,0,16.5638
1537,22:28:00,22:28:00,136,11,0,0,17.6114
1537,22:33:00,22:33:00,145,12,0,0,19.4900
1537,22:37:00,22:37:00,104,13,0,0,21.0235
1537,22:40:00,22:40:00,99,14,0,0,22.4795
1537,22:44:00,22:44:00,17,15,0,0,24.7250
1537,22:47:00,22:47:00,48,16,0,0,26.0983
1537,22:50:00,22:50:00,143,17,0,0,27.4527
1537,22:53:00,22:53:00,88,18,0,0,29.0205
1537,22:56:00,22:56:00,76,19,0,0,30.5886
1537,22:59:00,22:59:00,12,20,0,0,32.4487
1537,23:02:00,23:02:00,18,21,0,0,33.3576
1537,23:08:00,23:08:00,45,22,0,0,37.2792
1537,23:12:00,23:12:00,117,23,0,0,39.3375
1537,23:18:00,23:18:00,49,24,0,0,40.2339
1538,22:49:00,22:49:00,63,1,0,0,0.0000
1538,23:07:00,23:07:00,106,2,0,0,7.7884
1538,23:12:00,23:12:00,37,3,0,0,10.0032
1538,23:14:00,23:14:00,23,4,0,0,10.5193
1538,23:17:00,23:17:00,112,5,0,0,11.4127
1538,23:19:00,23:19:00,61,6,0,0,12.0665
1538,23:21:00,23:21:00,97,7,0,0,12.9947
1538,23:23:00,23:23:00,140,8,0,0,13.7527
1538,23:26:00,23:26:00,81,9,0,0,15.0345
1538,23:30:00,23:30:00,87,10,0,0,16.5638
1538,23:33:00,23:33:00,136,11,0,0,17.6114
1538,23:38:00,23:38:00,145,12,0,0,19.4900
1538,23:42:00,23:42:00,104,13,0,0,21.0235
1538,23:45:00,23:45:00,99,14,0,0,22.4795
1538,23:49:00,23:49:00,17,15,0,0,24.7250
1538,23:52:00,23:52:00,48,16,0,0,26.0983
1538,23:55:00,23:55:00,143,17,0,0,27.4527
1538,23:58:00,23:58:00,88,18,0,0,29.0205
1538,24:01:00,24:01:00,76,19,0,0,30.5886
1538,24:04:00,24:04:00,12,20,0,0,32.4487
1538,24:07:00,24:07:00,18,21,0,0,33.3576
1538,24:13:00,24:13:00,45,22,0,0,37.2792
1538,24:17:00,24:17:00,117,23,0,0,39.3375
1538,24:23:00,24:23:00,49,24,0,0,40.2339
1539,23:54:00,23:54:00,63,1,0,0,0.0000
1539,24:12:00,24:12:00,106,2,0,0,7.7884
1539,24:17:00,24:17:00,37,3,0,0,10.0032
1539,24:19:00,24:19:00,23,4,0,0,10.5193
1539,24:22:00,24:22:00,112,5,0,0,11.4127
1539,24:24:00,24:24:00,61,6,0,0,12.0665
1539,24:27:00,24:27:00,97,7,0,0,12.9947
1539,24:29:00,24:29:00,140,8,0,0,13.7527
1539,24:32:00,24:32:00,81,9,0,0,15.0345
1539,24:36:00,24:36:00,87,10,0,0,16.5638
1539,24:39:00,24:39:00,136,11,0,0,17.6114
1539,24:45:00,24:55:00,145,12,0,0,19.4900
1539,24:58:00,24:58:00,104,13,0,0,21.0235
1539,25:01:00,25:01:00,99,14,0,0,22.4795
1539,25:04:00,25:04:00,17,15,0,0,24.7250
1539,25:07:00,25:07:00,48,16,0,0,26.0983
1539,25:10:00,25:10:00,143,17,0,0,27.4527
1539,25:13:00,25:13:00,88,18,0,0,29.0205
1539,25:16:00,25:16:00,76,19,0,0,30.5886
1539,25:19:00,25:19:00,12,20,0,0,32.4487
1539,25:22:00,25:22:00,18,21,0,0,33.3576
1539,25:28:00,25:28:00,45,22,0,0,37.2792
1539,25:32:00,25:32:00,117,23,0,0,39.3375
1539,25:38:00,25:38:00,49,24,0,0,40.2339
1540,07:14:00,07:14:00,145,1,0,0,0.0000
1540,07:17:00,07:17:00,104,2,0,0,1.5335
1540,07:20:00,07:20:00,99,3,0,0,2.9896
1540,07:24:00,07:24:00,17,4,0,0,5.2350
1540,07:27:00,07:27:00,48,5,0,0,6.6083
1540,07:30:00,07:30:00,143,6,0,0,7.9627
1540,07:34:00,07:34:00,88,7,0,0,9.5305
1540,07:39:00,07:39:00,76,8,0,0,11.0987
1540,07:45:00,07:45:00,12,9,0,0,12.9587
1540,07:49:00,07:49:00,18,10,0,0,13.8676
1540,07:56:00,07:56:00,45,11,0,0,17.7892
1540,08:01:00,08:01:00,117,12,0,0,19.8475
1540,08:05:00,08:05:00,49,13,0,0,20.7439
1541,08:14:00,08:14:00,145,1,0,0,0.0000
1541,08:17:00,08:17:00,104,2,0,0,1.5335
1541,08:20:00,08:20:00,99,3,0,0,2.9896
1541,08:24:00,08:24:00,17,4,0,0,5.2350
1541,08:27:00,08:27:00,48,5,0,0,6.6083
1541,08:30:00,08:30:00,143,6,0,0,7.9627
1541,08:34:00,08:34:00,88,7,0,0,9.5305
1541,08:39:00,08:39:00,76,8,0,0,11.0987
1541,08:45:00,08:45:00,12,9,0,0,12.9587
1541,08:49:00,08:49:00,18,10,0,0,13.8676
1541,08:56:00,08:56:00,45,11,0,0,17.7892
1541,09:01:00,09:01:00,117,12,0,0,19.8475
1541,09:05:00,09:05:00,49,13,0,0,20.7439
1542,09:14:00,09:14:00,145,1,0,0,0.0000
1542,09:17:00,09:17:00,104,2,0,0,1.5335
1542,09:20:00,09:20:00,99,3,0,0,2.9896
1542,09:24:00,09:24:00,17,4,0,0,5.2350
1542,09:27:00,09:27:00,48,5,0,0,6.6083
1542,09:30:00,09:30:00,143,6,0,0,7.9627
1542,09:34:00,09:34:00,88,7,0,0,9.5305
1542,09:39:00,09:39:00,76,8,0,0,11.0987
1542,09:45:00,09:45:00,12,9,0,0,12.9587
1542,09:49:00,09:49:00,18,10,0,0,13.8676
1542,09:56:00,09:56:00,45,11,0,0,17.7892
1542,10:01:00,10:01:00,117,12,0,0,19.8475
1542,10:05:00,10:05:00,49,13,0,0,20.7439
1543,10:14:00,10:14:00,145,1,0,0,0.0000
1543,10:17:00,10:17:00,104,2,0,0,1.5335
1543,10:20:00,10:20:00,99,3,0,0,2.9896
1543,10:24:00,10:24:00,17,4,0,0,5.2350
1543,10:27:00,10:27:00,48,5,0,0,6.6083
1543,10:30:00,10:30:00,143,6,0,0,7.9627
1543,10:34:00,10:34:00,88,7,0,0,9.5305
1543,10:39:00,10:39:00,76,8,0,0,11.0987
1543,10:45:00,10:45:00,12,9,0,0,12.9587
1543,10:49:00,10:49:00,18,10,0,0,13.8676
1543,10:56:00,10:56:00,45,11,0,0,17.7892
1543,11:01:00,11:01:00,117,12,0,0,19.8475
1543,11:05:00,11:05:00,49,13,0,0,20.7439
1544,11:14:00,11:14:00,145,1,0,0,0.0000
1544,11:17:00,11:17:00,104,2,0,0,1.5335
1544,11:20:00,11:20:00,99,3,0,0,2.9896
1544,11:24:00,11:24:00,17,4,0,0,5.2350
1544,11:27:00,11:27:00,48,5,0,0,6.6083
1544,11:30:00,11:30:00,143,6,0,0,7.9627
1544,11:34:00,11:34:00,88,7,0,0,9.5305
1544,11:39:00,11:39:00,76,8,0,0,11.0987
1544,11:45:00,11:45:00,12,9,0,0,12.9587
1544,11:49:00,11:49:00,18,10,0,0,13.8676
1544,11:56:00,11:56:00,45,11,0,0,17.7892
1544,12:01:00,12:01:00,117,12,0,0,19.8475
1544,12:05:00,12:05:00,49,13,0,0,20.7439
1545,12:14:00,12:14:00,145,1,0,0,0.0000
1545,12:17:00,12:17:00,104,2,0,0,1.5335
1545,12:20:00,12:20:00,99,3,0,0,2.9896
1545,12:24:00,12:24:00,17,4,0,0,5.2350
1545,12:27:00,12:27:00,48,5,0,0,6.6083
1545,12:30:00,12:30:00,143,6,0,0,7.9627
1545,12:34:00,12:34:00,88,7,0,0,9.5305
1545,12:39:00,12:39:00,76,8,0,0,11.0987
1545,12:45:00,12:45:00,12,9,0,0,12.9587
1545,12:49:00,12:49:00,18,10,0,0,13.8676
1545,12:56:00,12:56:00,45,11,0,0,17.7892
1545,13:01:00,13:01:00,117,12,0,0,19.8475
1545,13:05:00,13:05:00,49,13,0,0,20.7439
1546,13:14:00,13:14:00,145,1,0,0,0.0000
1546,13:17:00,13:17:00,104,2,0,0,1.5335
1546,13:20:00,13:20:00,99,3,0,0,2.9896
1546,13:24:00,13:24:00,17,4,0,0,5.2350
1546,13:27:00,13:27:00,48,5,0,0,6.6083
1546,13:30:00,13:30:00,143,6,0,0,7.9627
1546,13:34:00,13:34:00,88,7,0,0,9.5305
1546,13:39:00,13:39:00,76,8,0,0,11.0987
1546,13:45:00,13:45:00,12,9,0,0,12.9587
1546,13:49:00,13:49:00,18,10,0,0,13.8676
1546,13:56:00,13:56:00,45,11,0,0,17.7892
1546,14:01:00,14:01:00,117,12,0,0,19.8475
1546,14:05:00,14:05:00,49,13,0,0,20.7439
1547,14:14:00,14:14:00,145,1,0,0,0.0000
1547,14:17:00,14:17:00,104,2,0,0,1.5335
1547,14:20:00,14:20:00,99,3,0,0,2.9896
1547,14:24:00,14:24:00,17,4,0,0,5.2350
1547,14:27:00,14:27:00,48,5,0,0,6.6083
1547,14:30:00,14:30:00,143,6,0,0,7.9627
1547,14:34:00,14:34:00,88,7,0,0,9.5305
1547,14:39:00,14:39:00,76,8,0,0,11.0987
1547,14:45:00,14:45:00,12,9,0,0,12.9587
1547,14:49:00,14:49:00,18,10,0,0,13.8676
1547,14:56:00,14:56:00,45,11,0,0,17.7892
1547,15:01:00,15:01:00,117,12,0,0,19.8475
1547,15:05:00,15:05:00,49,13,0,0,20.7439
1548,15:14:00,15:14:00,145,1,0,0,0.0000
1548,15:17:00,15:17:00,104,2,0,0,1.5335
1548,15:20:00,15:20:00,99,3,0,0,2.9896
1548,15:24:00,15:24:00,17,4,0,0,5.2350
1548,15:27:00,15:27:00,48,5,0,0,6.6083
1548,15:30:00,15:30:00,143,6,0,0,7.9627
1548,15:34:00,15:34:00,88,7,0,0,9.5305
1548,15:39:00,15:39:00,76,8,0,0,11.0987
1548,15:45:00,15:45:00,12,9,0,0,12.9587
1548,15:49:00,15:49:00,18,10,0,0,13.8676
1548,15:56:00,15:56:00,45,11,0,0,17.7892
1548,16:01:00,16:01:00,117,12,0,0,19.8475
1548,16:05:00,16:05:00,49,13,0,0,20.7439
1549,16:14:00,16:14:00,145,1,0,0,0.0000
1549,16:17:00,16:17:00,104,2,0,0,1.5335
1549,16:20:00,16:20:00,99,3,0,0,2.9896
1549,16:24:00,16:24:00,17,4,0,0,5.2350
1549,16:27:00,16:27:00,48,5,0,0,6.6083
1549,16:30:00,16:30:00,143,6,0,0,7.9627
1549,16:34:00,16:34:00,88,7,0,0,9.5305
1549,16:39:00,16:39:00,76,8,0,0,11.0987
1549,16:45:00,16:45:00,12,9,0,0,12.9587
1549,16:49:00,16:49:00,18,10,0,0,13.8676
1549,16:56:00,16:56:00,45,11,0,0,17.7892
1549,17:01:00,17:01:00,117,12,0,0,19.8475
1549,17:05:00,17:05:00,49,13,0,0,20.7439
1550,17:14:00,17:14:00,145,1,0,0,0.0000
1550,17:17:00,17:17:00,104,2,0,0,1.5335
1550,17:20:00,17:20:00,99,3,0,0,2.9896
1550,17:24:00,17:24:00,17,4,0,0,5.2350
1550,17:27:00,17:27:00,48,5,0,0,6.6083
1550,17:30:00,17:30:00,143,6,0,0,7.9627
1550,17:34:00,17:34:00,88,7,0,0,9.5305
1550,17:39:00,17:39:00,76,8,0,0,11.0987
1550,17:45:00,17:45:00,12,9,0,0,12.9587
1550,17:49:00,17:49:00,18,10,0,0,13.8676
1550,17:56:00,17:56:00,45,11,0,0,17.7892
1550,18:01:00,18:01:00,117,12,0,0,19.8475
1550,18:05:00,18:05:00,49,13,0,0,20.7439
1551,18:14:00,18:14:00,145,1,0,0,0.0000
1551,18:17:00,18:17:00,104,2,0,0,1.5335
1551,18:20:00,18:20:00,99,3,0,0,2.9896
1551,18:24:00,18:24:00,17,4,0,0,5.2350
1551,18:27:00,18:27:00,48,5,0,0,6.6083
1551,18:30:00,18:30:00,143,6,0,0,7.9627
1551,18:34:00,18:34:00,88,7,0,0,9.5305
1551,18:39:00,18:39:00,76,8,0,0,11.0987
1551,18:45:00,18:45:00,12,9,0,0,12.9587
1551,18:49:00,18:49:00,18,10,0,0,13.8676
1551,18:56:00,18:56:00,45,11,0,0,17.7892
1551,19:01:00,19:01:00,117,12,0,0,19.8475
1551,19:05:00,19:05:00,49,13,0,0,20.7439
1552,19:14:00,19:14:00,145,1,0,0,0.0000
1552,19:17:00,19:17:00,104,2,0,0,1.5335
1552,19:20:00,19:20:00,99,3,0,0,2.9896
1552,19:24:00,19:24:00,17,4,0,0,5.2350
1552,19:27:00,19:27:00,48,5,0,0,6.6083
1552,19:30:00,19:30:00,143,6,0,0,7.9627
1552,19:34:00,19:34:00,88,7,0,0,9.5305
1552,19:39:00,19:39:00,76,8,0,0,11.0987
1552,19:45:00,19:45:00,12,9,0,0,12.9587
1552,19:49:00,19:49:00,18,10,0,0,13.8676
1552,19:56:00,19:56:00,45,11,0,0,17.7892
1552,20:01:00,20:01:00,117,12,0,0,19.8475
1552,20:05:00,20:05:00,49,13,0,0,20.7439
1553,20:14:00,20:14:00,145,1,0,0,0.0000
1553,20:17:00,20:17:00,104,2,0,0,1.5335
1553,20:20:00,20:20:00,99,3,0,0,2.9896
1553,20:24:00,20:24:00,17,4,0,0,5.2350
1553,20:27:00,20:27:00,48,5,0,0,6.6083
1553,20:30:00,20:30:00,143,6,0,0,7.9627
1553,20:34:00,20:34:00,88,7,0,0,9.5305
1553,20:39:00,20:39:00,76,8,0,0,11.0987
1553,20:45:00,20:45:00,12,9,0,0,12.9587
1553,20:49:00,20:49:00,18,10,0,0,13.8676
1553,20:56:00,20:56:00,45,11,0,0,17.7892
1553,21:01:00,21:01:00,117,12,0,0,19.8475
1553,21:05:00,21:05:00,49,13,0,0,20.7439
1554,21:14:00,21:14:00,145,1,0,0,0.0000
1554,21:17:00,21:17:00,104,2,0,0,1.5335
1554,21:20:00,21:20:00,99,3,0,0,2.9896
1554,21:24:00,21:24:00,17,4,0,0,5.2350
1554,21:27:00,21:27:00,48,5,0,0,6.6083
1554,21:30:00,21:30:00,143,6,0,0,7.9627
1554,21:34:00,21:34:00,88,7,0,0,9.5305
1554,21:39:00,21:39:00,76,8,0,0,11.0987
1554,21:45:00,21:45:00,12,9,0,0,12.9587
1554,21:49:00,21:49:00,18,10,0,0,13.8676
1554,21:56:00,21:56:00,45,11,0,0,17.7892
1554,22:01:00,22:01:00,117,12,0,0,19.8475
1554,22:05:00,22:05:00,49,13,0,0,20.7439
1555,22:14:00,22:14:00,145,1,0,0,0.0000
1555,22:17:00,22:17:00,104,2,0,0,1.5335
1555,22:20:00,22:20:00,99,3,0,0,2.9896
1555,22:24:00,22:24:00,17,4,0,0,5.2350
1555,22:27:00,22:27:00,48,5,0,0,6.6083
1555,22:30:00,22:30:00,143,6,0,0,7.9627
1555,22:34:00,22:34:00,88,7,0,0,9.5305
1555,22:39:00,22:39:00,76,8,0,0,11.0987
1555,22:45:00,22:45:00,12,9,0,0,12.9587
1555,22:49:00,22:49:00,18,10,0,0,13.8676
1555,22:56:00,22:56:00,45,11,0,0,17.7892
1555,23:01:00,23:01:00,117,12,0,0,19.8475
1555,23:05:00,23:05:00,49,13,0,0,20.7439
1556,23:14:00,23:14:00,145,1,0,0,0.0000
1556,23:17:00,23:17:00,104,2,0,0,1.5335
1556,23:20:00,23:20:00,99,3,0,0,2.9896
1556,23:24:00,23:24:00,17,4,0,0,5.2350
1556,23:27:00,23:27:00,48,5,0,0,6.6083
1556,23:30:00,23:30:00,143,6,0,0,7.9627
1556,23:34:00,23:34:00,88,7,0,0,9.5305
1556,23:39:00,23:39:00,76,8,0,0,11.0987
1556,23:45:00,23:45:00,12,9,0,0,12.9587
1556,23:49:00,23:49:00,18,10,0,0,13.8676
1556,23:56:00,23:56:00,45,11,0,0,17.7892
1556,24:01:00,24:01:00,117,12,0,0,19.8475
1556,24:05:00,24:05:00,49,13,0,0,20.7439
1557,24:14:00,24:14:00,145,1,0,0,0.0000
1557,24:17:00,24:17:00,104,2,0,0,1.5335
1557,24:20:00,24:20:00,99,3,0,0,2.9896
1557,24:24:00,24:24:00,17,4,0,0,5.2350
1557,24:27:00,24:27:00,48,5,0,0,6.6083
1557,24:30:00,24:30:00,143,6,0,0,7.9627
1557,24:34:00,24:34:00,88,7,0,0,9.5305
1557,24:39:00,24:39:00,76,8,0,0,11.0987
1557,24:45:00,24:45:00,12,9,0,0,12.9587
1557,24:49:00,24:49:00,18,10,0,0,13.8676
1557,24:56:00,24:56:00,45,11,0,0,17.7892
1557,25:01:00,25:01:00,117,12,0,0,19.8475
1557,25:05:00,25:05:00,49,13,0,0,20.7439
1558,25:31:00,25:31:00,145,1,0,0,0.0000
1558,25:34:00,25:34:00,104,2,0,0,1.5335
1558,25:37:00,25:37:00,99,3,0,0,2.9896
1558,25:41:00,25:41:00,17,4,0,0,5.2350
1558,25:44:00,25:44:00,48,5,0,0,6.6083
1558,25:47:00,25:47:00,143,6,0,0,7.9627
1558,25:51:00,25:51:00,88,7,0,0,9.5305
1558,25:56:00,25:56:00,76,8,0,0,11.0987
1558,26:02:00,26:02:00,12,9,0,0,12.9587
1558,26:06:00,26:06:00,18,10,0,0,13.8676
1558,26:13:00,26:13:00,45,11,0,0,17.7892
1558,26:18:00,26:18:00,117,12,0,0,19.8475
1558,26:22:00,26:22:00,49,13,0,0,20.7439
1559,26:20:00,26:20:00,145,1,0,0,0.0000
1559,26:23:00,26:23:00,104,2,0,0,1.5335
1559,26:26:00,26:26:00,99,3,0,0,2.9896
1559,26:30:00,26:30:00,17,4,0,0,5.2350
1559,26:33:00,26:33:00,48,5,0,0,6.6083
1559,26:36:00,26:36:00,143,6,0,0,7.9627
1559,26:40:00,26:40:00,88,7,0,0,9.5305
1559,26:45:00,26:45:00,76,8,0,0,11.0987
1559,26:51:00,26:51:00,12,9,0,0,12.9587
1559,26:55:00,26:55:00,18,10,0,0,13.8676
1559,27:02:00,27:02:00,45,11,0,0,17.7892
1559,27:07:00,27:07:00,117,12,0,0,19.8475
1559,27:11:00,27:11:00,49,13,0,0,20.7439
1560,05:47:00,05:47:00,148,1,0,0,0.0000
1560,05:53:00,05:53:00,32905,2,0,0,3.6538
1560,05:59:00,05:59:00,125,3,0,0,9.6248
1560,06:16:00,06:16:00,103,4,0,0,25.3610
1560,06:20:00,06:20:00,38,5,0,0,27.7278
1560,06:25:00,06:25:00,84,6,0,0,30.8036
1560,06:30:00,06:30:00,83,7,0,0,33.4072
1560,06:43:00,06:43:00,37953,8,0,0,45.3752
1560,06:49:00,06:49:00,107,9,0,0,47.8534
1560,06:56:00,06:56:00,38187,10,0,0,52.9222
1560,07:09:00,07:09:00,105,11,0,0,57.9102
1561,06:43:00,06:43:00,148,1,0,0,0.0000
1561,06:49:00,06:49:00,32905,2,0,0,3.6538
1561,06:55:00,06:55:00,125,3,0,0,9.6248
1561,07:12:00,07:12:00,103,4,0,0,25.3610
1561,07:16:00,07:16:00,38,5,0,0,27.7278
1561,07:21:00,07:21:00,84,6,0,0,30.8036
1561,07:26:00,07:26:00,83,7,0,0,33.4072
1561,07:39:00,07:39:00,37953,8,0,0,45.3752
1561,07:46:00,07:46:00,107,9,0,0,47.8534
1561,07:53:00,07:53:00,38187,10,0,0,52.9222
1561,08:07:00,08:07:00,105,11,0,0,57.9102
1562,08:10:00,08:10:00,148,1,0,0,0.0000
1562,08:16:00,08:16:00,32905,2,0,0,3.6538
1562,08:23:00,08:23:00,125,3,0,0,9.6248
1562,08:40:00,08:40:00,103,4,0,0,25.3610
1562,08:45:00,08:45:00,38,5,0,0,27.7278
1562,08:51:00,08:51:00,84,6,0,0,30.8036
1562,08:56:00,08:56:00,83,7,0,0,33.4072
1562,09:09:00,09:09:00,37953,8,0,0,45.3752
1562,09:16:00,09:16:00,107,9,0,0,47.8534
1562,09:23:00,09:23:00,38187,10,0,0,52.9222
1562,09:36:00,09:36:00,105,11,0,0,57.9102
1563,06:29:00,06:29:00,148,1,0,0,0.0000
1563,06:35:00,06:35:00,32905,2,0,0,3.6538
1563,06:42:00,06:42:00,125,3,0,0,9.6248
1563,06:58:00,06:58:00,103,4,0,0,25.3610
1563,07:02:00,07:02:00,38,5,0,0,27.7278
1563,07:07:00,07:07:00,84,6,0,0,30.8036
1563,07:12:00,07:12:00,83,7,0,0,33.4072
1563,07:25:00,07:25:00,37953,8,0,0,45.3752
1563,07:32:00,07:32:00,107,9,0,0,47.8534
1563,07:50:00,07:50:00,105,10,0,0,57.9102
1564,11:18:00,11:18:00,148,1,0,0,0.0000
1564,11:24:00,11:24:00,32905,2,0,0,3.6538
1564,11:31:00,11:31:00,125,3,0,0,9.6248
1564,11:48:00,11:48:00,103,4,0,0,25.3610
1564,11:53:00,11:53:00,38,5,0,0,27.7278
1564,11:58:00,11:58:00,84,6,0,0,30.8036
1564,12:03:00,12:03:00,83,7,0,0,33.4072
1564,12:18:00,12:18:00,37953,8,0,0,45.3752
1564,12:25:00,12:25:00,107,9,0,0,47.8534
1564,12:32:00,12:32:00,38187,10,0,0,52.9222
1564,12:44:00,12:44:00,105,11,0,0,57.9106
1565,12:42:00,12:42:00,127,1,0,0,0.0000
1565,12:46:00,12:46:00,70,2,0,0,2.0659
1565,12:52:00,12:52:00,41,3,0,0,5.3494
1565,12:55:00,12:55:00,109,4,0,0,6.3252
1565,12:59:00,12:59:00,37953,5,0,0,8.1752
1565,13:07:00,13:07:00,107,6,0,0,10.6534
1565,13:17:00,13:17:00,38187,7,0,0,15.7222
1565,13:33:00,13:33:00,105,8,0,0,20.7106
1566,08:18:00,08:18:00,148,1,0,0,0.0000
1566,08:24:00,08:24:00,32905,2,0,0,3.6538
1566,08:31:00,08:31:00,125,3,0,0,9.6248
1566,08:48:00,08:48:00,103,4,0,0,25.3610
1566,08:53:00,08:53:00,38,5,0,0,27.7278
1566,08:58:00,08:58:00,84,6,0,0,30.8036
1566,09:03:00,09:03:00,83,7,0,0,33.4072
1566,09:21:00,09:21:00,37953,8,0,0,45.3752
1566,09:29:00,09:29:00,107,9,0,0,47.8534
1566,09:36:00,09:36:00,38187,10,0,0,52.9222
1566,09:48:00,09:48:00,105,11,0,0,57.9102
1567,09:18:00,09:18:00,148,1,0,0,0.0000
1567,09:24:00,09:24:00,32905,2,0,0,3.6538
1567,09:31:00,09:31:00,125,3,0,0,9.6248
1567,09:48:00,09:48:00,103,4,0,0,25.3610
1567,09:53:00,09:53:00,38,5,0,0,27.7278
1567,09:58:00,09:58:00,84,6,0,0,30.8036
1567,10:03:00,10:03:00,83,7,0,0,33.4072
1567,10:18:00,10:18:00,37953,8,0,0,45.3752
1567,10:24:00,10:24:00,107,9,0,0,47.8534
1567,10:31:00,10:31:00,38187,10,0,0,52.9222
1567,10:43:00,10:43:00,105,11,0,0,57.9102
1568,12:17:00,12:17:00,148,1,0,0,0.0000
1568,12:23:00,12:23:00,32905,2,0,0,3.6538
1568,12:30:00,12:30:00,125,3,0,0,9.6248
1568,12:47:00,12:47:00,103,4,0,0,25.3610
1568,12:52:00,12:52:00,38,5,0,0,27.7278
1568,12:57:00,12:57:00,84,6,0,0,30.8036
1568,13:02:00,13:02:00,83,7,0,0,33.4072
1568,13:17:00,13:17:00,37953,8,0,0,45.3752
1568,13:24:00,13:24:00,107,9,0,0,47.8534
1568,13:31:00,13:31:00,38187,10,0,0,52.9222
1568,13:44:00,13:44:00,105,11,0,0,57.9102
1569,13:18:00,13:18:00,148,1,0,0,0.0000
1569,13:24:00,13:24:00,32905,2,0,0,3.6538
1569,13:31:00,13:31:00,125,3,0,0,9.6248
1569,13:48:00,13:48:00,103,4,0,0,25.3610
1569,13:53:00,13:53:00,38,5,0,0,27.7278
1569,13:58:00,13:58:00,84,6,0,0,30.8036
1569,14:03:00,14:03:00,83,7,0,0,33.4072
1569,14:18:00,14:18:00,37953,8,0,0,45.3752
1569,14:24:00,14:24:00,107,9,0,0,47.8534
1569,14:31:00,14:31:00,38187,10,0,0,52.9222
1569,14:44:00,14:44:00,105,11,0,0,57.9102
1570,15:22:00,15:22:00,148,1,0,0,0.0000
1570,15:29:00,15:29:00,32905,2,0,0,3.6538
1570,15:36:00,15:36:00,125,3,0,0,9.6248
1570,15:51:00,15:51:00,103,4,0,0,25.3610
1570,15:55:00,15:55:00,38,5,0,0,27.7278
1570,16:01:00,16:01:00,84,6,0,0,30.8036
1570,16:06:00,16:06:00,83,7,0,0,33.4072
1570,16:20:00,16:20:00,37953,8,0,0,45.3752
1570,16:26:00,16:26:00,107,9,0,0,47.8534
1570,16:33:00,16:33:00,38187,10,0,0,52.9222
1570,16:46:00,16:46:00,105,11,0,0,57.9102
1571,16:18:00,16:18:00,148,1,0,0,0.0000
1571,16:24:00,16:24:00,32905,2,0,0,3.6538
1571,16:31:00,16:31:00,125,3,0,0,9.6248
1571,16:48:00,16:48:00,103,4,0,0,25.3610
1571,16:53:00,16:53:00,38,5,0,0,27.7278
1571,16:58:00,16:58:00,84,6,0,0,30.8036
1571,17:03:00,17:03:00,83,7,0,0,33.4072
1571,17:18:00,17:18:00,37953,8,0,0,45.3752
1571,17:25:00,17:25:00,107,9,0,0,47.8534
1571,17:32:00,17:32:00,38187,10,0,0,52.9222
1571,17:48:00,17:48:00,105,11,0,0,57.9102
1572,17:19:00,17:19:00,148,1,0,0,0.0000
1572,17:25:00,17:25:00,32905,2,0,0,3.6538
1572,17:32:00,17:32:00,125,3,0,0,9.6248
1572,17:49:00,17:49:00,103,4,0,0,25.3610
1572,17:54:00,17:54:00,38,5,0,0,27.7278
1572,17:59:00,17:59:00,84,6,0,0,30.8036
1572,18:04:00,18:04:00,83,7,0,0,33.4072
1572,18:18:00,18:18:00,37953,8,0,0,45.3752
1572,18:24:00,18:24:00,107,9,0,0,47.8534
1572,18:31:00,18:31:00,38187,10,0,0,52.9222
1572,18:44:00,18:44:00,105,11,0,0,57.9102
1573,18:20:00,18:20:00,148,1,0,0,0.0000
1573,18:27:00,18:27:00,32905,2,0,0,3.6538
1573,18:34:00,18:34:00,125,3,0,0,9.6248
1573,18:51:00,18:51:00,103,4,0,0,25.3610
1573,18:55:00,18:55:00,38,5,0,0,27.7278
1573,19:01:00,19:01:00,84,6,0,0,30.8036
1573,19:06:00,19:06:00,83,7,0,0,33.4072
1573,19:21:00,19:21:00,37953,8,0,0,45.3752
1573,19:29:00,19:29:00,107,9,0,0,47.8534
1573,19:36:00,19:36:00,38187,10,0,0,52.9222
1573,19:50:00,19:50:00,105,11,0,0,57.9102
1574,07:18:00,07:18:00,148,1,0,0,0.0000
1574,07:24:00,07:24:00,32905,2,0,0,3.6538
1574,07:31:00,07:31:00,125,3,0,0,9.6248
1574,07:48:00,07:48:00,103,4,0,0,25.3610
1574,07:53:00,07:53:00,38,5,0,0,27.7278
1574,07:58:00,07:58:00,84,6,0,0,30.8036
1574,08:03:00,08:03:00,83,7,0,0,33.4072
1574,08:24:00,08:24:00,37953,8,0,0,45.3752
1574,08:30:00,08:30:00,107,9,0,0,47.8534
1574,08:48:00,08:48:00,105,10,0,0,57.9102
1575,10:19:00,10:19:00,148,1,0,0,0.0000
1575,10:25:00,10:25:00,32905,2,0,0,3.6538
1575,10:32:00,10:32:00,125,3,0,0,9.6248
1575,10:49:00,10:49:00,103,4,0,0,25.3610
1575,10:54:00,10:54:00,38,5,0,0,27.7278
1575,10:59:00,10:59:00,84,6,0,0,30.8036
1575,11:04:00,11:04:00,83,7,0,0,33.4072
1575,11:24:00,11:24:00,37953,8,0,0,45.3752
1575,11:30:00,11:30:00,107,9,0,0,47.8534
1575,11:37:00,11:37:00,38187,10,0,0,52.9222
1575,11:50:00,11:50:00,105,11,0,0,57.9106
1576,04:57:00,04:57:00,148,1,0,0,0.0000
1576,05:03:00,05:03:00,32905,2,0,0,3.6538
1576,05:10:00,05:10:00,125,3,0,0,9.6248
1576,05:27:00,05:27:00,103,4,0,0,25.3610
1576,05:32:00,05:32:00,38,5,0,0,27.7278
1576,05:37:00,05:37:00,84,6,0,0,30.8036
1576,05:42:00,05:42:00,83,7,0,0,33.4072
1576,05:49:00,05:49:00,127,8,0,0,37.2072
1576,05:53:00,05:53:00,70,9,0,0,39.2657
1576,05:59:00,05:59:00,41,10,0,0,42.5492
1576,06:04:00,06:04:00,37953,11,0,0,45.3750
1576,06:10:00,06:10:00,107,12,0,0,47.8532
1576,06:21:00,06:21:00,38187,13,0,0,52.9220
1576,06:35:00,06:35:00,105,14,0,0,57.9100
1577,05:57:00,05:57:00,148,1,0,0,0.0000
1577,06:03:00,06:03:00,32905,2,0,0,3.6538
1577,06:10:00,06:10:00,125,3,0,0,9.6248
1577,06:27:00,06:27:00,103,4,0,0,25.3610
1577,06:32:00,06:32:00,38,5,0,0,27.7278
1577,06:37:00,06:37:00,84,6,0,0,30.8036
1577,06:42:00,06:42:00,83,7,0,0,33.4072
1577,06:49:00,06:49:00,127,8,0,0,37.2072
1577,06:53:00,06:53:00,70,9,0,0,39.2657
1577,06:59:00,06:59:00,41,10,0,0,42.5492
1577,07:04:00,07:04:00,37953,11,0,0,45.3750
1577,07:10:00,07:10:00,107,12,0,0,47.8532
1577,07:18:00,07:18:00,38187,13,0,0,52.9220
1577,07:35:00,07:35:00,105,14,0,0,57.9100
1578,06:57:00,06:57:00,148,1,0,0,0.0000
1578,07:03:00,07:03:00,32905,2,0,0,3.6538
1578,07:10:00,07:10:00,125,3,0,0,9.6248
1578,07:27:00,07:27:00,103,4,0,0,25.3610
1578,07:32:00,07:32:00,38,5,0,0,27.7278
1578,07:37:00,07:37:00,84,6,0,0,30.8036
1578,07:42:00,07:42:00,83,7,0,0,33.4072
1578,07:49:00,07:49:00,127,8,0,0,37.2072
1578,07:53:00,07:53:00,70,9,0,0,39.2657
1578,07:59:00,07:59:00,41,10,0,0,42.5492
1578,08:04:00,08:04:00,37953,11,0,0,45.3750
1578,08:10:00,08:10:00,107,12,0,0,47.8532
1578,08:18:00,08:18:00,38187,13,0,0,52.9220
1578,08:32:00,08:32:00,105,14,0,0,57.9100
1579,07:57:00,07:57:00,148,1,0,0,0.0000
1579,08:03:00,08:03:00,32905,2,0,0,3.6538
1579,08:10:00,08:10:00,125,3,0,0,9.6248
1579,08:27:00,08:27:00,103,4,0,0,25.3610
1579,08:32:00,08:32:00,38,5,0,0,27.7278
1579,08:37:00,08:37:00,84,6,0,0,30.8036
1579,08:42:00,08:42:00,83,7,0,0,33.4072
1579,08:49:00,08:49:00,127,8,0,0,37.2072
1579,08:53:00,08:53:00,70,9,0,0,39.2657
1579,08:59:00,08:59:00,41,10,0,0,42.5492
1579,09:04:00,09:04:00,37953,11,0,0,45.3750
1579,09:10:00,09:10:00,107,12,0,0,47.8532
1579,09:18:00,09:18:00,38187,13,0,0,52.9220
1579,09:33:00,09:33:00,105,14,0,0,57.9100
1580,08:59:00,08:59:00,148,1,0,0,0.0000
1580,09:05:00,09:05:00,32905,2,0,0,3.6538
1580,09:12:00,09:12:00,125,3,0,0,9.6248
1580,09:29:00,09:29:00,103,4,0,0,25.3610
1580,09:34:00,09:34:00,38,5,0,0,27.7278
1580,09:39:00,09:39:00,84,6,0,0,30.8036
1580,09:44:00,09:44:00,83,7,0,0,33.4072
1580,09:51:00,09:51:00,127,8,0,0,37.2072
1580,09:55:00,09:55:00,70,9,0,0,39.2657
1580,10:01:00,10:01:00,41,10,0,0,42.5492
1580,10:06:00,10:06:00,37953,11,0,0,45.3750
1580,10:12:00,10:12:00,107,12,0,0,47.8532
1580,10:21:00,10:21:00,38187,13,0,0,52.9220
1580,10:37:00,10:37:00,105,14,0,0,57.9100
1581,09:59:00,09:59:00,148,1,0,0,0.0000
1581,10:05:00,10:05:00,32905,2,0,0,3.6538
1581,10:12:00,10:12:00,125,3,0,0,9.6248
1581,10:29:00,10:29:00,103,4,0,0,25.3610
1581,10:34:00,10:34:00,38,5,0,0,27.7278
1581,10:39:00,10:39:00,84,6,0,0,30.8036
1581,10:44:00,10:44:00,83,7,0,0,33.4072
1581,10:51:00,10:51:00,127,8,0,0,37.2072
1581,10:55:00,10:55:00,70,9,0,0,39.2657
1581,11:01:00,11:01:00,41,10,0,0,42.5492
1581,11:06:00,11:06:00,37953,11,0,0,45.3750
1581,11:12:00,11:12:00,107,12,0,0,47.8532
1581,11:20:00,11:20:00,38187,13,0,0,52.9220
1581,11:34:00,11:34:00,105,14,0,0,57.9100
1582,10:59:00,10:59:00,148,1,0,0,0.0000
1582,11:05:00,11:05:00,32905,2,0,0,3.6538
1582,11:12:00,11:12:00,125,3,0,0,9.6248
1582,11:29:00,11:29:00,103,4,0,0,25.3610
1582,11:34:00,11:34:00,38,5,0,0,27.7278
1582,11:39:00,11:39:00,84,6,0,0,30.8036
1582,11:44:00,11:44:00,83,7,0,0,33.4072
1582,11:51:00,11:51:00,127,8,0,0,37.2072
1582,11:55:00,11:55:00,70,9,0,0,39.2657
1582,12:01:00,12:01:00,41,10,0,0,42.5492
1582,12:06:00,12:06:00,37953,11,0,0,45.3750
1582,12:12:00,12:12:00,107,12,0,0,47.8532
1582,12:20:00,12:20:00,38187,13,0,0,52.9220
1582,12:36:00,12:36:00,105,14,0,0,57.9100
1583,11:59:00,11:59:00,148,1,0,0,0.0000
1583,12:05:00,12:05:00,32905,2,0,0,3.6538
1583,12:12:00,12:12:00,125,3,0,0,9.6248
1583,12:29:00,12:29:00,103,4,0,0,25.3610
1583,12:34:00,12:34:00,38,5,0,0,27.7278
1583,12:39:00,12:39:00,84,6,0,0,30.8036
1583,12:44:00,12:44:00,83,7,0,0,33.4072
1583,12:51:00,12:51:00,127,8,0,0,37.2072
1583,12:55:00,12:55:00,70,9,0,0,39.2657
1583,13:01:00,13:01:00,41,10,0,0,42.5492
1583,13:06:00,13:06:00,37953,11,0,0,45.3750
1583,13:12:00,13:12:00,107,12,0,0,47.8532
1583,13:20:00,13:20:00,38187,13,0,0,52.9220
1583,13:35:00,13:35:00,105,14,0,0,57.9100
1584,13:59:00,13:59:00,148,1,0,0,0.0000
1584,14:06:00,14:06:00,32905,2,0,0,3.6538
1584,14:13:00,14:13:00,125,3,0,0,9.6248
1584,14:29:00,14:29:00,103,4,0,0,25.3610
1584,14:34:00,14:34:00,38,5,0,0,27.7278
1584,14:39:00,14:39:00,84,6,0,0,30.8036
1584,14:44:00,14:44:00,83,7,0,0,33.4072
1584,14:51:00,14:51:00,127,8,0,0,37.2072
1584,14:55:00,14:55:00,70,9,0,0,39.2657
1584,15:01:00,15:01:00,41,10,0,0,42.5492
1584,15:06:00,15:06:00,37953,11,0,0,45.3750
1584,15:12:00,15:12:00,107,12,0,0,47.8532
1584,15:20:00,15:20:00,38187,13,0,0,52.9220
1584,15:34:00,15:34:00,105,14,0,0,57.9100
1585,14:57:00,14:57:00,148,1,0,0,0.0000
1585,15:03:00,15:03:00,32905,2,0,0,3.6538
1585,15:10:00,15:10:00,125,3,0,0,9.6248
1585,15:27:00,15:27:00,103,4,0,0,25.3610
1585,15:32:00,15:32:00,38,5,0,0,27.7278
1585,15:37:00,15:37:00,84,6,0,0,30.8036
1585,15:42:00,15:42:00,83,7,0,0,33.4072
1585,15:49:00,15:49:00,127,8,0,0,37.2072
1585,15:53:00,15:53:00,70,9,0,0,39.2657
1585,15:59:00,15:59:00,41,10,0,0,42.5492
1585,16:04:00,16:04:00,37953,11,0,0,45.3750
1585,16:10:00,16:10:00,107,12,0,0,47.8532
1585,16:18:00,16:18:00,38187,13,0,0,52.9220
1585,16:33:00,16:33:00,105,14,0,0,57.9100
1586,16:02:00,16:02:00,148,1,0,0,0.0000
1586,16:08:00,16:08:00,32905,2,0,0,3.6538
1586,16:15:00,16:15:00,125,3,0,0,9.6248
1586,16:32:00,16:32:00,103,4,0,0,25.3610
1586,16:36:00,16:36:00,38,5,0,0,27.7278
1586,16:41:00,16:41:00,84,6,0,0,30.8036
1586,16:46:00,16:46:00,83,7,0,0,33.4072
1586,16:53:00,16:53:00,127,8,0,0,37.2072
1586,16:57:00,16:57:00,70,9,0,0,39.2657
1586,17:03:00,17:03:00,41,10,0,0,42.5492
1586,17:08:00,17:08:00,37953,11,0,0,45.3750
1586,17:15:00,17:15:00,107,12,0,0,47.8532
1586,17:23:00,17:23:00,38187,13,0,0,52.9220
1586,17:36:00,17:36:00,105,14,0,0,57.9100
1587,17:59:00,17:59:00,148,1,0,0,0.0000
1587,18:06:00,18:06:00,32905,2,0,0,3.6538
1587,18:13:00,18:13:00,125,3,0,0,9.6248
1587,18:29:00,18:29:00,103,4,0,0,25.3610
1587,18:34:00,18:34:00,38,5,0,0,27.7278
1587,18:39:00,18:39:00,84,6,0,0,30.8036
1587,18:44:00,18:44:00,83,7,0,0,33.4072
1587,18:51:00,18:51:00,127,8,0,0,37.2072
1587,18:55:00,18:55:00,70,9,0,0,39.2657
1587,19:01:00,19:01:00,41,10,0,0,42.5492
1587,19:06:00,19:06:00,37953,11,0,0,45.3750
1587,19:12:00,19:12:00,107,12,0,0,47.8532
1587,19:20:00,19:20:00,38187,13,0,0,52.9220
1587,19:34:00,19:34:00,105,14,0,0,57.9100
1588,18:57:00,18:57:00,148,1,0,0,0.0000
1588,19:03:00,19:03:00,32905,2,0,0,3.6538
1588,19:10:00,19:10:00,125,3,0,0,9.6248
1588,19:27:00,19:27:00,103,4,0,0,25.3610
1588,19:32:00,19:32:00,38,5,0,0,27.7278
1588,19:37:00,19:37:00,84,6,0,0,30.8036
1588,19:42:00,19:42:00,83,7,0,0,33.4072
1588,19:49:00,19:49:00,127,8,0,0,37.2072
1588,19:53:00,19:53:00,70,9,0,0,39.2657
1588,19:59:00,19:59:00,41,10,0,0,42.5492
1588,20:04:00,20:04:00,37953,11,0,0,45.3750
1588,20:10:00,20:10:00,107,12,0,0,47.8532
1588,20:18:00,20:18:00,38187,13,0,0,52.9220
1588,20:32:00,20:32:00,105,14,0,0,57.9100
1589,19:57:00,19:57:00,148,1,0,0,0.0000
1589,20:03:00,20:03:00,32905,2,0,0,3.6538
1589,20:10:00,20:10:00,125,3,0,0,9.6248
1589,20:27:00,20:27:00,103,4,0,0,25.3610
1589,20:32:00,20:32:00,38,5,0,0,27.7278
1589,20:37:00,20:37:00,84,6,0,0,30.8036
1589,20:42:00,20:42:00,83,7,0,0,33.4072
1589,20:49:00,20:49:00,127,8,0,0,37.2072
1589,20:53:00,20:53:00,70,9,0,0,39.2657
1589,20:59:00,20:59:00,41,10,0,0,42.5492
1589,21:04:00,21:04:00,37953,11,0,0,45.3750
1589,21:10:00,21:10:00,107,12,0,0,47.8532
1589,21:18:00,21:18:00,38187,13,0,0,52.9220
1589,21:33:00,21:33:00,105,14,0,0,57.9100
1590,20:57:00,20:57:00,148,1,0,0,0.0000
1590,21:03:00,21:03:00,32905,2,0,0,3.6538
1590,21:10:00,21:10:00,125,3,0,0,9.6248
1590,21:27:00,21:27:00,103,4,0,0,25.3610
1590,21:32:00,21:32:00,38,5,0,0,27.7278
1590,21:37:00,21:37:00,84,6,0,0,30.8036
1590,21:42:00,21:42:00,83,7,0,0,33.4072
1590,21:49:00,21:49:00,127,8,0,0,37.2072
1590,21:53:00,21:53:00,70,9,0,0,39.2657
1590,21:59:00,21:59:00,41,10,0,0,42.5492
1590,22:04:00,22:04:00,37953,11,0,0,45.3750
1590,22:10:00,22:10:00,107,12,0,0,47.8532
1590,22:17:00,22:17:00,38187,13,0,0,52.9220
1590,22:32:00,22:32:00,105,14,0,0,57.9100
1591,21:57:00,21:57:00,148,1,0,0,0.0000
1591,22:03:00,22:03:00,32905,2,0,0,3.6538
1591,22:10:00,22:10:00,125,3,0,0,9.6248
1591,22:27:00,22:27:00,103,4,0,0,25.3610
1591,22:32:00,22:32:00,38,5,0,0,27.7278
1591,22:37:00,22:37:00,84,6,0,0,30.8036
1591,22:42:00,22:42:00,83,7,0,0,33.4072
1591,22:49:00,22:49:00,127,8,0,0,37.2072
1591,22:53:00,22:53:00,70,9,0,0,39.2657
1591,22:59:00,22:59:00,41,10,0,0,42.5492
1591,23:04:00,23:04:00,37953,11,0,0,45.3750
1591,23:10:00,23:10:00,107,12,0,0,47.8532
1591,23:17:00,23:17:00,38187,13,0,0,52.9220
1591,23:32:00,23:32:00,105,14,0,0,57.9100
1592,22:57:00,22:57:00,148,1,0,0,0.0000
1592,23:03:00,23:03:00,32905,2,0,0,3.6538
1592,23:10:00,23:10:00,125,3,0,0,9.6248
1592,23:27:00,23:27:00,103,4,0,0,25.3610
1592,23:32:00,23:32:00,38,5,0,0,27.7278
1592,23:37:00,23:37:00,84,6,0,0,30.8036
1592,23:42:00,23:42:00,83,7,0,0,33.4072
1592,23:49:00,23:49:00,127,8,0,0,37.2072
1592,23:53:00,23:53:00,70,9,0,0,39.2657
1592,23:59:00,23:59:00,41,10,0,0,42.5492
1592,24:04:00,24:04:00,37953,11,0,0,45.3750
1592,24:10:00,24:10:00,107,12,0,0,47.8532
1592,24:17:00,24:17:00,38187,13,0,0,52.9220
1592,24:32:00,24:32:00,105,14,0,0,57.9100
1593,16:59:00,16:59:00,148,1,0,0,0.0000
1593,17:05:00,17:05:00,32905,2,0,0,3.6538
1593,17:12:00,17:12:00,125,3,0,0,9.6248
1593,17:29:00,17:29:00,103,4,0,0,25.3610
1593,17:34:00,17:34:00,38,5,0,0,27.7278
1593,17:39:00,17:39:00,84,6,0,0,30.8036
1593,17:44:00,17:44:00,83,7,0,0,33.4072
1593,17:51:00,17:51:00,127,8,0,0,37.2072
1593,17:55:00,17:55:00,70,9,0,0,39.2657
1593,18:01:00,18:01:00,41,10,0,0,42.5492
1593,18:06:00,18:06:00,37953,11,0,0,45.3750
1593,18:12:00,18:12:00,107,12,0,0,47.8532
1593,18:20:00,18:20:00,38187,13,0,0,52.9220
1593,18:33:00,18:33:00,105,14,0,0,57.9100
1594,25:00:00,25:00:00,148,1,0,0,0.0000
1594,25:06:00,25:06:00,32905,2,0,0,3.6538
1594,25:14:00,25:14:00,125,3,0,0,9.6248
1594,25:30:00,25:30:00,103,4,0,0,25.3610
1594,25:35:00,25:35:00,38,5,0,0,27.7278
1594,25:40:00,25:40:00,84,6,0,0,30.8036
1594,25:45:00,25:45:00,83,7,0,0,33.4072
1594,25:52:00,25:52:00,127,8,0,0,37.2072
1594,25:56:00,25:56:00,70,9,0,0,39.2657
1594,26:02:00,26:02:00,41,10,0,0,42.5492
1594,26:07:00,26:07:00,37953,11,0,0,45.3750
1594,26:13:00,26:13:00,107,12,0,0,47.8532
1594,26:21:00,26:21:00,38187,13,0,0,52.9220
1594,26:46:00,26:46:00,105,14,0,0,57.9104
1595,12:57:00,12:57:00,148,1,0,0,0.0000
1595,13:03:00,13:03:00,32905,2,0,0,3.6538
1595,13:10:00,13:10:00,125,3,0,0,9.6248
1595,13:27:00,13:27:00,103,4,0,0,25.3610
1595,13:32:00,13:32:00,38,5,0,0,27.7278
1595,13:37:00,13:37:00,84,6,0,0,30.8036
1595,13:42:00,13:42:00,83,7,0,0,33.4072
1595,13:49:00,13:49:00,127,8,0,0,37.2072
1595,13:53:00,13:53:00,70,9,0,0,39.2657
1595,13:59:00,13:59:00,41,10,0,0,42.5492
1595,14:04:00,14:04:00,37953,11,0,0,45.3750
1595,14:10:00,14:10:00,107,12,0,0,47.8532
1595,14:18:00,14:18:00,38187,13,0,0,52.9220
1595,14:33:00,14:33:00,105,14,0,0,57.9104
1596,23:57:00,23:57:00,148,1,0,0,0.0000
1596,24:03:00,24:03:00,32905,2,0,0,3.6538
1596,24:10:00,24:10:00,125,3,0,0,9.6248
1596,24:27:00,24:27:00,103,4,0,0,25.3610
1596,24:32:00,24:32:00,38,5,0,0,27.7278
1596,24:37:00,24:37:00,84,6,0,0,30.8036
1596,24:42:00,24:42:00,83,7,0,0,33.4072
1596,24:49:00,24:49:00,127,8,0,0,37.2072
1596,24:53:00,24:53:00,70,9,0,0,39.2657
1596,24:59:00,24:59:00,41,10,0,0,42.5492
1596,25:04:00,25:04:00,37953,11,0,0,45.3750
1596,25:10:00,25:10:00,107,12,0,0,47.8532
1596,25:17:00,25:17:00,38187,13,0,0,52.9220
1596,25:36:00,25:36:00,105,14,0,0,57.9104
1597,18:15:00,18:15:00,38187,1,0,0,0.0000
1597,18:30:00,18:30:00,105,2,0,0,4.9881
1598,19:15:00,19:15:00,38187,1,0,0,0.0000
1598,19:32:00,19:32:00,105,2,0,0,4.9881
1599,20:15:00,20:15:00,38187,1,0,0,0.0000
1599,20:30:00,20:30:00,105,2,0,0,4.9881
1600,21:15:00,21:15:00,38187,1,0,0,0.0000
1600,21:31:00,21:31:00,105,2,0,0,4.9881
1601,22:15:00,22:15:00,38187,1,0,0,0.0000
1601,22:30:00,22:30:00,105,2,0,0,4.9884
1602,09:43:00,09:43:00,127,1,0,0,0.0000
1602,09:47:00,09:47:00,70,2,0,0,2.0659
1602,09:53:00,09:53:00,41,3,0,0,5.3494
1602,09:56:00,09:56:00,109,4,0,0,6.3252
1602,10:00:00,10:00:00,37953,5,0,0,8.1752
1602,10:08:00,10:08:00,107,6,0,0,10.6534
1602,10:16:00,10:16:00,38187,7,0,0,15.7222
1602,10:35:00,10:35:00,105,8,0,0,20.7102
1603,10:42:00,10:42:00,127,1,0,0,0.0000
1603,10:46:00,10:46:00,70,2,0,0,2.0659
1603,10:52:00,10:52:00,41,3,0,0,5.3494
1603,10:55:00,10:55:00,109,4,0,0,6.3252
1603,10:59:00,10:59:00,37953,5,0,0,8.1752
1603,11:07:00,11:07:00,107,6,0,0,10.6534
1603,11:15:00,11:15:00,38187,7,0,0,15.7222
1603,11:31:00,11:31:00,105,8,0,0,20.7102
1604,11:42:00,11:42:00,127,1,0,0,0.0000
1604,11:46:00,11:46:00,70,2,0,0,2.0659
1604,11:52:00,11:52:00,41,3,0,0,5.3494
1604,11:55:00,11:55:00,109,4,0,0,6.3252
1604,11:59:00,11:59:00,37953,5,0,0,8.1752
1604,12:07:00,12:07:00,107,6,0,0,10.6534
1604,12:15:00,12:15:00,38187,7,0,0,15.7222
1604,12:31:00,12:31:00,105,8,0,0,20.7106
1605,23:18:00,23:18:00,148,1,0,0,0.0000
1605,23:24:00,23:24:00,32905,2,0,0,3.6538
1605,23:31:00,23:31:00,125,3,0,0,9.6248
1605,23:46:00,23:46:00,103,4,0,0,25.3610
1605,23:50:00,23:50:00,38,5,0,0,27.7278
1605,23:55:00,23:55:00,84,6,0,0,30.8036
1605,24:00:00,24:00:00,83,7,0,0,33.4072
1605,24:07:00,24:07:00,127,8,0,0,37.2072
1605,24:11:00,24:11:00,70,9,0,0,39.2657
1605,24:17:00,24:17:00,41,10,0,0,42.5492
1605,24:20:00,24:20:00,109,11,0,0,43.5250
1605,24:23:00,24:23:00,37953,12,0,0,45.3750
1605,24:30:00,24:30:00,107,13,0,0,47.8532
1605,24:37:00,24:37:00,38187,14,0,0,52.9220
1605,24:55:00,24:55:00,105,15,0,0,57.9100
1606,23:18:00,23:18:00,148,1,0,0,0.0000
1606,23:24:00,23:24:00,32905,2,0,0,3.6538
1606,23:31:00,23:31:00,125,3,0,0,9.6248
1606,23:46:00,23:46:00,103,4,0,0,25.3610
1606,23:50:00,23:50:00,38,5,0,0,27.7278
1606,23:55:00,23:55:00,84,6,0,0,30.8036
1606,24:00:00,24:00:00,83,7,0,0,33.4072
1606,24:07:00,24:07:00,127,8,0,0,37.2072
1606,24:11:00,24:11:00,70,9,0,0,39.2657
1606,24:17:00,24:17:00,41,10,0,0,42.5492
1606,24:20:00,24:20:00,109,11,0,0,43.5250
1606,24:23:00,24:23:00,37953,12,0,0,45.3750
1606,24:30:00,24:30:00,107,13,0,0,47.8532
1606,24:37:00,24:37:00,38187,14,0,0,52.9220
1606,24:55:00,24:55:00,105,15,0,0,57.9104
1607,18:38:00,18:38:00,148,1,0,0,0.0000
1607,18:44:00,18:44:00,32905,2,0,0,3.6538
1607,18:51:00,18:51:00,125,3,0,0,9.6248
